namespace AESylum.MFortress
{
	static class Patches_Steam
	{
        public static readonly Patch[] Entries =
        [
            new(0x000031CC, [0xEB, 0x16]),
			new(0x0000320D, [0xEB, 0x15]),
			new(0x00003227, [0xEB, 0x36]),
			new(0x00003C08, [0xEB, 0x1A]),
			new(0x00003C52, [0xEB, 0x36]),
			new(0x00004223, [0xEB, 0x21]),
			new(0x00004263, [0x33, 0xF6, 0x90]),
			new(0x0000431C, [0xEB, 0x18]),
			new(0x00004354, [0x33, 0xC9, 0x90]),
			new(0x00005B91, [0xEB, 0x0C]),
			new(0x00005BC2, [0xEB, 0x16]),
			new(0x00005BEA, [0x33, 0xC9, 0x90]),
			new(0x00006580, [0xEB, 0x19]),
			new(0x000065AC, [0x90, 0x90]),
			new(0x000081DC, [0xEB, 0x1B]),
			new(0x00008209, [0x33, 0xC9, 0x90]),
			new(0x0000828E, [0xEB, 0x1B]),
			new(0x000082AE, [0x33, 0xC9]),
			new(0x00008486, [0xEB, 0x19]),
			new(0x000084B4, [0x33, 0xD2, 0x90]),
			new(0x00008572, [0xEB, 0x22]),
			new(0x00008599, [0x33, 0xC0]),
			new(0x00008623, [0xEB, 0x19]),
			new(0x0000864E, [0x33, 0xC9, 0x90]),
			new(0x0000875E, [0xEB, 0x19]),
			new(0x00008794, [0x33, 0xF6, 0x90]),
			new(0x00008EAE, [0xEB, 0x1B]),
			new(0x00008F53, [0xEB, 0x14]),
			new(0x00008F7A, [0xEB, 0x31]),
			new(0x00009784, [0xEB, 0x1D]),
			new(0x0000980F, [0xEB, 0x2B]),
			new(0x00009ACF, [0xEB, 0x14]),
			new(0x00009B0D, [0xEB, 0x0C]),
			new(0x00009B46, [0x33, 0xC9, 0x90]),
			new(0x0000D5E1, [0xEB, 0x0C]),
			new(0x0000D69A, [0xEB, 0x13]),
			new(0x0000D704, [0x33, 0xC9, 0x90]),
			new(0x0000D7DF, [0xEB, 0x11]),
			new(0x0000D81D, [0x33, 0xC9, 0x90]),
			new(0x0000F0F6, [0xEB, 0x14]),
			new(0x0000F12D, [0xEB, 0x17]),
			new(0x0000F174, [0xEB, 0x48]),
			new(0x0000F524, [0xEB, 0x15]),
			new(0x0000F543, [0xEB, 0x1C]),
			new(0x0000F5A3, [0x33, 0xD2, 0x90]),
			new(0x00012FC3, [0xEB, 0x15]),
			new(0x00012FFD, [0xEB, 0x18]),
			new(0x00013047, [0x33, 0xC9, 0x90]),
			new(0x00013D17, [0xEB, 0x22]),
			new(0x00013D4C, [0x90, 0x90]),
			new(0x00013E9E, [0xEB, 0x16]),
			new(0x00013F3A, [0xEB, 0x14]),
			new(0x00013F60, [0x33, 0xC0, 0x90]),
			new(0x00014492, [0xEB, 0x15]),
			new(0x00014525, [0x90, 0x90]),
			new(0x0001495C, [0xEB, 0x25]),
			new(0x000149EE, [0x33, 0xC9, 0x90]),
			new(0x00014AE4, [0xEB, 0x1D]),
			new(0x00014B29, [0xEB, 0x2A]),
			new(0x00015CB3, [0xEB, 0x14]),
			new(0x00015CD9, [0x33, 0xC9, 0x90]),
			new(0x00015D78, [0xEB, 0x15]),
			new(0x00015DC8, [0xEB, 0x1B]),
			new(0x00015DE5, [0x33, 0xC9, 0x90]),
			new(0x00015EAD, [0xEB, 0x4C]),
			new(0x00015F55, [0xEB, 0x22]),
			new(0x00015F97, [0x33, 0xC9, 0x90]),
			new(0x00016009, [0xEB, 0x16]),
			new(0x00016070, [0xEB, 0x14]),
			new(0x0001608C, [0x33, 0xF6, 0x90]),
			new(0x00016147, [0xEB, 0x1D]),
			new(0x00016166, [0x33, 0xC0, 0x90]),
			new(0x0001620A, [0xEB, 0x19]),
			new(0x00016243, [0x33, 0xFF, 0x90]),
			new(0x000162D5, [0xEB, 0x1D]),
			new(0x00016320, [0x33, 0xD2, 0x90]),
			new(0x000163AB, [0xEB, 0x1A]),
			new(0x000163D5, [0x33, 0xD2, 0x90]),
			new(0x0001648E, [0xEB, 0x14]),
			new(0x000164DB, [0xEB, 0x0C]),
			new(0x000164E9, [0x33, 0xF6, 0x90]),
			new(0x00016621, [0xEB, 0x16]),
			new(0x00016653, [0x33, 0xC0, 0x90]),
			new(0x0001ADF3, [0xEB, 0x22]),
			new(0x0001AE9B, [0xEB, 0x35]),
			new(0x0001AF31, [0xEB, 0x35]),
			new(0x0001AF91, [0xEB, 0x0C]),
			new(0x0001AFC4, [0xEB, 0x20]),
			new(0x0001B00C, [0x90, 0x90]),
			new(0x0001B15E, [0xEB, 0x1B]),
			new(0x0001B291, [0xEB, 0x15]),
			new(0x0001B2BB, [0x33, 0xC0, 0x90]),
			new(0x0001BB22, [0xEB, 0x15]),
			new(0x0001BB49, [0x33, 0xC9, 0x90]),
			new(0x0001BC12, [0xEB, 0x17]),
			new(0x0001BC51, [0xEB, 0x37]),
			new(0x0001BDBD, [0xEB, 0x1C]),
			new(0x0001BE3D, [0x33, 0xD2, 0x90]),
			new(0x0001BF65, [0xEB, 0x19]),
			new(0x0001BF80, [0x33, 0xF6, 0x90]),
			new(0x0001C0CC, [0xEB, 0x51]),
			new(0x0001C25B, [0xEB, 0x2D]),
			new(0x0001C2FE, [0x33, 0xD2, 0x90, 0x90, 0x90, 0x90]),
			new(0x0001C3F7, [0xEB, 0x15]),
			new(0x0001C429, [0xEB, 0x1E]),
			new(0x0001C449, [0x33, 0xD2, 0x90, 0x90, 0x90, 0x90]),
			new(0x0001C684, [0xEB, 0x25]),
			new(0x0001C6BF, [0xEB, 0x44]),
			new(0x0001C803, [0xEB, 0x1B]),
			new(0x0001C87C, [0x33, 0xC0]),
			new(0x0001C934, [0xEB, 0x3D]),
			new(0x0001C9FC, [0xEB, 0x2F]),
			new(0x0001CAE1, [0xEB, 0x15]),
			new(0x0001CB63, [0x33, 0xC0, 0x90, 0x90, 0x90, 0x90]),
			new(0x0001CE98, [0xEB, 0x26]),
			new(0x0001CECE, [0x33, 0xC9, 0x90]),
			new(0x0001D16B, [0xEB, 0x0C]),
			new(0x0001D181, [0xEB, 0x12]),
			new(0x0001D1C1, [0x33, 0xD2]),
			new(0x0001D41B, [0xEB, 0x22]),
			new(0x0001D535, [0x33, 0xC0, 0x90]),
			new(0x0001DF59, [0xEB, 0x1C]),
			new(0x0001DF95, [0x33, 0xC9, 0x90]),
			new(0x0001E0D5, [0xEB, 0x17]),
			new(0x0001E121, [0x33, 0xC9, 0x90, 0x90, 0x90, 0x90]),
			new(0x0001E54A, [0xEB, 0x1D]),
			new(0x0001E590, [0x33, 0xC9]),
			new(0x0001ECDC, [0xEB, 0x1E]),
			new(0x0001F261, [0x33, 0xC0, 0x90, 0x90, 0x90, 0x90]),
			new(0x0001F891, [0xEB, 0x1C]),
			new(0x0001F8B2, [0x90, 0x90, 0x90, 0x90, 0x90, 0x90]),
			new(0x0001FA68, [0xEB, 0x1C]),
			new(0x0001FAA4, [0x33, 0xD2, 0x90]),
			new(0x0001FBF7, [0xEB, 0x20]),
			new(0x0001FC37, [0x33, 0xC9, 0x90]),
			new(0x0001FCC3, [0xEB, 0x14]),
			new(0x0001FCDC, [0x33, 0xC0]),
			new(0x0001FDBE, [0xEB, 0x0C]),
			new(0x0001FE06, [0xEB, 0x1C]),
			new(0x0001FE38, [0x33, 0xC0]),
			new(0x00020465, [0xEB, 0x19]),
			new(0x000204AA, [0xEB, 0x15]),
			new(0x000204D2, [0x33, 0xC0]),
			new(0x00020F97, [0xEB, 0x15]),
			new(0x00020FD9, [0xEB, 0x1B]),
			new(0x00021013, [0x33, 0xC0]),
			new(0x0002123A, [0xEB, 0x18]),
			new(0x00021265, [0xEB, 0x41]),
			new(0x00022BB0, [0xEB, 0x16]),
			new(0x00022BF6, [0x90, 0x90]),
			new(0x00023065, [0xEB, 0x15]),
			new(0x000230A4, [0xEB, 0x21]),
			new(0x000230D8, [0x90, 0x90, 0x90, 0x90, 0x90, 0x90]),
			new(0x00023234, [0xEB, 0x44]),
			new(0x000232BD, [0xEB, 0x15]),
			new(0x000232FF, [0xEB, 0x0C]),
			new(0x0002330D, [0x33, 0xF6, 0x90]),
			new(0x00023490, [0xEB, 0x15]),
			new(0x000234C6, [0xEB, 0x1E]),
			new(0x00023507, [0x33, 0xC0]),
			new(0x000236A2, [0xEB, 0x1F]),
			new(0x000236D3, [0x33, 0xC9, 0x90]),
			new(0x00023795, [0xEB, 0x1C]),
			new(0x000237B6, [0xEB, 0x51]),
			new(0x0002390A, [0xEB, 0x15]),
			new(0x00023931, [0x33, 0xC9, 0x90]),
			new(0x000239D3, [0xEB, 0x20]),
			new(0x00023A06, [0x33, 0xC9, 0x90]),
			new(0x00023B16, [0xEB, 0x0C]),
			new(0x00023B2C, [0xEB, 0x21]),
			new(0x00023B5E, [0x33, 0xC9, 0x90]),
			new(0x00023BFA, [0xEB, 0x1D]),
			new(0x00023C27, [0x33, 0xD2, 0x90]),
			new(0x00023D22, [0xEB, 0x19]),
			new(0x00023D67, [0xEB, 0x0C]),
			new(0x00023D93, [0x33, 0xC9, 0x90]),
			new(0x00023F6A, [0xEB, 0x1B]),
			new(0x00023FA8, [0xEB, 0x2D]),
			new(0x0002403A, [0xEB, 0x1A]),
			new(0x00024093, [0x33, 0xC0]),
			new(0x00024257, [0xEB, 0x20]),
			new(0x00024289, [0x33, 0xC9, 0x90]),
			new(0x0002437B, [0xEB, 0x20]),
			new(0x000243AE, [0x33, 0xC0, 0x90]),
			new(0x000244A5, [0xEB, 0x14]),
			new(0x000244C3, [0xEB, 0x14]),
			new(0x000244FF, [0x33, 0xC0]),
			new(0x000245CC, [0xEB, 0x16]),
			new(0x000245F4, [0x33, 0xC0, 0x90]),
			new(0x00024774, [0xEB, 0x23]),
			new(0x000247B6, [0x33, 0xC9, 0x90]),
			new(0x0002497E, [0xEB, 0x19]),
			new(0x000249B7, [0x33, 0xC9, 0x90]),
			new(0x00024AEB, [0xEB, 0x21]),
			new(0x00024B1E, [0x33, 0xC0, 0x90]),
			new(0x00024C87, [0xEB, 0x27]),
			new(0x00024CC1, [0x33, 0xC0]),
			new(0x00024DEC, [0xEB, 0x1E]),
			new(0x00024E1B, [0x33, 0xC9]),
			new(0x00024F14, [0xEB, 0x1A]),
			new(0x00024F43, [0x33, 0xC0, 0x90]),
			new(0x00025125, [0xEB, 0x22]),
			new(0x00025175, [0x33, 0xD2]),
			new(0x00025210, [0xEB, 0x16]),
			new(0x00025243, [0x33, 0xC9, 0x90]),
			new(0x0002714B, [0xEB, 0x18]),
			new(0x00027186, [0x33, 0xD2, 0x90]),
			new(0x00028003, [0xEB, 0x21]),
			new(0x0002805F, [0xEB, 0x0C]),
			new(0x000280CC, [0x33, 0xC9, 0x90]),
			new(0x000281F8, [0xEB, 0x14]),
			new(0x00028216, [0xEB, 0x1E]),
			new(0x0002825F, [0x90, 0x90]),
			new(0x0002830A, [0xEB, 0x18]),
			new(0x00028332, [0x33, 0xC9, 0x90]),
			new(0x000283D4, [0xEB, 0x3A]),
			new(0x00028472, [0xEB, 0x19]),
			new(0x000284C5, [0x90, 0x90]),
			new(0x0002EA0B, [0xEB, 0x1E]),
			new(0x0002EA8E, [0xEB, 0x43]),
			new(0x0002F79B, [0xEB, 0x0C]),
			new(0x0002F7D6, [0xEB, 0x1B]),
			new(0x0002F812, [0x33, 0xF6, 0x90]),
			new(0x0002F8FA, [0xEB, 0x1A]),
			new(0x0002F92E, [0x33, 0xC0, 0x90]),
			new(0x0002F951, [0x33, 0xF6, 0x90]),
			new(0x00032991, [0xEB, 0x24]),
			new(0x00032A43, [0x33, 0xC0, 0x90]),
			new(0x000330EA, [0xEB, 0x1E]),
			new(0x00033156, [0xEB, 0x6B]),
			new(0x000349E7, [0xEB, 0x15]),
			new(0x00034A85, [0xEB, 0x1A]),
			new(0x00034AB2, [0x33, 0xC9]),
			new(0x00035C8E, [0xEB, 0x1A]),
			new(0x00035CAA, [0x33, 0xD2, 0x90]),
			new(0x00037BE7, [0xEB, 0x0C]),
			new(0x00037C21, [0xEB, 0x1B]),
			new(0x00037C6F, [0x33, 0xC0, 0x90, 0x90, 0x90, 0x90]),
			new(0x00037C98, [0x33, 0xF6, 0x90, 0x90, 0x90, 0x90]),
			new(0x0003811C, [0xEB, 0x1B]),
			new(0x00038147, [0x33, 0xD2, 0x90]),
			new(0x000381DC, [0xEB, 0x0C]),
			new(0x00038299, [0xEB, 0x19]),
			new(0x000387D3, [0x33, 0xF6, 0x90, 0x90, 0x90, 0x90]),
			new(0x0003A9F2, [0xEB, 0x0C]),
			new(0x0003AA0E, [0xEB, 0x1E]),
			new(0x0003AA61, [0x33, 0xC9, 0x90]),
			new(0x0003B1C9, [0xEB, 0x20]),
			new(0x0003B209, [0x33, 0xC0, 0x90]),
			new(0x0004052F, [0xEB, 0x1B]),
			new(0x00040B31, [0x33, 0xC0, 0x90]),
			new(0x00042951, [0xEB, 0x18]),
			new(0x0004316B, [0x33, 0xDB, 0x90]),
			new(0x000443C3, [0xEB, 0x21]),
			new(0x000443FB, [0x33, 0xF6, 0x90]),
			new(0x000444CA, [0xEB, 0x15]),
			new(0x000444E1, [0x33, 0xD2, 0x90]),
			new(0x00044613, [0xEB, 0x18]),
			new(0x0004463D, [0x33, 0xC0, 0x90]),
			new(0x00045836, [0xEB, 0x32]),
			new(0x000458C7, [0xEB, 0x0C]),
			new(0x000458F3, [0x33, 0xC0, 0x90, 0x90, 0x90, 0x90]),
			new(0x00045A3E, [0xEB, 0x2E]),
			new(0x00045AD6, [0xEB, 0x3D]),
			new(0x00045BA7, [0xEB, 0x1E]),
			new(0x00045BFD, [0x33, 0xF6, 0x90, 0x90, 0x90, 0x90]),
			new(0x00045CA8, [0xEB, 0x15]),
			new(0x00045D63, [0xEB, 0x1E]),
			new(0x00045D83, [0x33, 0xF6, 0x90, 0x90, 0x90, 0x90]),
			new(0x000464FF, [0xEB, 0x14]),
			new(0x00046528, [0xEB, 0x35]),
			new(0x00046690, [0xEB, 0x24]),
			new(0x000466FD, [0x33, 0xDB, 0x90]),
			new(0x000468AD, [0xEB, 0x12]),
			new(0x000468F7, [0xEB, 0x15]),
			new(0x0004691E, [0x33, 0xC9, 0x90]),
			new(0x00046A67, [0xEB, 0x1D]),
			new(0x00046ABA, [0x33, 0xC9, 0x90]),
			new(0x00046EB1, [0xEB, 0x31]),
			new(0x00046EE7, [0x33, 0xC9, 0x90]),
			new(0x00046FD2, [0xEB, 0x0F]),
			new(0x00047004, [0x90, 0x90]),
			new(0x00047098, [0xEB, 0x21]),
			new(0x000470D9, [0x33, 0xC9, 0x90]),
			new(0x0004719E, [0xEB, 0x16]),
			new(0x00047223, [0x33, 0xC9, 0x90]),
			new(0x00047300, [0xEB, 0x21]),
			new(0x00047341, [0x33, 0xC9, 0x90]),
			new(0x00047480, [0xEB, 0x0C]),
			new(0x000474B2, [0xEB, 0x11]),
			new(0x000474D3, [0x33, 0xD2, 0x90]),
			new(0x00047563, [0xEB, 0x3B]),
			new(0x000475DD, [0xEB, 0x0C]),
			new(0x0004762D, [0xEB, 0x17]),
			new(0x00047654, [0x33, 0xC9, 0x90]),
			new(0x000476FB, [0xEB, 0x1E]),
			new(0x0004772A, [0x33, 0xC0]),
			new(0x000477D9, [0xEB, 0x0C]),
			new(0x0004780D, [0xEB, 0x17]),
			new(0x00047844, [0x33, 0xC9, 0x90]),
			new(0x00047904, [0xEB, 0x18]),
			new(0x0004793C, [0x33, 0xD2, 0x90]),
			new(0x000479EB, [0xEB, 0x19]),
			new(0x00047A24, [0x33, 0xC9, 0x90]),
			new(0x00047AB7, [0xEB, 0x20]),
			new(0x00047AFA, [0x33, 0xC0]),
			new(0x00047BBD, [0xEB, 0x17]),
			new(0x00047BD6, [0x33, 0xDB, 0x90]),
			new(0x00047C7A, [0xEB, 0x14]),
			new(0x00047CB5, [0xEB, 0x26]),
			new(0x00047CFC, [0xEB, 0x37]),
			new(0x00047D9E, [0xEB, 0x1F]),
			new(0x00047E1F, [0xEB, 0x2F]),
			new(0x00047EC7, [0xEB, 0x18]),
			new(0x00047EE4, [0x33, 0xC0]),
			new(0x00048075, [0xEB, 0x37]),
			new(0x00048149, [0xEB, 0x14]),
			new(0x00048162, [0x33, 0xD2]),
			new(0x00048212, [0xEB, 0x17]),
			new(0x0004823E, [0xEB, 0x33]),
			new(0x000484C3, [0xEB, 0x1B]),
			new(0x000484FD, [0x90, 0x90, 0x90, 0x90, 0x90, 0x90]),
			new(0x00048D85, [0xEB, 0x21]),
			new(0x00048DB8, [0x33, 0xC9, 0x90]),
			new(0x000490F7, [0xEB, 0x0C]),
			new(0x00049118, [0xEB, 0x1F]),
			new(0x00049149, [0x33, 0xC0, 0x90]),
			new(0x000494F5, [0xEB, 0x1D]),
			new(0x00049547, [0xEB, 0x0C]),
			new(0x0004957C, [0x33, 0xC0, 0x90]),
			new(0x00049612, [0xEB, 0x16]),
			new(0x0004963A, [0x33, 0xC9, 0x90]),
			new(0x000496EB, [0xEB, 0x15]),
			new(0x00049714, [0xEB, 0x20]),
			new(0x0004977C, [0x33, 0xC9, 0x90]),
			new(0x00049BC2, [0xEB, 0x14]),
			new(0x00049BF6, [0x33, 0xC9, 0x90]),
			new(0x00049CB9, [0xEB, 0x1F]),
			new(0x00049CEB, [0xEB, 0x37]),
			new(0x00049E01, [0xEB, 0x15]),
			new(0x00049E4E, [0xEB, 0x16]),
			new(0x00049E91, [0xEB, 0x33]),
			new(0x00049F35, [0xEB, 0x16]),
			new(0x00049F4D, [0x33, 0xC0, 0x90]),
			new(0x0004A00D, [0xEB, 0x1B]),
			new(0x0004A03A, [0x33, 0xC0, 0x90]),
			new(0x0004A1C2, [0xEB, 0x49]),
			new(0x0004A243, [0xEB, 0x1F]),
			new(0x0004A295, [0x33, 0xC0, 0x90]),
			new(0x0004A60B, [0xEB, 0x15]),
			new(0x0004A640, [0x33, 0xC9, 0x90]),
			new(0x0004A6F4, [0xEB, 0x1E]),
			new(0x0004A724, [0x33, 0xC9, 0x90]),
			new(0x0004AC2F, [0xEB, 0x1A]),
			new(0x0004AC63, [0x33, 0xF6, 0x90]),
			new(0x0004AD5D, [0xEB, 0x0C]),
			new(0x0004AD73, [0xEB, 0x14]),
			new(0x0004AD89, [0x33, 0xF6, 0x90]),
			new(0x0004B610, [0xEB, 0x14]),
			new(0x0004B628, [0xEB, 0x1A]),
			new(0x0004B654, [0x33, 0xC9, 0x90]),
			new(0x0004B7D6, [0xEB, 0x19]),
			new(0x0004B801, [0x33, 0xC9, 0x90]),
			new(0x0004BB80, [0xEB, 0x16]),
			new(0x0004BBB8, [0x33, 0xC0]),
			new(0x0004BC55, [0xEB, 0x36]),
			new(0x0004BCCD, [0xEB, 0x1F]),
			new(0x0004BCFE, [0x33, 0xD2, 0x90]),
			new(0x0004C032, [0xEB, 0x1E]),
			new(0x0004C060, [0x33, 0xD2, 0x90]),
			new(0x0004C0EF, [0xEB, 0x14]),
			new(0x0004C13D, [0xEB, 0x0C]),
			new(0x0004C14B, [0x33, 0xF6, 0x90]),
			new(0x0004C392, [0xEB, 0x0C]),
			new(0x0004C3AF, [0xEB, 0x0F]),
			new(0x0004C3C3, [0x90, 0x90]),
			new(0x0004EA4D, [0xEB, 0x10]),
			new(0x0004EA7D, [0x33, 0xC9, 0x90]),
			new(0x0004F7BB, [0xEB, 0x1E]),
			new(0x0004F7F8, [0x33, 0xD2, 0x90]),
			new(0x0004F89B, [0xEB, 0x16]),
			new(0x0004F8DB, [0xEB, 0x0C]),
			new(0x0004F8F7, [0x33, 0xC9, 0x90]),
			new(0x0004FC18, [0xEB, 0x14]),
			new(0x0004FC31, [0xEB, 0x1E]),
			new(0x0004FC67, [0x90, 0x90]),
			new(0x000510A7, [0xEB, 0x1A]),
			new(0x000510F3, [0xEB, 0x36]),
			new(0x00051378, [0xEB, 0x21]),
			new(0x000513AE, [0xEB, 0x3E]),
			new(0x000515C1, [0xEB, 0x24]),
			new(0x000515E7, [0x33, 0xDB, 0x90]),
			new(0x00051703, [0xEB, 0x0C]),
			new(0x00051714, [0xEB, 0x21]),
			new(0x0005174D, [0x33, 0xC9]),
			new(0x0005183D, [0xEB, 0x17]),
			new(0x00051856, [0x33, 0xF6, 0x90]),
			new(0x00051F48, [0xEB, 0x1E]),
			new(0x00051F68, [0x33, 0xC0, 0x90]),
			new(0x0005208F, [0xEB, 0x0C]),
			new(0x000520CB, [0xEB, 0x16]),
			new(0x000520F1, [0x33, 0xD2, 0x90]),
			new(0x0005257C, [0xEB, 0x18]),
			new(0x000525B4, [0x33, 0xC9, 0x90]),
			new(0x00053165, [0xEB, 0x15]),
			new(0x0005318C, [0xEB, 0x1D]),
			new(0x000531DB, [0x90, 0x90]),
			new(0x00053303, [0xEB, 0x0F]),
			new(0x00053332, [0x33, 0xC9, 0x90]),
			new(0x000533DC, [0xEB, 0x18]),
			new(0x00053414, [0x33, 0xC9, 0x90]),
			new(0x00053B09, [0xEB, 0x14]),
			new(0x00053B2F, [0x33, 0xC9, 0x90]),
			new(0x00053C01, [0xEB, 0x1A]),
			new(0x00053C49, [0x33, 0xD2, 0x90]),
			new(0x00053C77, [0x33, 0xC9, 0x90]),
			new(0x00053D2A, [0x33, 0xF6, 0x90]),
			new(0x000583B3, [0xEB, 0x14]),
			new(0x000583F7, [0xEB, 0x2B]),
			new(0x000584A0, [0xEB, 0x47]),
			new(0x000586E7, [0xEB, 0x22]),
			new(0x00058719, [0x33, 0xC0, 0x90]),
			new(0x00058880, [0xEB, 0x0C]),
			new(0x000588CD, [0xEB, 0x19]),
			new(0x000588EB, [0xEB, 0x37]),
			new(0x00058A1F, [0xEB, 0x23]),
			new(0x00058A62, [0x33, 0xD2, 0x90]),
			new(0x00058B92, [0xEB, 0x1C]),
			new(0x00058BCE, [0x33, 0xD2, 0x90]),
			new(0x00058C66, [0xEB, 0x1C]),
			new(0x00058CA5, [0xEB, 0x33]),
			new(0x000592BD, [0xEB, 0x1C]),
			new(0x000592EB, [0x33, 0xC0, 0x90]),
			new(0x000593B3, [0xEB, 0x15]),
			new(0x000593ED, [0xEB, 0x1D]),
			new(0x00059467, [0x33, 0xC9, 0x90]),
			new(0x0005979D, [0xEB, 0x17]),
			new(0x000597B9, [0xEB, 0x41]),
			new(0x000599D5, [0xEB, 0x23]),
			new(0x00059A75, [0x33, 0xD2, 0x90]),
			new(0x00059B62, [0xEB, 0x3C]),
			new(0x00059BD9, [0xEB, 0x1B]),
			new(0x00059C20, [0xEB, 0x0C]),
			new(0x00059C4B, [0x33, 0xD2, 0x90]),
			new(0x0005A0B4, [0xEB, 0x28]),
			new(0x0005A14A, [0x90, 0x90]),
			new(0x0005A271, [0xEB, 0x4C]),
			new(0x0005A33D, [0xEB, 0x15]),
			new(0x0005A359, [0xEB, 0x19]),
			new(0x0005A384, [0x33, 0xD2, 0x90]),
			new(0x0005A52C, [0xEB, 0x1A]),
			new(0x0005A559, [0x33, 0xD2, 0x90]),
			new(0x0005A5F6, [0xEB, 0x1E]),
			new(0x0005A64C, [0xEB, 0x15]),
			new(0x0005A673, [0x33, 0xD2, 0x90]),
			new(0x0005A693, [0x33, 0xF6, 0x90]),
			new(0x0005A719, [0xEB, 0x1B]),
			new(0x0005A74B, [0x90, 0x90]),
			new(0x0005A768, [0x90, 0x90]),
			new(0x0005A795, [0x90, 0x90]),
			new(0x0005A8A7, [0xEB, 0x25]),
			new(0x0005A8DB, [0x90, 0x90]),
			new(0x0005AA25, [0xEB, 0x1F]),
			new(0x0005AA7C, [0xEB, 0x14]),
			new(0x0005AAAA, [0xEB, 0x32]),
			new(0x0005AC2E, [0xEB, 0x0C]),
			new(0x0005AC88, [0xEB, 0x1A]),
			new(0x0005ACD9, [0x90, 0x90]),
			new(0x0005AE02, [0xEB, 0x1A]),
			new(0x0005AE56, [0x33, 0xD2, 0x90]),
			new(0x0005AF74, [0xEB, 0x20]),
			new(0x0005AF99, [0x33, 0xC9]),
			new(0x0005B0E9, [0xEB, 0x23]),
			new(0x0005B149, [0x33, 0xC9, 0x90]),
			new(0x0005B324, [0xEB, 0x19]),
			new(0x0005B34F, [0x33, 0xC9, 0x90]),
			new(0x0005B900, [0xEB, 0x1A]),
			new(0x0005B957, [0x33, 0xC9, 0x90]),
			new(0x0005BDF4, [0xEB, 0x16]),
			new(0x0005BE1A, [0x33, 0xC0, 0x90]),
			new(0x0005BEA3, [0xEB, 0x16]),
			new(0x0005BECE, [0xEB, 0x32]),
			new(0x0005CD4F, [0xEB, 0x1C]),
			new(0x0005CE29, [0x33, 0xC0, 0x90, 0x90, 0x90, 0x90]),
			new(0x0005CF37, [0xEB, 0x0C]),
			new(0x0005CFA0, [0xEB, 0x14]),
			new(0x0005CFD4, [0x33, 0xC9, 0x90]),
			new(0x0005D182, [0xEB, 0x22]),
			new(0x0005D1E0, [0x33, 0xC9, 0x90]),
			new(0x0005D357, [0xEB, 0x22]),
			new(0x0005D3E3, [0x90, 0x90]),
			new(0x0005E5B1, [0xEB, 0x4B]),
			new(0x0005E642, [0xEB, 0x27]),
			new(0x0005E67B, [0x33, 0xC0, 0x90]),
			new(0x0005EBC0, [0xEB, 0x0C]),
			new(0x0005EC30, [0xEB, 0x1E]),
			new(0x0005EC5E, [0x33, 0xC9, 0x90]),
			new(0x0005ED8F, [0xEB, 0x15]),
			new(0x0005EDDF, [0xEB, 0x21]),
			new(0x0005EE13, [0x90, 0x90]),
			new(0x0005F928, [0xEB, 0x0F]),
			new(0x0005F93C, [0xEB, 0x1C]),
			new(0x0005F96B, [0xEB, 0x38]),
			new(0x0005FBEE, [0xEB, 0x1C]),
			new(0x0005FC1A, [0x33, 0xC9, 0x90]),
			new(0x0005FD0C, [0xEB, 0x15]),
			new(0x0005FD26, [0xEB, 0x1E]),
			new(0x0005FD68, [0x33, 0xD2, 0x90]),
			new(0x0005FE1C, [0xEB, 0x12]),
			new(0x0005FE40, [0x33, 0xC9, 0x90]),
			new(0x00060035, [0xEB, 0x24]),
			new(0x0006006E, [0xEB, 0x4C]),
			new(0x00060113, [0xEB, 0x15]),
			new(0x0006014B, [0xEB, 0x1C]),
			new(0x00060186, [0x33, 0xC9, 0x90]),
			new(0x000625DC, [0xEB, 0x0C]),
			new(0x000625F4, [0xEB, 0x1E]),
			new(0x00062633, [0xEB, 0x43]),
			new(0x0006276C, [0xEB, 0x1B]),
			new(0x000627A7, [0x33, 0xC9, 0x90]),
			new(0x00062888, [0xEB, 0x14]),
			new(0x000628AE, [0xEB, 0x11]),
			new(0x00062916, [0x33, 0xC9, 0x90]),
			new(0x00062988, [0xEB, 0x1C]),
			new(0x000629B6, [0x33, 0xC9, 0x90]),
			new(0x00062AEA, [0xEB, 0x22]),
			new(0x00062B1C, [0x33, 0xD2, 0x90]),
			new(0x00062BB6, [0xEB, 0x19]),
			new(0x00062BEC, [0x33, 0xC9, 0x90]),
			new(0x00062CB3, [0xEB, 0x15]),
			new(0x00062CD2, [0xEB, 0x1C]),
			new(0x00062D0E, [0x33, 0xC9, 0x90]),
			new(0x00062E39, [0xEB, 0x19]),
			new(0x00062E64, [0x33, 0xC9, 0x90]),
			new(0x00062EE4, [0xEB, 0x16]),
			new(0x00062F22, [0x90, 0x90]),
			new(0x000631DD, [0xEB, 0x0C]),
			new(0x000632A6, [0xEB, 0x1C]),
			new(0x0006333D, [0x90, 0x90]),
			new(0x000633FF, [0xEB, 0x1E]),
			new(0x00063440, [0xEB, 0x45]),
			new(0x000645A4, [0xEB, 0x21]),
			new(0x00065035, [0x33, 0xDB, 0x90, 0x90, 0x90, 0x90]),
			new(0x00065FA7, [0xEB, 0x23]),
			new(0x00066000, [0xEB, 0x14]),
			new(0x0006603C, [0x33, 0xC0, 0x90]),
			new(0x00066178, [0xEB, 0x1A]),
			new(0x000661B2, [0x33, 0xC9, 0x90]),
			new(0x0006638C, [0xEB, 0x1A]),
			new(0x0006652C, [0x33, 0xC9, 0x90]),
			new(0x000665FE, [0xEB, 0x15]),
			new(0x0006662A, [0xEB, 0x1A]),
			new(0x00066654, [0x33, 0xC9, 0x90]),
			new(0x00066B13, [0xEB, 0x14]),
			new(0x00066B2B, [0x33, 0xD2, 0x90]),
			new(0x00066B50, [0x33, 0xF6, 0x90]),
			new(0x00067AB4, [0xEB, 0x15]),
			new(0x00067B14, [0xEB, 0x16]),
			new(0x00067B4E, [0x33, 0xC9]),
			new(0x0006841D, [0xEB, 0x19]),
			new(0x00068459, [0x90, 0x90]),
			new(0x00068654, [0xEB, 0x14]),
			new(0x0006867A, [0xEB, 0x1B]),
			new(0x000686B3, [0x33, 0xC9, 0x90]),
			new(0x0006877C, [0xEB, 0x15]),
			new(0x00068795, [0xEB, 0x1D]),
			new(0x000687C2, [0x33, 0xC0, 0x90]),
			new(0x00068879, [0xEB, 0x0C]),
			new(0x0006889C, [0xEB, 0x1B]),
			new(0x000688D7, [0x33, 0xC9, 0x90]),
			new(0x00069284, [0xEB, 0x38]),
			new(0x000692FD, [0xEB, 0x14]),
			new(0x00069423, [0xEB, 0x17]),
			new(0x00069460, [0x90, 0x90, 0x90, 0x90, 0x90, 0x90]),
			new(0x0006A36F, [0xEB, 0x1B]),
			new(0x0006A39D, [0xEB, 0x34]),
			new(0x0006AEAF, [0xEB, 0x1C]),
			new(0x0006AEE8, [0x33, 0xDB, 0x90]),
			new(0x0006C1C8, [0xEB, 0x19]),
			new(0x0006C21A, [0x33, 0xC0, 0x90]),
			new(0x0006C8E9, [0xEB, 0x1E]),
			new(0x0006C99D, [0xEB, 0x31]),
			new(0x0006CA48, [0xEB, 0x1A]),
			new(0x0006CA86, [0x33, 0xC9, 0x90]),
			new(0x0006CCC3, [0xEB, 0x1B]),
			new(0x0006CCE3, [0x33, 0xC0]),
			new(0x0006E2A9, [0xEB, 0x0C]),
			new(0x0006E327, [0xEB, 0x20]),
			new(0x0006E37A, [0x33, 0xD2, 0x90]),
			new(0x0006E549, [0xEB, 0x0C]),
			new(0x0006E5BF, [0xEB, 0x19]),
			new(0x0006E5EB, [0xEB, 0x31]),
			new(0x0006E81D, [0xEB, 0x21]),
			new(0x0006E885, [0xEB, 0x2B]),
			new(0x0006E9C5, [0xEB, 0x1A]),
			new(0x0006E9E1, [0x33, 0xDB, 0x90]),
			new(0x0006EB21, [0xEB, 0x15]),
			new(0x0006EB77, [0xEB, 0x1D]),
			new(0x0006ECF6, [0x33, 0xDB, 0x90]),
			new(0x0006EDC9, [0xEB, 0x1E]),
			new(0x0006EE5D, [0x90, 0x90]),
			new(0x0006EF56, [0xEB, 0x15]),
			new(0x0006EFE3, [0xEB, 0x15]),
			new(0x0006F01B, [0x90, 0x90]),
			new(0x00071029, [0xEB, 0x39]),
			new(0x0007109D, [0xEB, 0x17]),
			new(0x000710D4, [0x33, 0xC0, 0x90]),
			new(0x00073007, [0xEB, 0x15]),
			new(0x0007306D, [0xEB, 0x20]),
			new(0x000730AD, [0x33, 0xC9, 0x90]),
			new(0x00073DA0, [0xEB, 0x19]),
			new(0x00073DBB, [0x33, 0xC9, 0x90]),
			new(0x0007406F, [0xEB, 0x25]),
			new(0x000740A7, [0x33, 0xD2, 0x90]),
			new(0x0007415F, [0xEB, 0x19]),
			new(0x0007419A, [0x90, 0x90, 0x90, 0x90, 0x90, 0x90]),
			new(0x00074622, [0xEB, 0x19]),
			new(0x00074673, [0xEB, 0x3D]),
			new(0x00074728, [0xEB, 0x1E]),
			new(0x000747A2, [0x33, 0xFF, 0x90]),
			new(0x000747C8, [0x33, 0xFF, 0x90]),
			new(0x000747E4, [0x33, 0xFF, 0x90]),
			new(0x0007481E, [0x33, 0xFF, 0x90]),
			new(0x00074A2B, [0xEB, 0x1B]),
			new(0x00074A59, [0x90, 0x90]),
			new(0x00074BF7, [0xEB, 0x1F]),
			new(0x00074C33, [0x90, 0x90, 0x90, 0x90, 0x90, 0x90]),
			new(0x0007558F, [0xEB, 0x19]),
			new(0x000755BA, [0x33, 0xC9, 0x90]),
			new(0x0007599A, [0xEB, 0x19]),
			new(0x000759D3, [0x33, 0xD2, 0x90]),
			new(0x00075C5F, [0xEB, 0x15]),
			new(0x00075C84, [0xEB, 0x1A]),
			new(0x00075CA3, [0x33, 0xC0]),
			new(0x00075D43, [0xEB, 0x19]),
			new(0x00075D74, [0xEB, 0x4F]),
			new(0x00075ED1, [0xEB, 0x0C]),
			new(0x00075EE7, [0xEB, 0x22]),
			new(0x00075F38, [0xEB, 0x44]),
			new(0x00076099, [0xEB, 0x1D]),
			new(0x000760D9, [0x90, 0x90]),
			new(0x0007641A, [0xEB, 0x0C]),
			new(0x00076432, [0xEB, 0x19]),
			new(0x0007645D, [0x33, 0xC9, 0x90]),
			new(0x000770AE, [0xEB, 0x1B]),
			new(0x0007711A, [0xEB, 0x0C]),
			new(0x00077140, [0x33, 0xC9, 0x90]),
			new(0x00078414, [0xEB, 0x15]),
			new(0x0007845A, [0x33, 0xC0, 0x90, 0x90, 0x90, 0x90]),
			new(0x00078BDC, [0xEB, 0x3A]),
			new(0x00078C4F, [0xEB, 0x14]),
			new(0x00078C65, [0x33, 0xC9, 0x90]),
			new(0x00078DA5, [0xEB, 0x3A]),
			new(0x00078E0E, [0xEB, 0x19]),
			new(0x00078E39, [0x33, 0xC0, 0x90]),
			new(0x0007A27E, [0xEB, 0x14]),
			new(0x0007A29C, [0xEB, 0x11]),
			new(0x0007A2BF, [0x33, 0xC9, 0x90]),
			new(0x0007A5B0, [0xEB, 0x21]),
			new(0x0007A5E3, [0x33, 0xC0, 0x90]),
			new(0x0007AD3A, [0xEB, 0x14]),
			new(0x0007AD60, [0x33, 0xC9, 0x90]),
			new(0x0007B576, [0xEB, 0x15]),
			new(0x0007B649, [0xEB, 0x19]),
			new(0x0007B6EB, [0x33, 0xC0, 0x90]),
			new(0x0007BAE8, [0xEB, 0x40]),
			new(0x0007BBA9, [0xEB, 0x0C]),
			new(0x0007BBCD, [0xEB, 0x1F]),
			new(0x0007BC82, [0x33, 0xC0, 0x90, 0x90, 0x90, 0x90]),
			new(0x0007CCDD, [0xEB, 0x17]),
			new(0x0007CD09, [0x90, 0x90]),
			new(0x0007D1C3, [0xEB, 0x34]),
			new(0x0007D22C, [0xEB, 0x1E]),
			new(0x0007D25F, [0x90, 0x90, 0x90, 0x90, 0x90, 0x90]),
			new(0x0007F474, [0xEB, 0x15]),
			new(0x0007F4C7, [0xEB, 0x1F]),
			new(0x0007F506, [0x33, 0xC9, 0x90]),
			new(0x0007F660, [0xEB, 0x16]),
			new(0x0007F699, [0x33, 0xC0]),
			new(0x0007F7C9, [0xEB, 0x20]),
			new(0x0007F7EB, [0x33, 0xC9, 0x90]),
			new(0x0007FCCC, [0xEB, 0x1D]),
			new(0x0007FD3F, [0x33, 0xFF, 0x90, 0x90, 0x90, 0x90]),
			new(0x000803C1, [0xEB, 0x0F]),
			new(0x00080412, [0xEB, 0x14]),
			new(0x000804A1, [0x33, 0xC0, 0x90]),
			new(0x000840A5, [0xEB, 0x1D]),
			new(0x000840C7, [0x90, 0x90, 0x90, 0x90, 0x90, 0x90]),
			new(0x00084DA9, [0xEB, 0x1F]),
			new(0x00084E6B, [0x33, 0xC0, 0x90]),
			new(0x00085139, [0xEB, 0x51]),
			new(0x000851D4, [0xEB, 0x1D]),
			new(0x000851F6, [0xEB, 0x40]),
			new(0x00085688, [0xEB, 0x1D]),
			new(0x000856C8, [0x90, 0x90, 0x90, 0x90, 0x90, 0x90]),
			new(0x000858F1, [0xEB, 0x2D]),
			new(0x00085926, [0xEB, 0x4A]),
			new(0x00085DBC, [0xEB, 0x18]),
			new(0x00085E0B, [0xEB, 0x32]),
			new(0x000868C6, [0xEB, 0x36]),
			new(0x00086A23, [0xEB, 0x1E]),
			new(0x00086A56, [0x33, 0xC0, 0x90]),
			new(0x00086B10, [0xEB, 0x16]),
			new(0x00086B45, [0x33, 0xD2, 0x90]),
			new(0x00087907, [0xEB, 0x3D]),
			new(0x00087C18, [0xEB, 0x0C]),
			new(0x00087C31, [0xEB, 0x17]),
			new(0x00087C5D, [0x33, 0xC0, 0x90]),
			new(0x00087ECE, [0xEB, 0x1C]),
			new(0x00087F3A, [0x90, 0x90, 0x90, 0x90, 0x90, 0x90]),
			new(0x000885D5, [0xEB, 0x1D]),
			new(0x0008861C, [0xEB, 0x15]),
			new(0x00088641, [0x33, 0xFF, 0x90]),
			new(0x00088967, [0xEB, 0x3C]),
			new(0x00088A01, [0xEB, 0x14]),
			new(0x00088B95, [0x33, 0xC0, 0x90]),
			new(0x00088C50, [0xEB, 0x16]),
			new(0x00088CAF, [0xEB, 0x42]),
			new(0x000890A8, [0xEB, 0x24]),
			new(0x000892CB, [0x33, 0xD2, 0x90]),
			new(0x000893DC, [0xEB, 0x40]),
			new(0x00089474, [0xEB, 0x25]),
			new(0x000894B1, [0x90, 0x90]),
			new(0x000895C3, [0xEB, 0x0C]),
			new(0x0008962B, [0xEB, 0x1A]),
			new(0x00089647, [0x33, 0xF6, 0x90, 0x90, 0x90, 0x90]),
			new(0x000897C6, [0xEB, 0x14]),
			new(0x0008981D, [0xEB, 0x1C]),
			new(0x00089875, [0x33, 0xC9]),
			new(0x00089E92, [0xEB, 0x23]),
			new(0x00089EBA, [0x33, 0xC0]),
			new(0x0008A0D8, [0xEB, 0x21]),
			new(0x0008A0FB, [0x33, 0xC9, 0x90]),
			new(0x0008BC3D, [0xEB, 0x17]),
			new(0x0008BC77, [0x33, 0xC0]),
			new(0x0008C124, [0xEB, 0x22]),
			new(0x0008C164, [0xEB, 0x43]),
			new(0x0008C4A6, [0xEB, 0x20]),
			new(0x0008C4F5, [0x33, 0xC9, 0x90]),
			new(0x0008CC65, [0xEB, 0x0F]),
			new(0x0008CC9D, [0x90, 0x90]),
			new(0x0008D410, [0xEB, 0x14]),
			new(0x0008D4B5, [0x33, 0xC9, 0x90]),
			new(0x0008D73C, [0xEB, 0x1E]),
			new(0x0008D780, [0x90, 0x90]),
			new(0x0008E032, [0xEB, 0x0C]),
			new(0x0008E051, [0xEB, 0x19]),
			new(0x0008E08D, [0x33, 0xC0]),
			new(0x0008E930, [0xEB, 0x14]),
			new(0x0008E988, [0xEB, 0x1F]),
			new(0x0008E9B7, [0x33, 0xC9, 0x90]),
			new(0x0008EAED, [0xEB, 0x4B]),
			new(0x0008EB79, [0xEB, 0x1D]),
			new(0x0008EBD7, [0x33, 0xFF, 0x90]),
			new(0x0008EC99, [0xEB, 0x16]),
			new(0x0008ECC2, [0x90, 0x90]),
			new(0x0008EDFF, [0xEB, 0x1D]),
			new(0x0008EE62, [0x33, 0xC9, 0x90]),
			new(0x0008EF63, [0xEB, 0x28]),
			new(0x0008EFC7, [0xEB, 0x47]),
			new(0x0008FAB1, [0xEB, 0x1B]),
			new(0x0008FADC, [0x33, 0xC9, 0x90]),
			new(0x000965CF, [0xEB, 0x1C]),
			new(0x00096600, [0x90, 0x90]),
			new(0x0009E5CE, [0xEB, 0x1E]),
			new(0x0009E601, [0x90, 0x90]),
			new(0x0009F17A, [0xEB, 0x13]),
			new(0x0009F2E7, [0x33, 0xC9]),
			new(0x0009FACF, [0xEB, 0x15]),
			new(0x0009FB12, [0xEB, 0x19]),
			new(0x0009FB42, [0x33, 0xC9, 0x90]),
			new(0x000A43CD, [0xEB, 0x1C]),
			new(0x000A4430, [0xEB, 0x31]),
			new(0x000A44C4, [0xEB, 0x15]),
			new(0x000A4538, [0xEB, 0x1C]),
			new(0x000A458B, [0x33, 0xC0, 0x90]),
			new(0x000A466E, [0xEB, 0x21]),
			new(0x000A46B6, [0x33, 0xC0, 0x90]),
			new(0x000A4752, [0xEB, 0x1B]),
			new(0x000A4782, [0x90, 0x90]),
			new(0x000A4984, [0xEB, 0x1B]),
			new(0x000A49BF, [0x33, 0xC9, 0x90]),
			new(0x000A4BEF, [0xEB, 0x1B]),
			new(0x000A4C28, [0x33, 0xC0, 0x90]),
			new(0x000A4D23, [0xEB, 0x38]),
			new(0x000A4D8B, [0xEB, 0x1C]),
			new(0x000A4DD7, [0x33, 0xC9, 0x90]),
			new(0x000A4E50, [0xEB, 0x19]),
			new(0x000A4EA2, [0x33, 0xC9, 0x90]),
			new(0x000A5126, [0xEB, 0x1E]),
			new(0x000A5159, [0xEB, 0x33]),
			new(0x000A5390, [0xEB, 0x15]),
			new(0x000A53CD, [0xEB, 0x21]),
			new(0x000A5438, [0x90, 0x90]),
			new(0x000A54D9, [0xEB, 0x1E]),
			new(0x000A54F9, [0x33, 0xD2, 0x90]),
			new(0x000A571B, [0xEB, 0x17]),
			new(0x000A5740, [0x33, 0xD2, 0x90]),
			new(0x000A57F4, [0xEB, 0x15]),
			new(0x000A580E, [0xEB, 0x14]),
			new(0x000A5851, [0x33, 0xD2, 0x90]),
			new(0x000A5A14, [0xEB, 0x0C]),
			new(0x000A5A2A, [0xEB, 0x1B]),
			new(0x000A5A47, [0x33, 0xFF, 0x90]),
			new(0x000A5AE7, [0xEB, 0x1B]),
			new(0x000A5B60, [0x90, 0x90]),
			new(0x000A5E82, [0xEB, 0x19]),
			new(0x000A5EBB, [0x33, 0xC9, 0x90]),
			new(0x000A5F6D, [0xEB, 0x1F]),
			new(0x000A5F9C, [0x33, 0xD2, 0x90]),
			new(0x000A9713, [0xEB, 0x15]),
			new(0x000A972F, [0xEB, 0x1B]),
			new(0x000A98B1, [0xEB, 0x63]),
			new(0x000AA358, [0xEB, 0x1C]),
			new(0x000AA3A2, [0x33, 0xD2, 0x90]),
			new(0x000AB5B4, [0xEB, 0x1B]),
			new(0x000AB6B1, [0x33, 0xC0]),
			new(0x000ABD45, [0xEB, 0x0C]),
			new(0x000ABD76, [0xEB, 0x19]),
			new(0x000ABDBC, [0x33, 0xC9, 0x90]),
			new(0x000ACA61, [0xEB, 0x14]),
			new(0x000ACA82, [0xEB, 0x15]),
			new(0x000ACB1C, [0x33, 0xD2, 0x90]),
			new(0x000ACE3B, [0xEB, 0x1E]),
			new(0x000ACE6F, [0x90, 0x90]),
			new(0x000AD96C, [0xEB, 0x19]),
			new(0x000AD99A, [0xEB, 0x32]),
			new(0x000ADF6B, [0xEB, 0x15]),
			new(0x000ADF9F, [0xEB, 0x19]),
			new(0x000ADFDB, [0xEB, 0x34]),
			new(0x000AF6E6, [0xEB, 0x18]),
			new(0x000AF713, [0x33, 0xC0, 0x90]),
			new(0x000AFBEC, [0xEB, 0x22]),
			new(0x000AFCF3, [0x33, 0xC9]),
			new(0x000B0574, [0xEB, 0x3D]),
			new(0x000B0687, [0xEB, 0x1D]),
			new(0x000B06C5, [0x33, 0xC0, 0x90]),
			new(0x000B111C, [0xEB, 0x16]),
			new(0x000B1183, [0x90, 0x90]),
			new(0x000B1929, [0xEB, 0x1B]),
			new(0x000B199C, [0xEB, 0x15]),
			new(0x000B19B6, [0x90, 0x90]),
			new(0x000B1B97, [0xEB, 0x15]),
			new(0x000B1BBF, [0xEB, 0x16]),
			new(0x000B1BF8, [0x90, 0x90]),
			new(0x000B5AD8, [0xEB, 0x37]),
			new(0x000B5B3B, [0xEB, 0x1B]),
			new(0x000B5B88, [0x33, 0xD2, 0x90]),
			new(0x000B73F2, [0xEB, 0x14]),
			new(0x000B7678, [0x33, 0xF6, 0x90]),
			new(0x000B8DAA, [0xEB, 0x1B]),
			new(0x000B8DD7, [0x33, 0xD2, 0x90]),
			new(0x000B9FFA, [0xEB, 0x1D]),
			new(0x000BA037, [0x33, 0xC9, 0x90]),
			new(0x000BA179, [0xEB, 0x1B]),
			new(0x000BA1A9, [0xEB, 0x46]),
			new(0x000BA3AE, [0xEB, 0x0C]),
			new(0x000BA400, [0xEB, 0x21]),
			new(0x000BA441, [0x33, 0xD2, 0x90]),
			new(0x000BB372, [0xEB, 0x27]),
			new(0x000BB409, [0x90, 0x90]),
			new(0x000BE9DA, [0xEB, 0x1C]),
			new(0x000BEA26, [0xEB, 0x32]),
			new(0x000C2949, [0xEB, 0x0C]),
			new(0x000C297F, [0xEB, 0x19]),
			new(0x000C29C8, [0x33, 0xD2]),
			new(0x000C2DB9, [0xEB, 0x19]),
			new(0x000C2DE7, [0x90, 0x90]),
			new(0x000C3C0B, [0xEB, 0x0C]),
			new(0x000C3C21, [0xEB, 0x21]),
			new(0x000C3C5C, [0x33, 0xC9]),
			new(0x000C3EAD, [0xEB, 0x16]),
			new(0x000C3F0B, [0xEB, 0x0C]),
			new(0x000C3F2A, [0x33, 0xC9, 0x90]),
			new(0x000C3FAE, [0xEB, 0x1E]),
			new(0x000C4000, [0xEB, 0x15]),
			new(0x000C4028, [0xEB, 0x35]),
			new(0x000C5258, [0xEB, 0x15]),
			new(0x000C529C, [0x33, 0xC9, 0x90]),
			new(0x000C539C, [0xEB, 0x1D]),
			new(0x000C541F, [0x33, 0xC9, 0x90]),
			new(0x000C62E2, [0xEB, 0x19]),
			new(0x000C630E, [0xEB, 0x2F]),
			new(0x000C6D4B, [0xEB, 0x1B]),
			new(0x000C6D80, [0x33, 0xD2, 0x90]),
			new(0x000C9A09, [0xEB, 0x1F]),
			new(0x000C9A5A, [0x90, 0x90, 0x90, 0x90, 0x90, 0x90]),
			new(0x000C9CD3, [0xEB, 0x4D]),
			new(0x000C9DA8, [0xEB, 0x24]),
			new(0x000C9E25, [0x90, 0x90, 0x90, 0x90, 0x90, 0x90]),
			new(0x000CAE4F, [0xEB, 0x19]),
			new(0x000CAEB6, [0x33, 0xC9, 0x90]),
			new(0x000CB29B, [0xEB, 0x17]),
			new(0x000CB2D2, [0x33, 0xC0, 0x90]),
			new(0x000CC7F1, [0xEB, 0x1B]),
			new(0x000CC83F, [0x90, 0x90]),
			new(0x000CCA14, [0xEB, 0x25]),
			new(0x000CCA6D, [0x33, 0xC9]),
			new(0x000CCBD8, [0xEB, 0x22]),
			new(0x000CCC2C, [0x33, 0xC0]),
			new(0x000CD351, [0xEB, 0x18]),
			new(0x000CD45A, [0x33, 0xC9, 0x90]),
			new(0x000CD563, [0xEB, 0x24]),
			new(0x000CD59A, [0xEB, 0x57]),
			new(0x000CD71E, [0xEB, 0x0C]),
			new(0x000CD7B8, [0xEB, 0x1E]),
			new(0x000CD815, [0x33, 0xD2]),
			new(0x000CDA32, [0xEB, 0x1B]),
			new(0x000CDA60, [0x33, 0xC0, 0x90]),
			new(0x000CF792, [0xEB, 0x0C]),
			new(0x000CF7A3, [0xEB, 0x22]),
			new(0x000CF7DA, [0x33, 0xD2]),
			new(0x000CFA4E, [0xEB, 0x18]),
			new(0x000CFA90, [0xEB, 0x0C]),
			new(0x000CFAC5, [0xEB, 0x58]),
			new(0x000CFE15, [0xEB, 0x0C]),
			new(0x000CFE26, [0xEB, 0x28]),
			new(0x000CFE7E, [0x90, 0x90]),
			new(0x000D02C5, [0xEB, 0x21]),
			new(0x000D02EB, [0x33, 0xC9, 0x90]),
			new(0x000D1081, [0xEB, 0x1E]),
			new(0x000D1304, [0x33, 0xF6, 0x90]),
			new(0x000D56F7, [0xEB, 0x1F]),
			new(0x000D5752, [0xEB, 0x0C]),
			new(0x000D5848, [0xEB, 0x3E]),
			new(0x000D70DC, [0xEB, 0x16]),
			new(0x000D7102, [0x33, 0xD2, 0x90]),
			new(0x000D8639, [0xEB, 0x17]),
			new(0x000D8660, [0x33, 0xC9, 0x90]),
			new(0x000D8C47, [0xEB, 0x1C]),
			new(0x000D8C8E, [0xEB, 0x0C]),
			new(0x000D8CAB, [0x33, 0xF6, 0x90]),
			new(0x000DBAB6, [0x90, 0x90, 0x90, 0x90, 0x90, 0x90]),
			new(0x000DBABC, [0x33, 0xF6, 0x90]),
			new(0x000DBC43, [0xEB, 0x19]),
			new(0x000DBC6C, [0x33, 0xD2, 0x90]),
			new(0x000DBD5F, [0xEB, 0x1C]),
			new(0x000DBD8D, [0x33, 0xC0, 0x90]),
			new(0x000DBF88, [0xEB, 0x1A]),
			new(0x000DC052, [0x33, 0xC9, 0x90]),
			new(0x000DC72E, [0xEB, 0x14]),
			new(0x000DC747, [0x90, 0x90]),
			new(0x000DCD39, [0xEB, 0x19]),
			new(0x000DCD7F, [0xEB, 0x15]),
			new(0x000DCDB3, [0x33, 0xF6, 0x90]),
			new(0x000DD20B, [0xEB, 0x18]),
			new(0x000DD225, [0x33, 0xC0, 0x90]),
			new(0x000DEB45, [0xEB, 0x1F]),
			new(0x000DEB9E, [0xEB, 0x15]),
			new(0x000DEBC6, [0x90, 0x90]),
			new(0x000E0EC7, [0xEB, 0x0C]),
			new(0x000E0ED7, [0xEB, 0x16]),
			new(0x000E0EF2, [0xEB, 0x2E]),
			new(0x000E1022, [0xEB, 0x14]),
			new(0x000E1040, [0xEB, 0x24]),
			new(0x000E1083, [0xEB, 0x3A]),
			new(0x000E1123, [0xEB, 0x39]),
			new(0x000E11A0, [0xEB, 0x10]),
			new(0x000E11D0, [0x33, 0xD2, 0x90]),
			new(0x000E1741, [0xEB, 0x36]),
			new(0x000E179C, [0xEB, 0x16]),
			new(0x000E17F7, [0x33, 0xD2, 0x90]),
			new(0x000E1C96, [0xEB, 0x21]),
			new(0x000E1CF2, [0xEB, 0x14]),
			new(0x000E1D18, [0x90, 0x90]),
			new(0x000E2350, [0xEB, 0x54]),
			new(0x000E23DD, [0xEB, 0x1A]),
			new(0x000E2417, [0x33, 0xD2, 0x90]),
			new(0x000E2951, [0xEB, 0x20]),
			new(0x000E32CF, [0x90, 0x90, 0x90, 0x90, 0x90, 0x90]),
			new(0x000E41F8, [0xEB, 0x1C]),
			new(0x000E4234, [0x33, 0xD2, 0x90]),
			new(0x000E60F3, [0xEB, 0x19]),
			new(0x000E6141, [0x33, 0xC0, 0x90]),
			new(0x000E6281, [0xEB, 0x3B]),
			new(0x000E6325, [0xEB, 0x1E]),
			new(0x000E6365, [0xEB, 0x34]),
			new(0x000E63EF, [0xEB, 0x35]),
			new(0x000E6473, [0xEB, 0x16]),
			new(0x000E64DA, [0xEB, 0x14]),
			new(0x000E64FA, [0x90, 0x90]),
			new(0x000E6598, [0xEB, 0x20]),
			new(0x000E6616, [0x90, 0x90]),
			new(0x000E6691, [0xEB, 0x0C]),
			new(0x000E66ED, [0xEB, 0x1B]),
			new(0x000E675D, [0xEB, 0x30]),
			new(0x000E6842, [0xEB, 0x24]),
			new(0x000E6944, [0x33, 0xF6, 0x90]),
			new(0x000E6A0B, [0xEB, 0x1E]),
			new(0x000E6B23, [0x33, 0xC0, 0x90]),
			new(0x000E6F22, [0xEB, 0x15]),
			new(0x000E6F5A, [0x90, 0x90]),
			new(0x000E700D, [0xEB, 0x1A]),
			new(0x000E705A, [0xEB, 0x0C]),
			new(0x000E7086, [0x33, 0xC9, 0x90]),
			new(0x000E729A, [0xEB, 0x22]),
			new(0x000E72BE, [0x33, 0xD2, 0x90]),
			new(0x000E7918, [0xEB, 0x1C]),
			new(0x000E7944, [0x33, 0xC0, 0x90]),
			new(0x000E7DE1, [0xEB, 0x11]),
			new(0x000E7E12, [0x33, 0xD2, 0x90]),
			new(0x000E8459, [0xEB, 0x1E]),
			new(0x000E8479, [0x33, 0xF6, 0x90]),
			new(0x000E86EE, [0xEB, 0x15]),
			new(0x000E8750, [0xEB, 0x1E]),
			new(0x000E877E, [0x33, 0xD2, 0x90, 0x90, 0x90, 0x90]),
			new(0x000E88AE, [0xEB, 0x13]),
			new(0x000E88EC, [0xEB, 0x0C]),
			new(0x000E88FA, [0x33, 0xF6, 0x90]),
			new(0x000E8A5C, [0xEB, 0x19]),
			new(0x000E8A85, [0x33, 0xC9, 0x90]),
			new(0x000E8D43, [0xEB, 0x21]),
			new(0x000E8D99, [0x33, 0xC0]),
			new(0x000E8F3B, [0xEB, 0x42]),
			new(0x000E8FC4, [0xEB, 0x1E]),
			new(0x000E9004, [0x33, 0xC0, 0x90, 0x90, 0x90, 0x90]),
			new(0x000E9055, [0x33, 0xC9, 0x90, 0x90, 0x90, 0x90]),
			new(0x000E9100, [0x33, 0xDB, 0x90, 0x90, 0x90, 0x90]),
			new(0x000E92EF, [0xEB, 0x16]),
			new(0x000E9318, [0xEB, 0x37]),
			new(0x000E93B0, [0xEB, 0x1C]),
			new(0x000E9407, [0x33, 0xD2, 0x90]),
			new(0x000E9509, [0xEB, 0x1B]),
			new(0x000E9557, [0xEB, 0x2F]),
			new(0x000E964F, [0xEB, 0x10]),
			new(0x000E9682, [0x90, 0x90]),
			new(0x000EA2CC, [0xEB, 0x16]),
			new(0x000EA302, [0x33, 0xC9, 0x90]),
			new(0x000EA3B8, [0xEB, 0x47]),
			new(0x000EA42C, [0xEB, 0x1D]),
			new(0x000EA467, [0x33, 0xC0]),
			new(0x000EA516, [0xEB, 0x38]),
			new(0x000EA578, [0xEB, 0x0C]),
			new(0x000EA64E, [0xEB, 0x14]),
			new(0x000EA674, [0x33, 0xC9, 0x90]),
			new(0x000EA83A, [0xEB, 0x15]),
			new(0x000EA862, [0xEB, 0x24]),
			new(0x000EA88B, [0xEB, 0x4B]),
			new(0x000EB0B1, [0xEB, 0x1E]),
			new(0x000EB0DF, [0x33, 0xF6, 0x90]),
			new(0x000EB1CF, [0xEB, 0x12]),
			new(0x000EB285, [0xEB, 0x3C]),
			new(0x000EB394, [0xEB, 0x1E]),
			new(0x000EB3F4, [0x33, 0xC9, 0x90]),
			new(0x000EC22F, [0xEB, 0x19]),
			new(0x000EC25B, [0x33, 0xD2, 0x90]),
			new(0x000EC387, [0x33, 0xD2, 0x90]),
			new(0x000EC4E0, [0x33, 0xC0, 0x90]),
			new(0x000ECA16, [0xEB, 0x0C]),
			new(0x000ECA26, [0xEB, 0x1C]),
			new(0x000ECA44, [0x33, 0xFF, 0x90]),
			new(0x000ED217, [0xEB, 0x16]),
			new(0x000ED2B0, [0x33, 0xC0, 0x90]),
			new(0x000ED873, [0xEB, 0x27]),
			new(0x000ED8DE, [0x33, 0xC0, 0x90]),
			new(0x000EE3ED, [0xEB, 0x17]),
			new(0x000EE44F, [0x33, 0xF6, 0x90]),
			new(0x000EF378, [0xEB, 0x1E]),
			new(0x000EF3B6, [0x33, 0xFF, 0x90]),
			new(0x000EFA07, [0xEB, 0x14]),
			new(0x000EFA92, [0xEB, 0x28]),
			new(0x000EFABC, [0x33, 0xC0, 0x90]),
			new(0x000F017E, [0xEB, 0x1A]),
			new(0x000F01B3, [0x33, 0xC0, 0x90]),
			new(0x000F0D9C, [0xEB, 0x22]),
			new(0x000F0DF8, [0x33, 0xC0, 0x90, 0x90, 0x90, 0x90]),
			new(0x000F0EBC, [0x33, 0xC9, 0x90, 0x90, 0x90, 0x90]),
			new(0x000F0FF6, [0x33, 0xC9, 0x90, 0x90, 0x90, 0x90]),
			new(0x000F1342, [0x33, 0xC9, 0x90, 0x90, 0x90, 0x90]),
			new(0x000F13DD, [0x33, 0xC0, 0x90, 0x90, 0x90, 0x90]),
			new(0x000F1545, [0xEB, 0x1C]),
			new(0x000F1584, [0x33, 0xC0, 0x90, 0x90, 0x90, 0x90]),
			new(0x000F2183, [0xEB, 0x2C]),
			new(0x000F274F, [0x33, 0xC0, 0x90, 0x90, 0x90, 0x90]),
			new(0x000F28AE, [0xEB, 0x14]),
			new(0x000F28D2, [0x33, 0xD2, 0x90]),
			new(0x000F2DBC, [0xEB, 0x17]),
			new(0x000F2DE3, [0x33, 0xD2, 0x90]),
			new(0x000F2E79, [0xEB, 0x15]),
			new(0x000F2EBB, [0xEB, 0x15]),
			new(0x000F2EF0, [0x33, 0xC9, 0x90]),
			new(0x000F39D1, [0xEB, 0x15]),
			new(0x000F3A39, [0xEB, 0x1F]),
			new(0x000F3AAD, [0x33, 0xC9, 0x90, 0x90, 0x90, 0x90]),
			new(0x000F3E19, [0xEB, 0x20]),
			new(0x000F3E5C, [0xEB, 0x35]),
			new(0x000F3F07, [0xEB, 0x20]),
			new(0x000F3FAD, [0xEB, 0x2D]),
			new(0x000F42B5, [0xEB, 0x1D]),
			new(0x000F42D4, [0x33, 0xFF, 0x90, 0x90, 0x90, 0x90]),
			new(0x000F7332, [0xEB, 0x22]),
			new(0x000F83CF, [0x33, 0xC9, 0x90]),
			new(0x000F9431, [0xEB, 0x1C]),
			new(0x000F9485, [0x33, 0xC9, 0x90]),
			new(0x000F9EBE, [0xEB, 0x1C]),
			new(0x000F9EDC, [0x33, 0xD2, 0x90]),
			new(0x000FA698, [0xEB, 0x14]),
			new(0x000FA72E, [0xEB, 0x14]),
			new(0x000FA75E, [0x33, 0xDB, 0x90]),
			new(0x000FAA1D, [0xEB, 0x1E]),
			new(0x000FAA3D, [0x33, 0xD2, 0x90]),
			new(0x000FC1ED, [0xEB, 0x1F]),
			new(0x000FC22C, [0x33, 0xC9, 0x90]),
			new(0x000FDDFA, [0xEB, 0x22]),
			new(0x000FDE7A, [0x33, 0xD2, 0x90]),
			new(0x000FEF46, [0xEB, 0x28]),
			new(0x000FEF80, [0x33, 0xC0, 0x90, 0x90, 0x90, 0x90]),
			new(0x001003BC, [0xEB, 0x1B]),
			new(0x001003E9, [0x33, 0xC0, 0x90]),
			new(0x00101326, [0xEB, 0x21]),
			new(0x00101388, [0xEB, 0x0C]),
			new(0x00101398, [0x33, 0xC0, 0x90, 0x90, 0x90, 0x90]),
			new(0x001014F9, [0x33, 0xDB, 0x90, 0x90, 0x90, 0x90]),
			new(0x001022FF, [0xEB, 0x1D]),
			new(0x00102374, [0xEB, 0x15]),
			new(0x0010238B, [0x33, 0xF6, 0x90]),
			new(0x001024DC, [0xEB, 0x1C]),
			new(0x00102529, [0xEB, 0x14]),
			new(0x00102555, [0x33, 0xC9, 0x90]),
			new(0x001055F3, [0xEB, 0x20]),
			new(0x0010574E, [0xEB, 0x15]),
			new(0x00105B32, [0x33, 0xC0, 0x90]),
			new(0x001066F6, [0xEB, 0x15]),
			new(0x0010671F, [0xEB, 0x14]),
			new(0x00106743, [0x33, 0xC9, 0x90]),
			new(0x00106897, [0xEB, 0x15]),
			new(0x001068B9, [0x90, 0x90, 0x90, 0x90, 0x90, 0x90]),
			new(0x001068CD, [0x33, 0xFF, 0x90]),
			new(0x00106F03, [0xEB, 0x1B]),
			new(0x00106F4D, [0x33, 0xC0, 0x90]),
			new(0x0010772A, [0xEB, 0x15]),
			new(0x00107761, [0xEB, 0x11]),
			new(0x00107787, [0x33, 0xC9]),
			new(0x00107A64, [0xEB, 0x15]),
			new(0x00107AA9, [0xEB, 0x1B]),
			new(0x00107AE7, [0xEB, 0x41]),
			new(0x0010815B, [0xEB, 0x21]),
			new(0x00108199, [0x33, 0xC9, 0x90]),
			new(0x0010821E, [0xEB, 0x0F]),
			new(0x00108264, [0xEB, 0x15]),
			new(0x0010827E, [0x90, 0x90]),
			new(0x00108370, [0xEB, 0x48]),
			new(0x001083E2, [0xEB, 0x19]),
			new(0x00108400, [0xEB, 0x31]),
			new(0x001084DD, [0xEB, 0x1B]),
			new(0x0010851B, [0xEB, 0x2F]),
			new(0x0010879F, [0xEB, 0x14]),
			new(0x001087D3, [0x33, 0xC9, 0x90]),
			new(0x00108986, [0xEB, 0x19]),
			new(0x001089BF, [0x33, 0xC9, 0x90]),
			new(0x00108BA4, [0xEB, 0x16]),
			new(0x00108BCF, [0xEB, 0x46]),
			new(0x00109024, [0xEB, 0x19]),
			new(0x00109067, [0xEB, 0x15]),
			new(0x0010909C, [0x33, 0xC9, 0x90]),
			new(0x001091C1, [0xEB, 0x37]),
			new(0x00109222, [0xEB, 0x27]),
			new(0x0010925A, [0x33, 0xC0, 0x90]),
			new(0x001092D2, [0xEB, 0x38]),
			new(0x00109348, [0xEB, 0x0C]),
			new(0x00109364, [0xEB, 0x1A]),
			new(0x001093BE, [0x33, 0xC9, 0x90]),
			new(0x00109438, [0xEB, 0x53]),
			new(0x00109501, [0xEB, 0x0C]),
			new(0x00109516, [0xEB, 0x1E]),
			new(0x00109536, [0x33, 0xC0, 0x90]),
			new(0x001096A5, [0xEB, 0x1B]),
			new(0x001096ED, [0xEB, 0x0C]),
			new(0x001096FE, [0x90, 0x90]),
			new(0x00109782, [0xEB, 0x22]),
			new(0x001097B6, [0x33, 0xC9, 0x90]),
			new(0x00109DC5, [0xEB, 0x1F]),
			new(0x00109DE9, [0xEB, 0x42]),
			new(0x00109FDC, [0xEB, 0x1B]),
			new(0x0010A050, [0xEB, 0x40]),
			new(0x0010A24F, [0xEB, 0x16]),
			new(0x0010A2A4, [0x33, 0xC0, 0x90]),
			new(0x0010A415, [0xEB, 0x22]),
			new(0x0010A449, [0x33, 0xC9, 0x90]),
			new(0x0010A531, [0xEB, 0x14]),
			new(0x0010A587, [0xEB, 0x1D]),
			new(0x0010A5C7, [0x90, 0x90]),
			new(0x0010A943, [0xEB, 0x1A]),
			new(0x0010A99C, [0xEB, 0x14]),
			new(0x0010A9C3, [0x90, 0x90]),
			new(0x0010AD5B, [0xEB, 0x15]),
			new(0x0010AD75, [0xEB, 0x24]),
			new(0x0010ADC7, [0x33, 0xD2, 0x90]),
			new(0x0010AE55, [0xEB, 0x22]),
			new(0x0010AE8A, [0x90, 0x90]),
			new(0x0010AF2B, [0xEB, 0x19]),
			new(0x0010AF56, [0x33, 0xD2]),
			new(0x0010AFEB, [0xEB, 0x14]),
			new(0x0010B010, [0x33, 0xC9]),
			new(0x0010BA6E, [0xEB, 0x11]),
			new(0x0010BAA7, [0x90, 0x90]),
			new(0x0010BB85, [0xEB, 0x21]),
			new(0x0010BBDA, [0xEB, 0x15]),
			new(0x0010BC9C, [0xEB, 0x3B]),
			new(0x0010BD77, [0xEB, 0x15]),
			new(0x0010BDBD, [0xEB, 0x21]),
			new(0x0010BDE0, [0x33, 0xD2, 0x90, 0x90, 0x90, 0x90]),
			new(0x0010BEE3, [0xEB, 0x19]),
			new(0x0010BF1C, [0x33, 0xC9, 0x90]),
			new(0x0010CA63, [0xEB, 0x21]),
			new(0x0010CAB1, [0x33, 0xC9]),
			new(0x0010CDD3, [0xEB, 0x46]),
			new(0x0010CE40, [0xEB, 0x19]),
			new(0x0010CEA0, [0xEB, 0x0C]),
			new(0x0010CEE5, [0x33, 0xC9, 0x90]),
			new(0x0010D4B7, [0xEB, 0x22]),
			new(0x0010D4EE, [0xEB, 0x3B]),
			new(0x0010D69C, [0xEB, 0x18]),
			new(0x0010D6D8, [0x33, 0xC0, 0x90]),
			new(0x0010DBF6, [0xEB, 0x18]),
			new(0x0010DC2C, [0x33, 0xC9, 0x90]),
			new(0x0010F698, [0xEB, 0x20]),
			new(0x0010F6E6, [0x33, 0xC9, 0x90]),
			new(0x0010F8E1, [0xEB, 0x15]),
			new(0x0010F910, [0xEB, 0x19]),
			new(0x0010F94A, [0x90, 0x90]),
			new(0x0010FA0E, [0xEB, 0x0C]),
			new(0x0010FA24, [0xEB, 0x0F]),
			new(0x0010FA45, [0x33, 0xC9, 0x90]),
			new(0x0010FB4F, [0xEB, 0x3B]),
			new(0x0010FBE8, [0xEB, 0x1C]),
			new(0x0010FC26, [0x33, 0xD2, 0x90]),
			new(0x0010FCB8, [0xEB, 0x17]),
			new(0x0010FCF1, [0xEB, 0x36]),
			new(0x0010FD98, [0xEB, 0x1A]),
			new(0x0010FE32, [0x33, 0xD2, 0x90]),
			new(0x0010FEC6, [0xEB, 0x1C]),
			new(0x0010FEF7, [0x90, 0x90]),
			new(0x0010FFE8, [0xEB, 0x1D]),
			new(0x00110015, [0x33, 0xC9, 0x90]),
			new(0x001102DA, [0x90, 0x90, 0x90, 0x90, 0x90, 0x90]),
			new(0x00110305, [0xEB, 0x52]),
			new(0x001105D2, [0x90, 0x90, 0x90, 0x90, 0x90, 0x90]),
			new(0x001105E8, [0x33, 0xC0, 0x90, 0x90, 0x90, 0x90]),
			new(0x001108D6, [0xEB, 0x17]),
			new(0x00110943, [0x33, 0xD2, 0x90]),
			new(0x00110A64, [0xEB, 0x20]),
			new(0x00110AC2, [0x33, 0xC9, 0x90]),
			new(0x00110EF3, [0xEB, 0x19]),
			new(0x00110F55, [0x33, 0xC9, 0x90]),
			new(0x001112F7, [0xEB, 0x22]),
			new(0x0011132C, [0x90, 0x90]),
			new(0x001113D2, [0xEB, 0x0C]),
			new(0x001114C5, [0xEB, 0x16]),
			new(0x0011165D, [0x33, 0xD2, 0x90]),
			new(0x001117B5, [0xEB, 0x1D]),
			new(0x001117D7, [0xEB, 0x46]),
			new(0x001119F4, [0xEB, 0x0C]),
			new(0x00111A27, [0xEB, 0x1B]),
			new(0x00111A72, [0x33, 0xC9, 0x90]),
			new(0x00111D95, [0xEB, 0x1F]),
			new(0x00111DC6, [0x33, 0xC9, 0x90]),
			new(0x00111EFE, [0xEB, 0x19]),
			new(0x00111F37, [0x33, 0xC9, 0x90]),
			new(0x00112101, [0xEB, 0x1B]),
			new(0x0011212E, [0x33, 0xC9, 0x90]),
			new(0x001122F0, [0xEB, 0x19]),
			new(0x0011231E, [0xEB, 0x31]),
			new(0x00112594, [0xEB, 0x36]),
			new(0x001125FC, [0xEB, 0x19]),
			new(0x00112649, [0xEB, 0x14]),
			new(0x00112677, [0x33, 0xD2, 0x90]),
			new(0x0011345B, [0xEB, 0x19]),
			new(0x00113484, [0x33, 0xC9, 0x90]),
			new(0x001140C8, [0xEB, 0x19]),
			new(0x001140FB, [0xEB, 0x4C]),
			new(0x00114546, [0xEB, 0x1C]),
			new(0x00114564, [0x33, 0xC9, 0x90]),
			new(0x00114BFE, [0xEB, 0x16]),
			new(0x00114C16, [0x33, 0xC9, 0x90]),
			new(0x00114E63, [0xEB, 0x1E]),
			new(0x00114EA4, [0x33, 0xD2, 0x90]),
			new(0x00114EC4, [0x33, 0xF6, 0x90]),
			new(0x001150D1, [0xEB, 0x0C]),
			new(0x001150EF, [0xEB, 0x1E]),
			new(0x0011510F, [0x33, 0xFF, 0x90]),
			new(0x00115B47, [0xEB, 0x28]),
			new(0x00115B8D, [0x33, 0xD2, 0x90]),
			new(0x00118F8D, [0xEB, 0x1D]),
			new(0x00119024, [0x33, 0xF6, 0x90]),
			new(0x001197AE, [0xEB, 0x14]),
			new(0x001197D5, [0x90, 0x90]),
			new(0x0011995E, [0xEB, 0x1E]),
			new(0x001199D3, [0xEB, 0x15]),
			new(0x00119A34, [0xEB, 0x29]),
			new(0x00119CA0, [0xEB, 0x0C]),
			new(0x00119CBE, [0xEB, 0x1B]),
			new(0x00119CEE, [0x33, 0xC9]),
			new(0x00119E53, [0xEB, 0x19]),
			new(0x00119EA7, [0x33, 0xD2, 0x90]),
			new(0x00119F6C, [0xEB, 0x18]),
			new(0x00119FB4, [0x90, 0x90]),
			new(0x0011A13A, [0xEB, 0x1A]),
			new(0x0011A156, [0x33, 0xC9, 0x90]),
			new(0x0011A30D, [0xEB, 0x15]),
			new(0x0011A394, [0xEB, 0x1C]),
			new(0x0011A3DD, [0x33, 0xD2, 0x90]),
			new(0x0011A459, [0xEB, 0x3A]),
			new(0x0011A521, [0xEB, 0x14]),
			new(0x0011A56D, [0x90, 0x90]),
			new(0x0011A613, [0xEB, 0x19]),
			new(0x0011A62E, [0x33, 0xD2, 0x90]),
			new(0x0011A6D7, [0xEB, 0x16]),
			new(0x0011A6EF, [0x33, 0xF6, 0x90]),
			new(0x0011A76B, [0xEB, 0x19]),
			new(0x0011A795, [0x33, 0xC0]),
			new(0x0011A820, [0xEB, 0x0F]),
			new(0x0011A85A, [0x33, 0xC9, 0x90]),
			new(0x0011AA52, [0xEB, 0x0C]),
			new(0x0011AA90, [0xEB, 0x19]),
			new(0x0011AAE4, [0x33, 0xD2, 0x90]),
			new(0x0011AC51, [0xEB, 0x15]),
			new(0x0011AC8C, [0xEB, 0x20]),
			new(0x0011AD0A, [0xEB, 0x44]),
			new(0x0011AE53, [0xEB, 0x20]),
			new(0x0011AE85, [0x33, 0xC9, 0x90]),
			new(0x0011AEF0, [0xEB, 0x15]),
			new(0x0011AF33, [0xEB, 0x26]),
			new(0x0011AF79, [0x33, 0xC9, 0x90]),
			new(0x0011B010, [0xEB, 0x3B]),
			new(0x0011B074, [0xEB, 0x25]),
			new(0x0011B0CC, [0x33, 0xD2, 0x90]),
			new(0x0011B181, [0xEB, 0x16]),
			new(0x0011B1A9, [0x33, 0xC9, 0x90]),
			new(0x0011B286, [0xEB, 0x18]),
			new(0x0011B2E9, [0x90, 0x90]),
			new(0x0011B464, [0xEB, 0x20]),
			new(0x0011B4A4, [0x33, 0xC9, 0x90]),
			new(0x0011BD57, [0xEB, 0x0C]),
			new(0x0011BD91, [0xEB, 0x1E]),
			new(0x0011BDCF, [0x33, 0xC9, 0x90]),
			new(0x0011BFE2, [0xEB, 0x36]),
			new(0x0011C046, [0xEB, 0x1F]),
			new(0x0011C077, [0x33, 0xD2, 0x90]),
			new(0x0011C1A0, [0xEB, 0x3C]),
			new(0x0011C236, [0xEB, 0x15]),
			new(0x0011C263, [0xEB, 0x15]),
			new(0x0011C28B, [0xEB, 0x45]),
			new(0x0011C314, [0xEB, 0x23]),
			new(0x0011C39D, [0xEB, 0x0C]),
			new(0x0011C445, [0x33, 0xD2, 0x90]),
			new(0x0011C502, [0xEB, 0x11]),
			new(0x0011C533, [0x33, 0xC9, 0x90]),
			new(0x0011C5EE, [0xEB, 0x14]),
			new(0x0011C607, [0x33, 0xC9]),
			new(0x0011C80A, [0xEB, 0x2A]),
			new(0x0011C84D, [0x33, 0xC0]),
			new(0x0011C9D5, [0xEB, 0x18]),
			new(0x0011CA31, [0x90, 0x90]),
			new(0x0011CB49, [0xEB, 0x18]),
			new(0x0011CC05, [0x33, 0xC0, 0x90]),
			new(0x0011CD1E, [0xEB, 0x1E]),
			new(0x0011CD4E, [0x33, 0xC0, 0x90]),
			new(0x0011D0E3, [0xEB, 0x3A]),
			new(0x0011D14B, [0xEB, 0x1C]),
			new(0x0011D177, [0x33, 0xC0, 0x90]),
			new(0x0011D30E, [0xEB, 0x14]),
			new(0x0011D379, [0x33, 0xF6, 0x90]),
			new(0x0011D770, [0xEB, 0x1C]),
			new(0x0011D7AD, [0x33, 0xC0, 0x90]),
			new(0x0011D887, [0xEB, 0x25]),
			new(0x0011D8D9, [0xEB, 0x0C]),
			new(0x0011D8F4, [0x33, 0xC0, 0x90]),
			new(0x0011DA02, [0xEB, 0x39]),
			new(0x0011DB68, [0xEB, 0x24]),
			new(0x0011DBA1, [0x33, 0xD2, 0x90]),
			new(0x0011EAF1, [0xEB, 0x17]),
			new(0x0011EB66, [0x33, 0xC0, 0x90]),
			new(0x0011ED54, [0xEB, 0x15]),
			new(0x0011ED81, [0xEB, 0x1B]),
			new(0x0011EDAC, [0x33, 0xC9, 0x90]),
			new(0x0011F1B9, [0xEB, 0x1F]),
			new(0x0011F1EB, [0xEB, 0x31]),
			new(0x001207A5, [0xEB, 0x22]),
			new(0x00120A00, [0xEB, 0x21]),
			new(0x00120A5E, [0x33, 0xC9, 0x90, 0x90, 0x90, 0x90]),
			new(0x0012104E, [0x33, 0xD2, 0x90, 0x90, 0x90, 0x90]),
			new(0x00121078, [0x33, 0xF6, 0x90, 0x90, 0x90, 0x90]),
			new(0x0012124F, [0xEB, 0x21]),
			new(0x00121283, [0x90, 0x90]),
			new(0x00121653, [0xEB, 0x20]),
			new(0x00121691, [0x33, 0xC0, 0x90]),
			new(0x00121734, [0xEB, 0x16]),
			new(0x0012174C, [0x33, 0xC9, 0x90]),
			new(0x00121EFB, [0xEB, 0x19]),
			new(0x00121F19, [0x33, 0xC0]),
			new(0x00122BEE, [0xEB, 0x1E]),
			new(0x00122C1E, [0x33, 0xC9, 0x90]),
			new(0x0012D7B1, [0xEB, 0x15]),
			new(0x0012D7D8, [0x33, 0xC9, 0x90]),
			new(0x0012DA07, [0xEB, 0x1F]),
			new(0x0012DA59, [0x33, 0xC0, 0x90]),
			new(0x0013B66E, [0xEB, 0x0F]),
			new(0x0013B67F, [0x33, 0xFF, 0x90]),
			new(0x0013B808, [0xEB, 0x1A]),
			new(0x0013B8A6, [0x90, 0x90]),
			new(0x0013C780, [0xEB, 0x14]),
			new(0x0013C7B1, [0x33, 0xC9]),
			new(0x0014B013, [0xEB, 0x18]),
			new(0x0014B03E, [0xEB, 0x44]),
			new(0x0014B149, [0xEB, 0x19]),
			new(0x0014B182, [0x33, 0xC9, 0x90]),
			new(0x0014B21B, [0xEB, 0x41]),
			new(0x0014B27B, [0xEB, 0x17]),
			new(0x0014B2B0, [0x33, 0xF6, 0x90]),
			new(0x0014BEF3, [0xEB, 0x0C]),
			new(0x0014BF09, [0xEB, 0x1E]),
			new(0x0014C060, [0x33, 0xC9, 0x90]),
			new(0x0014C6B6, [0xEB, 0x1C]),
			new(0x0014C6E5, [0x90, 0x90]),
			new(0x0014CCE3, [0xEB, 0x21]),
			new(0x0014CD2F, [0xEB, 0x14]),
			new(0x0014CD66, [0xEB, 0x42]),
			new(0x0014CE8E, [0xEB, 0x3C]),
			new(0x0014CF0E, [0xEB, 0x19]),
			new(0x0014CF4A, [0x90, 0x90]),
			new(0x0015E19F, [0xEB, 0x14]),
			new(0x0015E1DC, [0x33, 0xC0]),
			new(0x00163ED1, [0xEB, 0x15]),
			new(0x00163F3D, [0xEB, 0x1E]),
			new(0x00163F6B, [0x33, 0xC9, 0x90]),
			new(0x0016E1D3, [0xEB, 0x0C]),
			new(0x0016E1F1, [0xEB, 0x1E]),
			new(0x0016E214, [0x33, 0xC0]),
			new(0x001754E7, [0xEB, 0x21]),
			new(0x0017551D, [0xEB, 0x3D]),
			new(0x00175F1A, [0xEB, 0x1A]),
			new(0x00175F5F, [0xEB, 0x15]),
			new(0x00175F76, [0x33, 0xF6, 0x90]),
			new(0x00179B99, [0xEB, 0x15]),
			new(0x00179BE7, [0xEB, 0x1F]),
			new(0x00179C2C, [0x90, 0x90]),
			new(0x0017A075, [0xEB, 0x24]),
			new(0x0017A0BC, [0x90, 0x90]),
			new(0x0017A137, [0xEB, 0x1B]),
			new(0x0017A17D, [0xEB, 0x15]),
			new(0x0017A1DA, [0x33, 0xC9, 0x90]),
			new(0x0017A272, [0xEB, 0x16]),
			new(0x0017A29A, [0x33, 0xD2, 0x90]),
			new(0x0017A332, [0xEB, 0x3B]),
			new(0x0017A3AA, [0xEB, 0x14]),
			new(0x0017A3D0, [0xEB, 0x14]),
			new(0x0017A401, [0x33, 0xC9, 0x90]),
			new(0x0017A5E8, [0xEB, 0x1C]),
			new(0x0017A617, [0x90, 0x90]),
			new(0x0017A6B4, [0xEB, 0x16]),
			new(0x0017A6DC, [0x33, 0xC9, 0x90]),
			new(0x0017D7E0, [0xEB, 0x16]),
			new(0x0017D80A, [0x33, 0xD2, 0x90]),
			new(0x0017DC28, [0xEB, 0x1A]),
			new(0x0017DC55, [0xEB, 0x38]),
			new(0x0017EE63, [0xEB, 0x26]),
			new(0x0017EE9C, [0x90, 0x90]),
			new(0x00183724, [0xEB, 0x28]),
			new(0x0018375F, [0x90, 0x90]),
			new(0x00183868, [0xEB, 0x1F]),
			new(0x0018388C, [0xEB, 0x33]),
			new(0x00183A59, [0xEB, 0x1D]),
			new(0x00183A78, [0x33, 0xC0, 0x90]),
			new(0x001857E0, [0xEB, 0x24]),
			new(0x00185817, [0xEB, 0x3B]),
			new(0x0018D5FE, [0xEB, 0x19]),
			new(0x0018D619, [0x33, 0xD2, 0x90]),
			new(0x00196AC4, [0xEB, 0x27]),
			new(0x00196B3C, [0x33, 0xF6, 0x90]),
			new(0x0019997D, [0xEB, 0x21]),
			new(0x001999A0, [0x33, 0xF6, 0x90]),
			new(0x0019B8A8, [0xEB, 0x1C]),
			new(0x0019B989, [0x33, 0xD2]),
			new(0x0019D0D0, [0xEB, 0x0C]),
			new(0x0019D0E0, [0xEB, 0x1C]),
			new(0x0019D10C, [0x33, 0xC9, 0x90]),
			new(0x001A4615, [0xEB, 0x0F]),
			new(0x001A4644, [0x33, 0xC9, 0x90]),
			new(0x001AA99D, [0xEB, 0x1A]),
			new(0x001AA9C7, [0x33, 0xD2, 0x90]),
			new(0x001C1F15, [0xEB, 0x21]),
			new(0x001C1F3B, [0x33, 0xC0, 0x90]),
			new(0x001C2105, [0xEB, 0x18]),
			new(0x001C2122, [0x33, 0xC0, 0x90]),
			new(0x001C221E, [0xEB, 0x1C]),
			new(0x001C236E, [0x33, 0xC9, 0x90]),
			new(0x001C2831, [0xEB, 0x26]),
			new(0x001C286A, [0x90, 0x90]),
			new(0x001C421C, [0xEB, 0x17]),
			new(0x001C4235, [0x33, 0xC9, 0x90]),
			new(0x001C4F4B, [0xEB, 0x14]),
			new(0x001C4F82, [0xEB, 0x42]),
			new(0x001C6219, [0xEB, 0x1B]),
			new(0x001C6249, [0x90, 0x90]),
			new(0x001C83BD, [0xEB, 0x1F]),
			new(0x001C83FF, [0xEB, 0x56]),
			new(0x001C8962, [0xEB, 0x1B]),
			new(0x001C89A0, [0x90, 0x90, 0x90, 0x90, 0x90, 0x90]),
			new(0x001CC7B7, [0xEB, 0x22]),
			new(0x001CC7E9, [0x33, 0xC9, 0x90]),
			new(0x001CE968, [0xEB, 0x1B]),
			new(0x001CE9D6, [0x33, 0xD2, 0x90]),
			new(0x001D09A7, [0xEB, 0x0C]),
			new(0x001D09E0, [0xEB, 0x19]),
			new(0x001D0A19, [0xEB, 0x49]),
			new(0x001D1A3D, [0xEB, 0x1F]),
			new(0x001D1A6C, [0x33, 0xC0, 0x90]),
			new(0x001D4D9E, [0xEB, 0x1B]),
			new(0x001D4DE3, [0xEB, 0x15]),
			new(0x001D4E0E, [0x90, 0x90]),
			new(0x001DC467, [0xEB, 0x25]),
			new(0x001DC4BF, [0x33, 0xC9, 0x90]),
			new(0x001DCB8C, [0xEB, 0x19]),
			new(0x001DCBB8, [0xEB, 0x32]),
			new(0x001E0EF1, [0xEB, 0x50]),
			new(0x001E0F63, [0xEB, 0x14]),
			new(0x001E0FA6, [0xEB, 0x2F]),
			new(0x001E2002, [0xEB, 0x25]),
			new(0x001E206F, [0xEB, 0x3D]),
			new(0x001E22F2, [0xEB, 0x3C]),
			new(0x001E236B, [0xEB, 0x19]),
			new(0x001E2394, [0x33, 0xC0, 0x90]),
			new(0x001E2451, [0xEB, 0x0C]),
			new(0x001E24A6, [0xEB, 0x19]),
			new(0x001E24C4, [0x33, 0xC0]),
			new(0x001E2560, [0xEB, 0x16]),
			new(0x001E257B, [0xEB, 0x45]),
			new(0x001E2D0D, [0xEB, 0x02]),
			new(0x001E2D94, [0x33, 0xD2, 0x90]),
			new(0x001E84A1, [0xEB, 0x19]),
			new(0x001E84E0, [0x33, 0xC9, 0x90]),
			new(0x001EE8AC, [0xEB, 0x0C]),
			new(0x001EE8DC, [0xEB, 0x1D]),
			new(0x001EE917, [0x33, 0xC9, 0x90]),
			new(0x001EFD95, [0xEB, 0x49]),
			new(0x001EFE02, [0xEB, 0x16]),
			new(0x001EFE29, [0x33, 0xF6, 0x90]),
			new(0x001FC9B8, [0xEB, 0x14]),
			new(0x001FCA40, [0xEB, 0x14]),
			new(0x001FCA64, [0x33, 0xC0, 0x90]),
			new(0x001FCB8E, [0xEB, 0x0C]),
			new(0x001FCB9F, [0xEB, 0x1C]),
			new(0x001FCBDC, [0x33, 0xD2]),
			new(0x001FCC94, [0xEB, 0x20]),
			new(0x001FCCDE, [0xEB, 0x34]),
			new(0x001FCD5E, [0xEB, 0x14]),
			new(0x001FCD74, [0x33, 0xC9, 0x90]),
			new(0x001FE871, [0xEB, 0x19]),
			new(0x001FE88F, [0xEB, 0x35]),
			new(0x0020003A, [0xEB, 0x14]),
			new(0x00200352, [0xEB, 0x22]),
			new(0x00200394, [0x90, 0x90]),
			new(0x00207723, [0xEB, 0x3A]),
			new(0x00207792, [0xEB, 0x1C]),
			new(0x002077D1, [0x90, 0x90, 0x90, 0x90, 0x90, 0x90]),
			new(0x00207C39, [0xEB, 0x15]),
			new(0x00207C5B, [0xEB, 0x18]),
			new(0x00207C88, [0x90, 0x90]),
			new(0x0020BE74, [0xEB, 0x17]),
			new(0x0020BEAE, [0x90, 0x90, 0x90, 0x90, 0x90, 0x90]),
			new(0x0020C478, [0xEB, 0x1A]),
			new(0x0020C4A2, [0x33, 0xC0, 0x90]),
			new(0x0020C563, [0xEB, 0x1C]),
			new(0x0020C5B3, [0x33, 0xC0, 0x90]),
			new(0x0020EE73, [0xEB, 0x1D]),
			new(0x0020EEBA, [0xEB, 0x14]),
			new(0x0020EED0, [0x33, 0xF6, 0x90]),
			new(0x002163EF, [0xEB, 0x14]),
			new(0x00216413, [0x33, 0xC9, 0x90]),
			new(0x0021663D, [0xEB, 0x0C]),
			new(0x00216692, [0xEB, 0x1B]),
			new(0x002166BF, [0x33, 0xC0, 0x90]),
			new(0x00216A96, [0xEB, 0x15]),
			new(0x00216AC2, [0xEB, 0x19]),
			new(0x00216AEE, [0xEB, 0x38]),
			new(0x00216B76, [0xEB, 0x17]),
			new(0x00216BBE, [0xEB, 0x42]),
			new(0x00216C72, [0xEB, 0x18]),
			new(0x00216C9C, [0x33, 0xC9, 0x90]),
			new(0x00219761, [0xEB, 0x36]),
			new(0x002197C9, [0xEB, 0x1B]),
			new(0x00219822, [0x33, 0xC0, 0x90]),
			new(0x0021C3C6, [0xEB, 0x23]),
			new(0x0021C424, [0xEB, 0x0C]),
			new(0x0021C456, [0x33, 0xF6, 0x90]),
			new(0x0021CDEB, [0xEB, 0x14]),
			new(0x0021CE4B, [0xEB, 0x16]),
			new(0x0021CE63, [0x33, 0xC9, 0x90]),
			new(0x0021D51F, [0xEB, 0x15]),
			new(0x0021D53B, [0xEB, 0x1E]),
			new(0x0021D57C, [0x33, 0xC0]),
			new(0x0021E67A, [0xEB, 0x1B]),
			new(0x0021E699, [0x33, 0xD2, 0x90]),
			new(0x0021E7AD, [0xEB, 0x15]),
			new(0x0021E7E2, [0x33, 0xC0, 0x90]),
			new(0x0021EA45, [0xEB, 0x42]),
			new(0x0021EC98, [0xEB, 0x1C]),
			new(0x0021ECF0, [0xEB, 0x32]),
			new(0x0021EF7E, [0xEB, 0x0C]),
			new(0x0021F259, [0xEB, 0x16]),
			new(0x0021F27C, [0xEB, 0x29]),
			new(0x0021F7FA, [0xEB, 0x14]),
			new(0x0021F857, [0xEB, 0x1E]),
			new(0x0021F877, [0x33, 0xF6, 0x90]),
			new(0x0021FA3E, [0xEB, 0x0F]),
			new(0x0021FA5F, [0x33, 0xC9, 0x90]),
			new(0x002200A8, [0xEB, 0x24]),
			new(0x002200F7, [0xEB, 0x0C]),
			new(0x00220108, [0x33, 0xC0]),
			new(0x00220389, [0xEB, 0x1E]),
			new(0x002203B9, [0x33, 0xC9, 0x90]),
			new(0x00220F23, [0xEB, 0x21]),
			new(0x00220F55, [0xEB, 0x36]),
			new(0x00221326, [0xEB, 0x23]),
			new(0x00221367, [0x33, 0xC0, 0x90]),
			new(0x00221A16, [0xEB, 0x14]),
			new(0x00221A93, [0xEB, 0x19]),
			new(0x00221B2C, [0x33, 0xD2, 0x90]),
			new(0x00221D7D, [0xEB, 0x0C]),
			new(0x00221D90, [0xEB, 0x14]),
			new(0x00221E05, [0xEB, 0x42]),
			new(0x00221EFB, [0xEB, 0x21]),
			new(0x00221F2E, [0x33, 0xD2, 0x90]),
			new(0x00222268, [0xEB, 0x1A]),
			new(0x002222AE, [0x33, 0xC9, 0x90]),
			new(0x00222378, [0xEB, 0x1A]),
			new(0x002223BE, [0x33, 0xC9, 0x90]),
			new(0x00222478, [0xEB, 0x1A]),
			new(0x002224BE, [0x33, 0xC9, 0x90]),
			new(0x00222588, [0xEB, 0x1A]),
			new(0x002225CE, [0x33, 0xC9, 0x90]),
			new(0x00222698, [0xEB, 0x1A]),
			new(0x002226DE, [0x33, 0xC9, 0x90]),
			new(0x002227A8, [0xEB, 0x1A]),
			new(0x002227EE, [0x33, 0xC9, 0x90]),
			new(0x002228C8, [0xEB, 0x1A]),
			new(0x0022290E, [0x33, 0xC9, 0x90]),
			new(0x002253B2, [0xEB, 0x15]),
			new(0x002253CC, [0xEB, 0x19]),
			new(0x00225405, [0x33, 0xC0, 0x90]),
			new(0x002257DC, [0xEB, 0x17]),
			new(0x0022588C, [0x33, 0xC0, 0x90]),
			new(0x00227800, [0xEB, 0x15]),
			new(0x00227899, [0xEB, 0x1C]),
			new(0x002278EF, [0x33, 0xC0, 0x90]),
			new(0x00229137, [0xEB, 0x1D]),
			new(0x00229164, [0x33, 0xC9, 0x90]),
			new(0x0022977D, [0xEB, 0x20]),
			new(0x002297AF, [0x33, 0xC0, 0x90]),
			new(0x0022A6D6, [0xEB, 0x3E]),
			new(0x0022A751, [0xEB, 0x1E]),
			new(0x0022A782, [0xEB, 0x37]),
			new(0x0022B0C7, [0xEB, 0x34]),
			new(0x0022B13F, [0xEB, 0x16]),
			new(0x0022B168, [0x90, 0x90]),
			new(0x0022B239, [0xEB, 0x1F]),
			new(0x0022B286, [0x33, 0xC9, 0x90]),
			new(0x0022B348, [0xEB, 0x0C]),
			new(0x0022B47E, [0xEB, 0x21]),
			new(0x0022B585, [0x33, 0xC0]),
			new(0x0022CAD2, [0xEB, 0x36]),
			new(0x0022CC5B, [0xEB, 0x16]),
			new(0x0022CCEB, [0x33, 0xC0, 0x90]),
			new(0x0022CE37, [0xEB, 0x22]),
			new(0x0022CF21, [0x33, 0xC0, 0x90]),
			new(0x00230382, [0xEB, 0x2D]),
			new(0x00230451, [0xEB, 0x34]),
			new(0x002304EA, [0xEB, 0x18]),
			new(0x00230527, [0x33, 0xC0]),
			new(0x002305B3, [0xEB, 0x0C]),
			new(0x002305E4, [0xEB, 0x19]),
			new(0x0023060F, [0x33, 0xC9, 0x90]),
			new(0x00232F50, [0xEB, 0x0F]),
			new(0x00232F61, [0x33, 0xC9, 0x90]),
			new(0x002377C8, [0xEB, 0x15]),
			new(0x00237909, [0xEB, 0x20]),
			new(0x00237956, [0x90, 0x90, 0x90, 0x90, 0x90, 0x90]),
			new(0x00238E90, [0xEB, 0x17]),
			new(0x00238EBA, [0x90, 0x90]),
			new(0x00243D6B, [0xEB, 0x17]),
			new(0x00243DC2, [0xEB, 0x38]),
			new(0x00245FB2, [0xEB, 0x19]),
			new(0x00245FCD, [0x33, 0xD2, 0x90]),
			new(0x002463A5, [0xEB, 0x1D]),
			new(0x002463E2, [0x33, 0xC9, 0x90]),
			new(0x00246568, [0xEB, 0x1C]),
			new(0x002465BF, [0xEB, 0x0C]),
			new(0x002465DA, [0x33, 0xC0, 0x90]),
			new(0x002467D7, [0xEB, 0x1B]),
			new(0x00246805, [0xEB, 0x4D]),
			new(0x002468B2, [0xEB, 0x14]),
			new(0x002468E8, [0xEB, 0x1F]),
			new(0x0024692A, [0xEB, 0x36]),
			new(0x002469C3, [0xEB, 0x16]),
			new(0x00246A17, [0x33, 0xC9, 0x90]),
			new(0x00246B63, [0xEB, 0x0C]),
			new(0x00246C08, [0xEB, 0x17]),
			new(0x00246C24, [0xEB, 0x49]),
			new(0x00246CE1, [0xEB, 0x0C]),
			new(0x00246D04, [0xEB, 0x1E]),
			new(0x00246D34, [0x33, 0xC9, 0x90]),
			new(0x00246DF3, [0xEB, 0x1B]),
			new(0x00246E4B, [0x90, 0x90]),
			new(0x00248B55, [0xEB, 0x1E]),
			new(0x00248B84, [0x33, 0xD2]),
			new(0x00248C68, [0xEB, 0x0C]),
			new(0x00248C8F, [0xEB, 0x16]),
			new(0x00248CC5, [0x33, 0xC9, 0x90]),
			new(0x00249263, [0xEB, 0x16]),
			new(0x0024929C, [0xEB, 0x45]),
			new(0x00249373, [0xEB, 0x17]),
			new(0x0024939C, [0x33, 0xC9, 0x90]),
			new(0x00249C4D, [0xEB, 0x18]),
			new(0x00249E1F, [0x33, 0xC0]),
			new(0x0024A407, [0xEB, 0x22]),
			new(0x0024A44A, [0x33, 0xC9]),
			new(0x0024B3A1, [0xEB, 0x14]),
			new(0x0024B3C7, [0x33, 0xC9, 0x90]),
			new(0x0024C2CF, [0xEB, 0x3A]),
			new(0x0024C338, [0xEB, 0x1C]),
			new(0x0024C383, [0x33, 0xD2, 0x90]),
			new(0x0024C453, [0xEB, 0x4E]),
			new(0x0024C4EB, [0xEB, 0x1E]),
			new(0x0024C51B, [0x33, 0xD2, 0x90]),
			new(0x0024CC89, [0xEB, 0x1A]),
			new(0x0024CD7B, [0x33, 0xC9, 0x90]),
			new(0x002504BE, [0xEB, 0x16]),
			new(0x002504F4, [0x33, 0xC9, 0x90]),
			new(0x00250647, [0xEB, 0x1B]),
			new(0x002506AD, [0xEB, 0x0C]),
			new(0x002506CB, [0x90, 0x90]),
			new(0x002533CD, [0xEB, 0x12]),
			new(0x0025340D, [0x90, 0x90]),
			new(0x00254530, [0xEB, 0x25]),
			new(0x002545B0, [0xEB, 0x15]),
			new(0x00254683, [0x90, 0x90]),
			new(0x00254A33, [0xEB, 0x23]),
			new(0x00254AB7, [0x33, 0xC9, 0x90]),
			new(0x00255FDE, [0xEB, 0x14]),
			new(0x00255FF7, [0x33, 0xC0]),
			new(0x00256B83, [0xEB, 0x15]),
			new(0x00256C0B, [0xEB, 0x19]),
			new(0x00256C29, [0x33, 0xC0]),
			new(0x00256DEE, [0xEB, 0x1C]),
			new(0x00256E23, [0x33, 0xFF, 0x90]),
			new(0x00258BA2, [0xEB, 0x48]),
			new(0x00258C32, [0xEB, 0x22]),
			new(0x00258CCD, [0xEB, 0x34]),
			new(0x0025AE52, [0xEB, 0x1E]),
			new(0x0025AEA4, [0x33, 0xD2, 0x90]),
			new(0x0025C26D, [0xEB, 0x0C]),
			new(0x0025C27D, [0xEB, 0x10]),
			new(0x0025C28F, [0x33, 0xFF, 0x90]),
			new(0x0025C871, [0xEB, 0x16]),
			new(0x0025C8B5, [0x33, 0xC9, 0x90]),
			new(0x0025CA88, [0xEB, 0x37]),
			new(0x0025CAE9, [0xEB, 0x0C]),
			new(0x0025CB13, [0xEB, 0x19]),
			new(0x0025CB3F, [0x33, 0xD2]),
			new(0x0025CE5E, [0xEB, 0x16]),
			new(0x0025CE87, [0xEB, 0x34]),
			new(0x0025CF83, [0xEB, 0x0C]),
			new(0x0025CF94, [0xEB, 0x21]),
			new(0x0025CFD3, [0x33, 0xC9, 0x90]),
			new(0x0025D6B2, [0xEB, 0x0C]),
			new(0x0025D700, [0xEB, 0x1C]),
			new(0x0025D71E, [0x33, 0xC9, 0x90]),
			new(0x0025DC37, [0xEB, 0x0C]),
			new(0x0025DC4D, [0xEB, 0x15]),
			new(0x0025DC82, [0x33, 0xC9, 0x90]),
			new(0x0025F7FB, [0xEB, 0x15]),
			new(0x0025F859, [0xEB, 0x19]),
			new(0x0025F88D, [0x33, 0xFF, 0x90]),
			new(0x002630C1, [0xEB, 0x1A]),
			new(0x0026310A, [0x33, 0xC0, 0x90]),
			new(0x0026322B, [0xEB, 0x14]),
			new(0x00263244, [0xEB, 0x23]),
			new(0x00263277, [0x33, 0xC9, 0x90]),
			new(0x00264A21, [0xEB, 0x1E]),
			new(0x00264A51, [0x33, 0xC0, 0x90]),
			new(0x002684FD, [0xEB, 0x0C]),
			new(0x00268510, [0xEB, 0x15]),
			new(0x0026853B, [0x90, 0x90, 0x90, 0x90, 0x90, 0x90]),
			new(0x00292528, [0xEB, 0x1F]),
			new(0x00292557, [0x33, 0xC9, 0x90]),
			new(0x0029321A, [0xEB, 0x18]),
			new(0x0029331C, [0xEB, 0x0C]),
			new(0x002933AB, [0x33, 0xC9, 0x90]),
			new(0x00294ACF, [0xEB, 0x0C]),
			new(0x00294B0B, [0xEB, 0x1B]),
			new(0x00294B91, [0x33, 0xD2, 0x90]),
			new(0x00295272, [0xEB, 0x17]),
			new(0x002952F5, [0xEB, 0x4D]),
			new(0x00295865, [0xEB, 0x1E]),
			new(0x00295895, [0x33, 0xC9, 0x90]),
			new(0x0029A8B3, [0xEB, 0x3E]),
			new(0x0029A937, [0xEB, 0x16]),
			new(0x0029A94F, [0x33, 0xDB, 0x90]),
			new(0x002AC9D5, [0xEB, 0x19]),
			new(0x002ACA03, [0xEB, 0x37]),
			new(0x002ADDA5, [0xEB, 0x15]),
			new(0x002ADDD5, [0xEB, 0x0F]),
			new(0x002AE022, [0x33, 0xC9, 0x90]),
			new(0x002B0A83, [0xEB, 0x3C]),
			new(0x002B0AE7, [0xEB, 0x1D]),
			new(0x002B0B41, [0x33, 0xD2, 0x90]),
			new(0x002B0BEA, [0xEB, 0x1D]),
			new(0x002B0C19, [0x33, 0xC9, 0x90]),
			new(0x002B0CA9, [0xEB, 0x1B]),
			new(0x002B0CC9, [0xEB, 0x48]),
			new(0x002B0E48, [0xEB, 0x1B]),
			new(0x002B0E95, [0x33, 0xC0, 0x90]),
			new(0x002B1D1D, [0xEB, 0x0C]),
			new(0x002B1DB8, [0xEB, 0x1F]),
			new(0x002B1DE9, [0x90, 0x90]),
			new(0x002B1E85, [0xEB, 0x53]),
			new(0x002B1F87, [0xEB, 0x25]),
			new(0x002B1FBB, [0x90, 0x90]),
			new(0x002B295C, [0xEB, 0x13]),
			new(0x002B2974, [0xEB, 0x35]),
			new(0x002B29FD, [0xEB, 0x15]),
			new(0x002B2A48, [0xEB, 0x1F]),
			new(0x002B2A69, [0x33, 0xD2, 0x90]),
			new(0x002B2B0A, [0xEB, 0x0C]),
			new(0x002B2B3C, [0xEB, 0x16]),
			new(0x002B2B64, [0x33, 0xC9, 0x90]),
			new(0x002B45B2, [0xEB, 0x21]),
			new(0x002B45FE, [0xEB, 0x0C]),
			new(0x002B461A, [0x33, 0xD2, 0x90]),
			new(0x002B4DBD, [0xEB, 0x1A]),
			new(0x002B4DEA, [0xEB, 0x35]),
			new(0x002B57D4, [0xEB, 0x1E]),
			new(0x002B580E, [0x33, 0xD2, 0x90]),
			new(0x002BD2DF, [0xEB, 0x3D]),
			new(0x002BD34E, [0xEB, 0x0F]),
			new(0x002BD380, [0x90, 0x90]),
			new(0x002BD430, [0xEB, 0x1B]),
			new(0x002BD4AA, [0xEB, 0x39]),
			new(0x002BF727, [0xEB, 0x1B]),
			new(0x002BF75C, [0x33, 0xC9]),
			new(0x002C0A42, [0xEB, 0x22]),
			new(0x002C0AFC, [0x33, 0xC9, 0x90]),
			new(0x002C0FC6, [0xEB, 0x3E]),
			new(0x002C1037, [0xEB, 0x23]),
			new(0x002C107D, [0xEB, 0x34]),
			new(0x002C1130, [0xEB, 0x21]),
			new(0x002C1162, [0x33, 0xC9]),
			new(0x002C1ED1, [0xEB, 0x14]),
			new(0x002C1F26, [0xEB, 0x19]),
			new(0x002C1F6E, [0x33, 0xD2, 0x90]),
			new(0x002C3DBE, [0xEB, 0x11]),
			new(0x002C3E55, [0x33, 0xC9, 0x90]),
			new(0x002C63E3, [0xEB, 0x1D]),
			new(0x002C6430, [0x90, 0x90]),
			new(0x002C7375, [0xEB, 0x1C]),
			new(0x002C745E, [0x33, 0xC9, 0x90]),
			new(0x002C9D18, [0xEB, 0x1A]),
			new(0x002C9D54, [0x33, 0xC0]),
			new(0x002CA066, [0xEB, 0x1E]),
			new(0x002CA103, [0xEB, 0x0C]),
			new(0x002CA135, [0x33, 0xC9, 0x90]),
			new(0x002CA75A, [0xEB, 0x15]),
			new(0x002CA784, [0x90, 0x90]),
			new(0x002CA825, [0xEB, 0x1D]),
			new(0x002CA847, [0xEB, 0x37]),
			new(0x002CB736, [0xEB, 0x1C]),
			new(0x002CB789, [0x33, 0xD2, 0x90]),
			new(0x002CB845, [0xEB, 0x55]),
			new(0x002CB970, [0xEB, 0x14]),
			new(0x002CBA12, [0xEB, 0x18]),
			new(0x002CBAD0, [0xEB, 0x35]),
			new(0x002CBBB3, [0xEB, 0x11]),
			new(0x002CBBC9, [0xEB, 0x31]),
			new(0x002CC37C, [0xEB, 0x18]),
			new(0x002CC396, [0x33, 0xD2, 0x90]),
			new(0x002CC4DD, [0xEB, 0x0C]),
			new(0x002CC4EE, [0xEB, 0x1C]),
			new(0x002CC556, [0x33, 0xC9, 0x90]),
			new(0x002CCABC, [0xEB, 0x16]),
			new(0x002CCAE4, [0x33, 0xC9, 0x90]),
			new(0x002CD5CB, [0xEB, 0x1E]),
			new(0x002CD605, [0x33, 0xD2, 0x90]),
			new(0x002CE500, [0xEB, 0x1C]),
			new(0x002CE52E, [0x33, 0xC0, 0x90]),
			new(0x002CE7D4, [0xEB, 0x1C]),
			new(0x002CE817, [0x90, 0x90, 0x90, 0x90, 0x90, 0x90]),
			new(0x002CE9C4, [0xEB, 0x28]),
			new(0x002CE9FE, [0x33, 0xD2, 0x90]),
			new(0x002CF22C, [0xEB, 0x0C]),
			new(0x002CF267, [0xEB, 0x1E]),
			new(0x002CF28A, [0xEB, 0x34]),
			new(0x002CF322, [0xEB, 0x3E]),
			new(0x002CF39A, [0xEB, 0x19]),
			new(0x002CF3C5, [0x33, 0xD2, 0x90]),
			new(0x002CF658, [0xEB, 0x1C]),
			new(0x002CF687, [0xEB, 0x31]),
			new(0x002CF7DB, [0xEB, 0x1C]),
			new(0x002CF807, [0x33, 0xC9, 0x90]),
			new(0x002CFE04, [0xEB, 0x1E]),
			new(0x002CFE42, [0x33, 0xD2, 0x90]),
			new(0x002D0998, [0xEB, 0x1C]),
			new(0x002D09B9, [0xEB, 0x35]),
			new(0x002D0F22, [0xEB, 0x0F]),
			new(0x002D0F63, [0x33, 0xC9, 0x90]),
			new(0x002D1BE4, [0xEB, 0x23]),
			new(0x002D1CA9, [0x33, 0xC0, 0x90]),
			new(0x002D2173, [0xEB, 0x20]),
			new(0x002D21B3, [0x33, 0xC9, 0x90]),
			new(0x002D536D, [0xEB, 0x1A]),
			new(0x002D53B1, [0xEB, 0x15]),
			new(0x002D5402, [0x33, 0xD2, 0x90]),
			new(0x002D5EB2, [0xEB, 0x14]),
			new(0x002D5EC8, [0x33, 0xD2, 0x90]),
			new(0x002D607A, [0xEB, 0x1C]),
			new(0x002D60AF, [0xEB, 0x4C]),
			new(0x002D653F, [0xEB, 0x21]),
			new(0x002D6593, [0xEB, 0x2F]),
			new(0x002D6FA0, [0xEB, 0x11]),
			new(0x002D6FD1, [0x33, 0xC9, 0x90]),
			new(0x002D7142, [0xEB, 0x4D]),
			new(0x002D7201, [0xEB, 0x0C]),
			new(0x002D7212, [0xEB, 0x1E]),
			new(0x002D7244, [0x33, 0xC9]),
			new(0x002D7432, [0xEB, 0x12]),
			new(0x002D7587, [0x33, 0xC9, 0x90]),
			new(0x002D7793, [0xEB, 0x14]),
			new(0x002D77B9, [0x33, 0xD2, 0x90]),
			new(0x002D78E3, [0xEB, 0x19]),
			new(0x002D790F, [0xEB, 0x34]),
			new(0x002D7EED, [0xEB, 0x15]),
			new(0x002D7F30, [0x33, 0xC9, 0x90]),
			new(0x002D8004, [0xEB, 0x19]),
			new(0x002D8022, [0x33, 0xC0]),
			new(0x002D8737, [0xEB, 0x1E]),
			new(0x002D8767, [0xEB, 0x3B]),
			new(0x002D87F3, [0xEB, 0x15]),
			new(0x002D892F, [0xEB, 0x22]),
			new(0x002D8959, [0x90, 0x90]),
			new(0x002D9921, [0xEB, 0x21]),
			new(0x002D9970, [0xEB, 0x35]),
			new(0x002D9CF5, [0xEB, 0x1D]),
			new(0x002D9DE2, [0xEB, 0x3F]),
			new(0x002D9E9D, [0xEB, 0x13]),
			new(0x002D9EC6, [0x90, 0x90]),
			new(0x002DA873, [0xEB, 0x1B]),
			new(0x002DA890, [0x33, 0xC0, 0x90]),
			new(0x002DA93B, [0xEB, 0x21]),
			new(0x002DA96C, [0x33, 0xC9, 0x90]),
			new(0x002DAA57, [0xEB, 0x3A]),
			new(0x002DAADB, [0xEB, 0x0C]),
			new(0x002DAAFA, [0xEB, 0x16]),
			new(0x002DAB23, [0x90, 0x90]),
			new(0x002DB6EF, [0xEB, 0x3B]),
			new(0x002DB82E, [0xEB, 0x1B]),
			new(0x002DB901, [0x33, 0xC9, 0x90]),
			new(0x002DD444, [0xEB, 0x19]),
			new(0x002DD480, [0xEB, 0x44]),
			new(0x002DD513, [0xEB, 0x19]),
			new(0x002DD54C, [0x33, 0xC9, 0x90]),
			new(0x002DD69E, [0xEB, 0x16]),
			new(0x002DD706, [0x33, 0xC9, 0x90]),
			new(0x002DD830, [0xEB, 0x1B]),
			new(0x002DD84D, [0x33, 0xD2, 0x90]),
			new(0x002DDED8, [0xEB, 0x4E]),
			new(0x002DDF4B, [0xEB, 0x17]),
			new(0x002DDF96, [0x33, 0xC0, 0x90]),
			new(0x002DF4CB, [0xEB, 0x1A]),
			new(0x002DF4F7, [0x33, 0xC9, 0x90]),
			new(0x002F8B47, [0xEB, 0x1B]),
			new(0x002F8BAF, [0x33, 0xC9]),
			new(0x002F8C2E, [0xEB, 0x1E]),
			new(0x002F8C7B, [0x33, 0xC9, 0x90]),
			new(0x002F8F16, [0xEB, 0x19]),
			new(0x002F8F5E, [0x33, 0xC9, 0x90]),
			new(0x002F9092, [0xEB, 0x15]),
			new(0x002F90DE, [0xEB, 0x12]),
			new(0x002F9105, [0x90, 0x90]),
			new(0x002F92A2, [0xEB, 0x15]),
			new(0x002F92C7, [0x33, 0xD2, 0x90]),
			new(0x002F9494, [0xEB, 0x0C]),
			new(0x002F94A5, [0xEB, 0x29]),
			new(0x002F94FE, [0x33, 0xC0, 0x90]),
			new(0x002F9BAE, [0xEB, 0x1B]),
			new(0x002F9C11, [0xEB, 0x0C]),
			new(0x002F9C2F, [0x33, 0xC9, 0x90]),
			new(0x002FAE8D, [0xEB, 0x1F]),
			new(0x002FAEBC, [0x33, 0xD2, 0x90]),
			new(0x0031C12A, [0xEB, 0x1A]),
			new(0x0031C179, [0x33, 0xC9, 0x90]),
			new(0x0031C7B6, [0xEB, 0x0C]),
			new(0x0031C7E2, [0xEB, 0x1E]),
			new(0x0031C802, [0x33, 0xC0, 0x90]),
			new(0x0031C8A8, [0xEB, 0x14]),
			new(0x0031C8CE, [0xEB, 0x14]),
			new(0x0031C902, [0x33, 0xC9, 0x90]),
			new(0x0031C99F, [0xEB, 0x0C]),
			new(0x0031C9AF, [0xEB, 0x1B]),
			new(0x0031C9DD, [0x33, 0xD2]),
			new(0x0031D23E, [0xEB, 0x19]),
			new(0x0031D284, [0x33, 0xC9, 0x90]),
			new(0x0031FF1C, [0xEB, 0x11]),
			new(0x0031FF54, [0x33, 0xC9, 0x90]),
			new(0x00325EA4, [0xEB, 0x19]),
			new(0x00325EDC, [0x33, 0xC9, 0x90]),
			new(0x0032603A, [0xEB, 0x13]),
			new(0x00326060, [0x90, 0x90, 0x90, 0x90, 0x90, 0x90]),
			new(0x00326D4E, [0xEB, 0x0C]),
			new(0x00326D7D, [0xEB, 0x1E]),
			new(0x00326DAD, [0x33, 0xC9, 0x90]),
			new(0x00326E5B, [0xEB, 0x1E]),
			new(0x00326E90, [0x90, 0x90]),
			new(0x0033C4BB, [0xEB, 0x21]),
			new(0x0033CA17, [0x90, 0x90, 0x90, 0x90, 0x90, 0x90]),
			new(0x0033CC3D, [0xEB, 0x17]),
			new(0x0033CCB8, [0xEB, 0x17]),
			new(0x0033CE42, [0x33, 0xC9, 0x90]),
			new(0x0033DA3C, [0xEB, 0x21]),
			new(0x0033DA6F, [0x33, 0xC0, 0x90]),
			new(0x0033FB7A, [0xEB, 0x4C]),
			new(0x0033FC28, [0xEB, 0x1F]),
			new(0x0033FC63, [0x33, 0xF6, 0x90]),
			new(0x0034122C, [0xEB, 0x18]),
			new(0x003412F5, [0x33, 0xC9, 0x90]),
			new(0x003436CB, [0xEB, 0x1C]),
			new(0x003436FC, [0xEB, 0x47]),
			new(0x00344E88, [0xEB, 0x18]),
			new(0x00345364, [0x33, 0xC9, 0x90]),
			new(0x0034823C, [0xEB, 0x1A]),
			new(0x00348F0E, [0x33, 0xF6, 0x90]),
			new(0x0035492E, [0xEB, 0x1B]),
			new(0x0035791A, [0x33, 0xC0, 0x90]),
			new(0x003579E9, [0xEB, 0x20]),
			new(0x00357A4F, [0x33, 0xC9, 0x90]),
			new(0x0035A06D, [0xEB, 0x17]),
			new(0x0035A095, [0x33, 0xC9]),
			new(0x0035A489, [0xEB, 0x0C]),
			new(0x0035A49A, [0xEB, 0x24]),
			new(0x0035A4C0, [0x33, 0xF6, 0x90]),
			new(0x0035ACFB, [0xEB, 0x1C]),
			new(0x0035ADAE, [0xEB, 0x36]),
			new(0x0035B471, [0xEB, 0x1C]),
			new(0x0035BE12, [0x90, 0x90]),
			new(0x0035BEBE, [0xEB, 0x15]),
			new(0x0035BEE5, [0xEB, 0x24]),
			new(0x0035BF19, [0x33, 0xC9, 0x90]),
			new(0x0035BF9D, [0xEB, 0x15]),
			new(0x0035BFE1, [0xEB, 0x0C]),
			new(0x0035BFFF, [0xEB, 0x37]),
			new(0x0035C41A, [0xEB, 0x1D]),
			new(0x0035C447, [0x33, 0xC9, 0x90]),
			new(0x0035C660, [0xEB, 0x0C]),
			new(0x0035C6C5, [0xEB, 0x1A]),
			new(0x0035C757, [0x33, 0xD2, 0x90]),
			new(0x0035DE47, [0xEB, 0x16]),
			new(0x0035DE6F, [0x33, 0xC9, 0x90]),
			new(0x0035DF6E, [0xEB, 0x15]),
			new(0x0035DF95, [0xEB, 0x1F]),
			new(0x0035DFC6, [0x33, 0xC9, 0x90]),
			new(0x0035E042, [0xEB, 0x18]),
			new(0x0035E07D, [0x90, 0x90]),
			new(0x0035E12C, [0xEB, 0x20]),
			new(0x0035E1E3, [0x33, 0xD2, 0x90]),
			new(0x0035F04A, [0xEB, 0x1A]),
			new(0x0035F066, [0x33, 0xF6, 0x90]),
			new(0x0035F4C4, [0xEB, 0x1F]),
			new(0x0035F50D, [0xEB, 0x0C]),
			new(0x0035F544, [0xEB, 0x41]),
			new(0x0035F5F2, [0xEB, 0x3C]),
			new(0x0035F650, [0xEB, 0x14]),
			new(0x0035F685, [0xEB, 0x35]),
			new(0x0035FDA1, [0xEB, 0x14]),
			new(0x0035FDC8, [0xEB, 0x37]),
			new(0x0036051E, [0xEB, 0x1E]),
			new(0x0036056F, [0xEB, 0x15]),
			new(0x00360594, [0x33, 0xC0, 0x90]),
			new(0x00361762, [0xEB, 0x38]),
			new(0x003617DF, [0xEB, 0x15]),
			new(0x0036181F, [0xEB, 0x14]),
			new(0x0036187D, [0x33, 0xC0, 0x90]),
			new(0x00361F0C, [0xEB, 0x0C]),
			new(0x00361F4D, [0xEB, 0x17]),
			new(0x00361F76, [0x33, 0xC9, 0x90]),
			new(0x00362B40, [0xEB, 0x17]),
			new(0x00362B97, [0xEB, 0x20]),
			new(0x00362C38, [0x33, 0xD2, 0x90]),
			new(0x003630FE, [0xEB, 0x1C]),
			new(0x0036313A, [0x33, 0xC9, 0x90]),
			new(0x00367F15, [0xEB, 0x21]),
			new(0x00367F3B, [0x33, 0xC0]),
			new(0x0036A2D6, [0xEB, 0x19]),
			new(0x0036A302, [0x33, 0xC0]),
			new(0x0037003A, [0xEB, 0x1D]),
			new(0x00370079, [0x33, 0xC0, 0x90]),
			new(0x0037017F, [0x33, 0xC9, 0x90]),
			new(0x003704B4, [0x33, 0xC9, 0x90]),
			new(0x00370533, [0x33, 0xFF, 0x90]),
			new(0x0037094D, [0xEB, 0x38]),
			new(0x003716A3, [0xEB, 0x18]),
			new(0x003717D3, [0x33, 0xC0, 0x90]),
			new(0x00371EE2, [0x33, 0xC9, 0x90]),
			new(0x00371F9D, [0x33, 0xD2, 0x90]),
			new(0x003720DA, [0x33, 0xC9, 0x90]),
			new(0x0037218D, [0x33, 0xFF, 0x90]),
			new(0x003723A0, [0x33, 0xC0, 0x90]),
			new(0x003723FD, [0x33, 0xC0, 0x90]),
			new(0x00372518, [0x33, 0xC0, 0x90]),
			new(0x00372572, [0x33, 0xD2, 0x90]),
			new(0x003725EC, [0x33, 0xC9, 0x90]),
			new(0x0037263D, [0x33, 0xDB, 0x90]),
			new(0x003716BF, [0x33, 0xC0, 0x90]),
			new(0x00372EFF, [0xEB, 0x1B]),
			new(0x00372F44, [0xEB, 0x18]),
			new(0x00372F6E, [0x33, 0xC0, 0x90]),
			new(0x003739BC, [0xEB, 0x36]),
			new(0x0037440B, [0x33, 0xC9, 0x90, 0x90, 0x90, 0x90]),
			new(0x0037487F, [0xEB, 0x1A]),
			new(0x003748C6, [0x33, 0xC9, 0x90]),
			new(0x0037F2A5, [0xEB, 0x1B]),
			new(0x0037F2F9, [0xEB, 0x3F]),
			new(0x00381D54, [0xEB, 0x23]),
			new(0x00381D79, [0x33, 0xFF, 0x90]),
			new(0x00381E13, [0xEB, 0x4D]),
			new(0x00381ED1, [0xEB, 0x0C]),
			new(0x00381EE8, [0xEB, 0x1C]),
			new(0x00381F53, [0x33, 0xC9, 0x90]),
			new(0x00382048, [0xEB, 0x1C]),
			new(0x00382076, [0x33, 0xC9, 0x90]),
			new(0x003821FC, [0xEB, 0x15]),
			new(0x003822E9, [0xEB, 0x19]),
			new(0x00382312, [0x33, 0xD2, 0x90]),
			new(0x00382487, [0xEB, 0x15]),
			new(0x003824A6, [0xEB, 0x21]),
			new(0x003824D7, [0x33, 0xD2, 0x90]),
			new(0x0038256B, [0xEB, 0x19]),
			new(0x00382586, [0x33, 0xD2, 0x90]),
			new(0x00382987, [0xEB, 0x20]),
			new(0x003829C5, [0x33, 0xD2, 0x90]),
			new(0x003846BD, [0xEB, 0x0C]),
			new(0x003846D3, [0xEB, 0x10]),
			new(0x003846F5, [0x33, 0xD2, 0x90]),
			new(0x00384973, [0xEB, 0x14]),
			new(0x003849B1, [0xEB, 0x14]),
			new(0x003849EB, [0x33, 0xFF, 0x90]),
			new(0x00386B83, [0xEB, 0x0C]),
			new(0x00386BC7, [0xEB, 0x25]),
			new(0x00386C0E, [0x33, 0xC0, 0x90]),
			new(0x00386C39, [0x33, 0xC9, 0x90]),
			new(0x00386C6F, [0x33, 0xC0, 0x90]),
			new(0x00386CC1, [0x33, 0xF6, 0x90]),
			new(0x0038720A, [0xEB, 0x13]),
			new(0x0038723F, [0x33, 0xC0]),
			new(0x0038735A, [0xEB, 0x0C]),
			new(0x0038736B, [0xEB, 0x17]),
			new(0x003873B8, [0xEB, 0x41]),
			new(0x00387D23, [0xEB, 0x37]),
			new(0x00387D90, [0xEB, 0x18]),
			new(0x00387DC8, [0x33, 0xC9, 0x90]),
			new(0x00387E77, [0xEB, 0x0C]),
			new(0x00387E9C, [0xEB, 0x1D]),
			new(0x00387ED5, [0x33, 0xC9, 0x90]),
			new(0x00389FF6, [0xEB, 0x23]),
			new(0x0038A02E, [0x90, 0x90, 0x90, 0x90, 0x90, 0x90]),
			new(0x0038C1BE, [0xEB, 0x17]),
			new(0x0038C1DA, [0x33, 0xC0, 0x90]),
			new(0x0038EC41, [0xEB, 0x16]),
			new(0x0038ECA8, [0xEB, 0x39]),
			new(0x00391DA7, [0xEB, 0x1A]),
			new(0x00391DC6, [0x33, 0xD2, 0x90]),
			new(0x00398548, [0xEB, 0x14]),
			new(0x00398584, [0xEB, 0x16]),
			new(0x003985BA, [0x33, 0xC9, 0x90]),
			new(0x00399550, [0xEB, 0x1B]),
			new(0x0039956D, [0x33, 0xC0, 0x90]),
			new(0x00399B29, [0xEB, 0x19]),
			new(0x00399B54, [0x33, 0xC0, 0x90]),
			new(0x00399C6C, [0xEB, 0x16]),
			new(0x00399C90, [0x33, 0xF6, 0x90]),
			new(0x0039B42B, [0xEB, 0x18]),
			new(0x0039B448, [0xEB, 0x24]),
			new(0x0039B46E, [0x33, 0xFF, 0x90]),
			new(0x0039B541, [0xEB, 0x17]),
			new(0x0039B55D, [0xEB, 0x37]),
			new(0x0039BE88, [0xEB, 0x16]),
			new(0x0039BF3F, [0x33, 0xC0, 0x90]),
			new(0x0039DA6B, [0xEB, 0x19]),
			new(0x0039DA9E, [0xEB, 0x36]),
			new(0x0039DE9B, [0xEB, 0x19]),
			new(0x0039DEC4, [0x33, 0xC0, 0x90]),
			new(0x0039E458, [0xEB, 0x29]),
			new(0x0039E4AE, [0xEB, 0x0C]),
			new(0x0039E4C9, [0x33, 0xC0, 0x90]),
			new(0x003A1D5E, [0xEB, 0x1B]),
			new(0x003A1DB7, [0x90, 0x90]),
			new(0x003A364E, [0xEB, 0x15]),
			new(0x003A3668, [0xEB, 0x26]),
			new(0x003A36BC, [0x33, 0xD2, 0x90]),
			new(0x003A381F, [0xEB, 0x19]),
			new(0x003A3858, [0x33, 0xD2, 0x90]),
			new(0x003A3BD2, [0xEB, 0x15]),
			new(0x003A3C07, [0x33, 0xC9, 0x90]),
			new(0x003A3E05, [0xEB, 0x20]),
			new(0x003A3EDE, [0x90, 0x90]),
			new(0x003A460D, [0xEB, 0x14]),
			new(0x003A4651, [0x33, 0xC9, 0x90]),
			new(0x003A483C, [0xEB, 0x1D]),
			new(0x003A487A, [0x33, 0xC9, 0x90]),
			new(0x003A7EB7, [0xEB, 0x22]),
			new(0x003A7EEB, [0x33, 0xC0, 0x90]),
			new(0x003A81F7, [0xEB, 0x20]),
			new(0x003A8229, [0x33, 0xC9, 0x90]),
			new(0x003AB2BE, [0xEB, 0x14]),
			new(0x003AB39B, [0x33, 0xDB, 0x90]),
			new(0x003AEE60, [0xEB, 0x18]),
			new(0x003AEEA3, [0xEB, 0x0C]),
			new(0x003AEEB4, [0x33, 0xC0, 0x90]),
			new(0x003B1E8D, [0xEB, 0x0C]),
			new(0x003B1EEA, [0xEB, 0x1C]),
			new(0x003B1F29, [0x90, 0x90]),
			new(0x003B2031, [0xEB, 0x2C]),
			new(0x003B2119, [0xEB, 0x0F]),
			new(0x003B23D8, [0x33, 0xF6, 0x90]),
			new(0x003B24C1, [0xEB, 0x48]),
			new(0x003B2537, [0xEB, 0x20]),
			new(0x003B2589, [0x33, 0xC0]),
			new(0x003B2ED6, [0xEB, 0x24]),
			new(0x003B2F11, [0x33, 0xC9, 0x90]),
			new(0x003B3B8B, [0xEB, 0x1E]),
			new(0x003B3CCC, [0xEB, 0x34]),
			new(0x003B5448, [0xEB, 0x19]),
			new(0x003B55A8, [0x90, 0x90]),
			new(0x003B65F5, [0xEB, 0x1C]),
			new(0x003B674E, [0xEB, 0x36]),
			new(0x003B6DD0, [0xEB, 0x16]),
			new(0x003B6DFB, [0x33, 0xC0, 0x90]),
			new(0x003B8717, [0xEB, 0x15]),
			new(0x003B8774, [0xEB, 0x27]),
			new(0x003B87B4, [0xEB, 0x3E]),
			new(0x003B8C02, [0xEB, 0x18]),
			new(0x003B8C2B, [0x33, 0xC0]),
			new(0x003BA261, [0xEB, 0x37]),
			new(0x003BA2C2, [0xEB, 0x0C]),
			new(0x003BA312, [0xEB, 0x19]),
			new(0x003BA343, [0x90, 0x90]),
			new(0x003BA4C3, [0xEB, 0x1B]),
			new(0x003BA511, [0x33, 0xC0, 0x90]),
			new(0x003BC722, [0xEB, 0x12]),
			new(0x003BC754, [0x33, 0xC9, 0x90]),
			new(0x003BE921, [0xEB, 0x40]),
			new(0x003BE989, [0xEB, 0x1A]),
			new(0x003BE9C3, [0x33, 0xD2, 0x90]),
			new(0x003BEC49, [0xEB, 0x16]),
			new(0x003BEC71, [0x33, 0xC0, 0x90]),
			new(0x003BEEC0, [0xEB, 0x4F]),
			new(0x003BEF5E, [0xEB, 0x18]),
			new(0x003BEF89, [0x90, 0x90, 0x90, 0x90, 0x90, 0x90]),
			new(0x003BF372, [0xEB, 0x19]),
			new(0x003BF3B5, [0xEB, 0x15]),
			new(0x003BF3CF, [0xEB, 0x3F]),
			new(0x003BF61D, [0xEB, 0x1F]),
			new(0x003BF63E, [0x33, 0xC9, 0x90]),
			new(0x003BFC73, [0xEB, 0x1E]),
			new(0x003BFCB9, [0x33, 0xC0]),
			new(0x003BFF30, [0xEB, 0x1C]),
			new(0x003BFF51, [0x33, 0xC0]),
			new(0x003C59F6, [0xEB, 0x52]),
			new(0x003C5A81, [0xEB, 0x14]),
			new(0x003C5ABD, [0xEB, 0x16]),
			new(0x003C5D23, [0x33, 0xD2, 0x90]),
			new(0x003CCCB0, [0xEB, 0x14]),
			new(0x003CCCD6, [0x33, 0xC9, 0x90]),
			new(0x003CD055, [0xEB, 0x22]),
			new(0x003CD093, [0x90, 0x90]),
			new(0x003CEB6D, [0xEB, 0x15]),
			new(0x003CEBAB, [0xEB, 0x35]),
			new(0x003D7C77, [0xEB, 0x28]),
			new(0x003D7D09, [0x33, 0xC0, 0x90]),
			new(0x003DBC82, [0xEB, 0x4A]),
			new(0x003DBD00, [0xEB, 0x14]),
			new(0x003DBD29, [0x90, 0x90]),
			new(0x003E3A6A, [0xEB, 0x14]),
			new(0x003E3A90, [0xEB, 0x1E]),
			new(0x003E3AC1, [0x90, 0x90]),
			new(0x003E47F4, [0xEB, 0x1D]),
			new(0x003E4813, [0x33, 0xD2, 0x90, 0x90, 0x90, 0x90]),
			new(0x003E9A93, [0xEB, 0x0C]),
			new(0x003E9AB2, [0xEB, 0x22]),
			new(0x003E9B16, [0x90, 0x90, 0x90, 0x90, 0x90, 0x90]),
			new(0x003E9C9F, [0xEB, 0x14]),
			new(0x003E9CC7, [0x33, 0xC9, 0x90]),
			new(0x003E9D6D, [0xEB, 0x0C]),
			new(0x003E9D83, [0xEB, 0x17]),
			new(0x003E9DBA, [0x33, 0xC9, 0x90]),
			new(0x003E9F7F, [0xEB, 0x14]),
			new(0x003EA04B, [0xEB, 0x1C]),
			new(0x003EA086, [0x33, 0xF6, 0x90]),
			new(0x003EA90B, [0xEB, 0x0C]),
			new(0x003EA990, [0xEB, 0x1E]),
			new(0x003EA9C0, [0x33, 0xC0, 0x90]),
			new(0x003EC493, [0xEB, 0x3F]),
			new(0x003EC500, [0xEB, 0x17]),
			new(0x003EC569, [0x33, 0xD2]),
			new(0x003EDD90, [0xEB, 0x15]),
			new(0x003EDDCF, [0xEB, 0x11]),
			new(0x003EDDFF, [0x33, 0xD2, 0x90]),
			new(0x003EE0A7, [0xEB, 0x1D]),
			new(0x003EE0D7, [0x90, 0x90]),
			new(0x003F5B38, [0xEB, 0x15]),
			new(0x003F5B77, [0xEB, 0x20]),
			new(0x003F5BC8, [0x90, 0x90]),
			new(0x0040E77F, [0xEB, 0x16]),
			new(0x0040E7A8, [0x90, 0x90, 0x90, 0x90, 0x90, 0x90]),
			new(0x0041542A, [0xEB, 0x0C]),
			new(0x00415440, [0xEB, 0x1A]),
			new(0x0041547A, [0x33, 0xC0, 0x90]),
			new(0x004172DD, [0xEB, 0x14]),
			new(0x0041736C, [0xEB, 0x16]),
			new(0x00417387, [0x90, 0x90, 0x90, 0x90, 0x90, 0x90]),
			new(0x0041E526, [0xEB, 0x21]),
			new(0x0041E56C, [0x33, 0xC9, 0x90]),
			new(0x00420855, [0xEB, 0x50]),
			new(0x0042090E, [0xEB, 0x13]),
			new(0x004209A3, [0x33, 0xC9]),
			new(0x0042E022, [0xEB, 0x17]),
			new(0x0042E04A, [0x33, 0xC9]),
			new(0x0042E0F0, [0xEB, 0x0C]),
			new(0x0042E103, [0xEB, 0x17]),
			new(0x0042E148, [0x33, 0xC9, 0x90]),
			new(0x0042E1E2, [0xEB, 0x19]),
			new(0x0042E20B, [0x33, 0xC9, 0x90]),
			new(0x0042E3D3, [0xEB, 0x23]),
			new(0x0042E409, [0x33, 0xD2, 0x90]),
			new(0x004311FC, [0xEB, 0x18]),
			new(0x00431245, [0xEB, 0x14]),
			new(0x00431265, [0x90, 0x90]),
			new(0x00431459, [0xEB, 0x20]),
			new(0x004314A9, [0x90, 0x90]),
			new(0x00431689, [0xEB, 0x1B]),
			new(0x004316B7, [0xEB, 0x3F]),
			new(0x00432103, [0xEB, 0x4A]),
			new(0x00432169, [0xEB, 0x14]),
			new(0x004321A4, [0x90, 0x90, 0x90, 0x90, 0x90, 0x90]),
			new(0x004328E1, [0xEB, 0x10]),
			new(0x00432903, [0x33, 0xC9, 0x90]),
			new(0x00433AC0, [0xEB, 0x0C]),
			new(0x00433AF6, [0xEB, 0x23]),
			new(0x00433B3B, [0xEB, 0x39]),
			new(0x00437CA2, [0xEB, 0x15]),
			new(0x00437CD5, [0xEB, 0x19]),
			new(0x00437D34, [0x33, 0xC0, 0x90]),
			new(0x0043804B, [0xEB, 0x17]),
			new(0x00438064, [0x33, 0xD2, 0x90]),
			new(0x00438543, [0xEB, 0x0C]),
			new(0x0043856F, [0xEB, 0x17]),
			new(0x0043859F, [0xEB, 0x39]),
			new(0x0043EAC3, [0xEB, 0x37]),
			new(0x0043EB3C, [0xEB, 0x1A]),
			new(0x0043EB68, [0x33, 0xD2, 0x90]),
			new(0x0043EC41, [0xEB, 0x16]),
			new(0x0043EC78, [0x90, 0x90]),
			new(0x0043F44A, [0xEB, 0x16]),
			new(0x0043F4FF, [0x90, 0x90]),
			new(0x00440F8B, [0xEB, 0x3D]),
			new(0x00440FE8, [0xEB, 0x1A]),
			new(0x00441053, [0x33, 0xD2, 0x90]),
			new(0x00441A00, [0xEB, 0x18]),
			new(0x00441A41, [0x90, 0x90]),
			new(0x00441AF2, [0xEB, 0x4E]),
			new(0x00441BAA, [0xEB, 0x0C]),
			new(0x00441BBD, [0xEB, 0x1E]),
			new(0x00441C2B, [0x90, 0x90]),
			new(0x00444CF4, [0xEB, 0x23]),
			new(0x00444D43, [0xEB, 0x2E]),
			new(0x0044650D, [0xEB, 0x3E]),
			new(0x004465CF, [0xEB, 0x1C]),
			new(0x004465F0, [0x33, 0xC0]),
			new(0x0044CDE2, [0xEB, 0x0C]),
			new(0x0044D23D, [0xEB, 0x28]),
			new(0x0044D28E, [0x33, 0xD2]),
			new(0x0044F007, [0xEB, 0x20]),
			new(0x0044F05D, [0x33, 0xC0, 0x90]),
			new(0x0044F15D, [0xEB, 0x1D]),
			new(0x0044F17C, [0x33, 0xD2, 0x90]),
			new(0x0044F25D, [0xEB, 0x18]),
			new(0x0044F285, [0x33, 0xC0, 0x90]),
			new(0x0044F2F5, [0xEB, 0x0C]),
			new(0x0044F31F, [0xEB, 0x19]),
			new(0x0044F33D, [0x90, 0x90, 0x90, 0x90, 0x90, 0x90]),
			new(0x0044F4EE, [0xEB, 0x3A]),
			new(0x0044F566, [0xEB, 0x1A]),
			new(0x0044F592, [0x33, 0xD2, 0x90]),
			new(0x0044F5CB, [0x33, 0xC9, 0x90]),
			new(0x0044F635, [0x33, 0xD2, 0x90]),
			new(0x0044F6AE, [0x33, 0xFF, 0x90]),
			new(0x0044F7A2, [0xEB, 0x15]),
			new(0x0044F7E4, [0xEB, 0x16]),
			new(0x0044F7FF, [0x90, 0x90]),
			new(0x0045361F, [0xEB, 0x0C]),
			new(0x00453661, [0xEB, 0x10]),
			new(0x00453684, [0xEB, 0x37]),
			new(0x00453768, [0xEB, 0x1C]),
			new(0x0045380C, [0xEB, 0x0C]),
			new(0x0045381A, [0x33, 0xF6, 0x90]),
			new(0x00453D88, [0xEB, 0x4A]),
			new(0x00453DF7, [0xEB, 0x19]),
			new(0x00453E45, [0x90, 0x90, 0x90, 0x90, 0x90, 0x90]),
			new(0x004545C1, [0xEB, 0x14]),
			new(0x004545E2, [0x33, 0xC9, 0x90]),
			new(0x0045A776, [0xEB, 0x0C]),
			new(0x0045A7B8, [0xEB, 0x22]),
			new(0x0045A7F2, [0x90, 0x90, 0x90, 0x90, 0x90, 0x90]),
			new(0x0045AB75, [0xEB, 0x21]),
			new(0x0045AB9B, [0x90, 0x90, 0x90, 0x90, 0x90, 0x90]),
			new(0x0045D509, [0xEB, 0x19]),
			new(0x0045D534, [0x33, 0xC9, 0x90]),
			new(0x0045EB76, [0xEB, 0x0C]),
			new(0x0045EB87, [0xEB, 0x20]),
			new(0x0045EC07, [0x33, 0xC9, 0x90]),
			new(0x0045F7CE, [0xEB, 0x1E]),
			new(0x0045F7EE, [0x33, 0xF6, 0x90]),
			new(0x004639A8, [0xEB, 0x15]),
			new(0x004639C4, [0xEB, 0x25]),
			new(0x00463A09, [0x33, 0xC0, 0x90]),
			new(0x00463BBE, [0xEB, 0x1B]),
			new(0x00463C01, [0x33, 0xC9]),
			new(0x00464136, [0xEB, 0x1C]),
			new(0x00464185, [0x33, 0xFF, 0x90]),
			new(0x0046486C, [0xEB, 0x0C]),
			new(0x00464AD9, [0xEB, 0x16]),
			new(0x00464B21, [0x33, 0xC0, 0x90]),
			new(0x00464DD9, [0xEB, 0x0C]),
			new(0x00464DE9, [0xEB, 0x20]),
			new(0x00464E2C, [0xEB, 0x33]),
			new(0x00465050, [0xEB, 0x16]),
			new(0x0046509A, [0x33, 0xC9, 0x90]),
			new(0x004653D6, [0xEB, 0x19]),
			new(0x004653F1, [0x33, 0xD2, 0x90]),
			new(0x004666B4, [0xEB, 0x1F]),
			new(0x004666E4, [0x33, 0xC0]),
			new(0x0046CED3, [0xEB, 0x46]),
			new(0x0046CF52, [0xEB, 0x22]),
			new(0x0046CF87, [0xEB, 0x34]),
			new(0x0046D76A, [0xEB, 0x3B]),
			new(0x0046D7CE, [0xEB, 0x14]),
			new(0x0046D848, [0xEB, 0x15]),
			new(0x0046D85F, [0x33, 0xF6, 0x90]),
			new(0x0046EAA1, [0xEB, 0x14]),
			new(0x0046EAE0, [0xEB, 0x14]),
			new(0x0046EB04, [0x33, 0xC9, 0x90]),
			new(0x0047355B, [0xEB, 0x21]),
			new(0x004735A6, [0xEB, 0x14]),
			new(0x004735EF, [0x33, 0xC9, 0x90]),
			new(0x004745C5, [0xEB, 0x15]),
			new(0x0047461B, [0xEB, 0x17]),
			new(0x00474634, [0x33, 0xC0, 0x90]),
			new(0x0047A44F, [0xEB, 0x1B]),
			new(0x0047A489, [0xEB, 0x41]),
			new(0x0047A5E9, [0xEB, 0x0C]),
			new(0x0047A665, [0xEB, 0x1D]),
			new(0x0047A6A2, [0x33, 0xC9, 0x90]),
			new(0x0047ADAA, [0xEB, 0x1F]),
			new(0x0047AE18, [0xEB, 0x0C]),
			new(0x0047AE26, [0x33, 0xFF, 0x90]),
			new(0x00482DA5, [0xEB, 0x15]),
			new(0x00482DDE, [0xEB, 0x19]),
			new(0x00482E23, [0x33, 0xC9, 0x90]),
			new(0x004833D9, [0xEB, 0x1B]),
			new(0x004833F8, [0x33, 0xD2, 0x90]),
			new(0x00487F4E, [0xEB, 0x15]),
			new(0x00487F84, [0xEB, 0x23]),
			new(0x00487FB7, [0x33, 0xD2, 0x90]),
			new(0x00488041, [0xEB, 0x19]),
			new(0x0048808F, [0xEB, 0x42]),
			new(0x00488127, [0xEB, 0x15]),
			new(0x0048817B, [0xEB, 0x1E]),
			new(0x004881AA, [0x33, 0xD2]),
			new(0x00488440, [0xEB, 0x1B]),
			new(0x00488480, [0x33, 0xC9]),
			new(0x00489636, [0xEB, 0x0C]),
			new(0x004897CD, [0xEB, 0x23]),
			new(0x00489995, [0x33, 0xC0, 0x90]),
			new(0x00489C7E, [0xEB, 0x2C]),
			new(0x00489CAF, [0x33, 0xD2, 0x90]),
			new(0x0048A0D5, [0xEB, 0x0C]),
			new(0x0048A101, [0xEB, 0x15]),
			new(0x0048A128, [0x33, 0xC9, 0x90]),
			new(0x0048C06C, [0xEB, 0x1A]),
			new(0x0048C088, [0x33, 0xDB, 0x90]),
			new(0x0048C139, [0xEB, 0x1B]),
			new(0x0048C1C9, [0x33, 0xD2]),
			new(0x0048C2D9, [0xEB, 0x14]),
			new(0x0048C2FF, [0xEB, 0x14]),
			new(0x0048C325, [0x33, 0xC9, 0x90]),
			new(0x0048C3F9, [0xEB, 0x1A]),
			new(0x0048C426, [0xEB, 0x2F]),
			new(0x0048C54B, [0xEB, 0x0C]),
			new(0x0048C561, [0xEB, 0x13]),
			new(0x0048C586, [0x33, 0xD2, 0x90]),
			new(0x0048E03B, [0xEB, 0x1C]),
			new(0x0048E0F1, [0x33, 0xD2, 0x90]),
			new(0x0048F15E, [0xEB, 0x1E]),
			new(0x0048F205, [0x33, 0xC9, 0x90]),
			new(0x0048F24E, [0x33, 0xC9, 0x90]),
			new(0x004908D4, [0xEB, 0x1C]),
			new(0x00490900, [0x33, 0xD2, 0x90]),
			new(0x0049147A, [0xEB, 0x19]),
			new(0x004914B6, [0x90, 0x90]),
			new(0x00491BEB, [0xEB, 0x17]),
			new(0x00491C23, [0x90, 0x90, 0x90, 0x90, 0x90, 0x90]),
			new(0x00491E75, [0xEB, 0x15]),
			new(0x00491ECD, [0xEB, 0x14]),
			new(0x00491EF0, [0x33, 0xD2, 0x90]),
			new(0x00492425, [0xEB, 0x1E]),
			new(0x00492445, [0x33, 0xF6, 0x90]),
			new(0x0049264B, [0xEB, 0x18]),
			new(0x00492673, [0x33, 0xFF, 0x90]),
			new(0x00492924, [0xEB, 0x19]),
			new(0x00492950, [0x90, 0x90]),
			new(0x00492A3F, [0xEB, 0x16]),
			new(0x00492A83, [0x33, 0xC9, 0x90]),
			new(0x00492BDC, [0xEB, 0x14]),
			new(0x00492C29, [0xEB, 0x23]),
			new(0x00492C51, [0x33, 0xC0]),
			new(0x00492EC3, [0xEB, 0x4B]),
			new(0x00492F4F, [0xEB, 0x1B]),
			new(0x00492F7F, [0x90, 0x90]),
			new(0x00493079, [0xEB, 0x18]),
			new(0x004930DA, [0xEB, 0x1B]),
			new(0x00493118, [0x90, 0x90, 0x90, 0x90, 0x90, 0x90]),
			new(0x00493D48, [0xEB, 0x1D]),
			new(0x00493D84, [0xEB, 0x46]),
			new(0x00493E3B, [0xEB, 0x15]),
			new(0x00493E61, [0x33, 0xC9]),
			new(0x0049424B, [0xEB, 0x0C]),
			new(0x00494267, [0xEB, 0x1B]),
			new(0x004942A2, [0x33, 0xC0, 0x90]),
			new(0x004949CC, [0xEB, 0x0C]),
			new(0x004949DC, [0xEB, 0x1D]),
			new(0x00494A0E, [0x90, 0x90, 0x90, 0x90, 0x90, 0x90]),
			new(0x00496D0A, [0xEB, 0x15]),
			new(0x00496D21, [0x33, 0xD2, 0x90]),
			new(0x00498279, [0xEB, 0x38]),
			new(0x00498379, [0xEB, 0x1A]),
			new(0x0049843E, [0x33, 0xC0, 0x90]),
			new(0x0049857B, [0xEB, 0x0C]),
			new(0x004985A9, [0xEB, 0x22]),
			new(0x004985DE, [0x90, 0x90]),
			new(0x004986D6, [0xEB, 0x0C]),
			new(0x0049871F, [0xEB, 0x2A]),
			new(0x00498758, [0x33, 0xF6, 0x90]),
			new(0x004988B3, [0xEB, 0x1B]),
			new(0x004988DF, [0x33, 0xC9]),
			new(0x00498EC3, [0xEB, 0x1E]),
			new(0x00498F3F, [0x33, 0xC0, 0x90]),
			new(0x00498FBB, [0xEB, 0x17]),
			new(0x00498FE6, [0x33, 0xFF, 0x90]),
			new(0x0049A11D, [0xEB, 0x1D]),
			new(0x0049A13F, [0x33, 0xC0, 0x90]),
			new(0x0049B38B, [0xEB, 0x1C]),
			new(0x0049B3AC, [0x90, 0x90]),
			new(0x0049BD70, [0xEB, 0x17]),
			new(0x0049BDB9, [0x33, 0xC9, 0x90]),
			new(0x0049C2E1, [0xEB, 0x1C]),
			new(0x0049C2FF, [0x33, 0xD2, 0x90]),
			new(0x0049C55F, [0xEB, 0x14]),
			new(0x0049C575, [0x33, 0xD2, 0x90]),
			new(0x0049CCCF, [0xEB, 0x0C]),
			new(0x0049CE77, [0xEB, 0x16]),
			new(0x0049CEAF, [0xEB, 0x3C]),
			new(0x0049CF63, [0xEB, 0x15]),
			new(0x0049CF9B, [0x33, 0xC9]),
			new(0x0049D4F1, [0xEB, 0x14]),
			new(0x0049D507, [0x33, 0xC0, 0x90]),
			new(0x0049DD34, [0xEB, 0x0C]),
			new(0x0049DD63, [0xEB, 0x16]),
			new(0x0049DDBA, [0x90, 0x90]),
			new(0x0049EA6D, [0xEB, 0x12]),
			new(0x0049EA98, [0x33, 0xC0, 0x90]),
			new(0x0049F193, [0xEB, 0x0C]),
			new(0x0049F1DA, [0xEB, 0x1A]),
			new(0x0049F1F6, [0x33, 0xD2, 0x90]),
			new(0x004B939A, [0xEB, 0x15]),
			new(0x004B94A5, [0xEB, 0x27]),
			new(0x004B94F0, [0xEB, 0x54]),
			new(0x004BDC1E, [0xEB, 0x19]),
			new(0x004BDC62, [0xEB, 0x0C]),
			new(0x004BDC7E, [0x33, 0xC9, 0x90]),
			new(0x004BDD3E, [0xEB, 0x1E]),
			new(0x004BDD61, [0xEB, 0x38]),
			new(0x004BE18D, [0xEB, 0x15]),
			new(0x004BE224, [0xEB, 0x20]),
			new(0x004BE2D1, [0x33, 0xF6, 0x90]),
			new(0x004BE638, [0xEB, 0x15]),
			new(0x004BE652, [0xEB, 0x23]),
			new(0x004BE677, [0x33, 0xFF, 0x90]),
			new(0x004C0484, [0xEB, 0x22]),
			new(0x004C04C5, [0x33, 0xD2, 0x90]),
			new(0x004C07AE, [0xEB, 0x1B]),
			new(0x004C08E9, [0x33, 0xC0, 0x90]),
			new(0x004C0D5A, [0xEB, 0x14]),
			new(0x004C0D8D, [0xEB, 0x1C]),
			new(0x004C0DAE, [0x33, 0xC0]),
			new(0x004C0F41, [0xEB, 0x15]),
			new(0x004C0FA1, [0xEB, 0x14]),
			new(0x004C0FBA, [0x33, 0xC0]),
			new(0x004C1203, [0xEB, 0x21]),
			new(0x004C1236, [0x33, 0xC0, 0x90]),
			new(0x004C1D92, [0xEB, 0x1E]),
			new(0x004C1DC0, [0x33, 0xC0, 0x90]),
			new(0x004C2011, [0xEB, 0x37]),
			new(0x004C207A, [0xEB, 0x1A]),
			new(0x004C2099, [0xEB, 0x4F]),
			new(0x004C27EA, [0xEB, 0x0C]),
			new(0x004C2835, [0xEB, 0x22]),
			new(0x004C287F, [0x90, 0x90]),
			new(0x004C2973, [0xEB, 0x3F]),
			new(0x004C29EE, [0xEB, 0x20]),
			new(0x004C2A58, [0x33, 0xF6, 0x90]),
			new(0x004C2B42, [0xEB, 0x14]),
			new(0x004C2B8C, [0x33, 0xC0, 0x90]),
			new(0x004C2C62, [0xEB, 0x46]),
			new(0x004C2DB7, [0xEB, 0x0C]),
			new(0x004C2DF3, [0xEB, 0x10]),
			new(0x004C2E05, [0x33, 0xF6, 0x90]),
			new(0x004C2F03, [0xEB, 0x0C]),
			new(0x004C2F1E, [0xEB, 0x14]),
			new(0x004C2F50, [0x33, 0xD2, 0x90]),
			new(0x004C30CF, [0xEB, 0x15]),
			new(0x004C311B, [0x33, 0xC9, 0x90]),
			new(0x004C31AE, [0xEB, 0x16]),
			new(0x004C31E5, [0x33, 0xC0, 0x90]),
			new(0x004C3372, [0xEB, 0x3C]),
			new(0x004C33E5, [0xEB, 0x1D]),
			new(0x004C3446, [0x90, 0x90]),
			new(0x004C418F, [0xEB, 0x1A]),
			new(0x004C41AB, [0x33, 0xF6, 0x90]),
			new(0x004C460D, [0xEB, 0x48]),
			new(0x004C4816, [0xEB, 0x1D]),
			new(0x004C486E, [0xEB, 0x15]),
			new(0x004C489F, [0x90, 0x90]),
			new(0x004C49C5, [0xEB, 0x0C]),
			new(0x004C49FE, [0xEB, 0x14]),
			new(0x004C4A14, [0x33, 0xF6, 0x90]),
			new(0x004C4C4D, [0xEB, 0x1B]),
			new(0x004C4C94, [0xEB, 0x34]),
			new(0x004C4D80, [0xEB, 0x20]),
			new(0x004C4DD8, [0xEB, 0x0C]),
			new(0x004C4F41, [0x90, 0x90, 0x90, 0x90, 0x90, 0x90]),
			new(0x004C55D4, [0xEB, 0x25]),
			new(0x004C561E, [0x33, 0xD2]),
			new(0x004C786E, [0xEB, 0x3A]),
			new(0x004C78D2, [0xEB, 0x0C]),
			new(0x004C7A1D, [0xEB, 0x17]),
			new(0x004C7A56, [0x33, 0xC0, 0x90]),
			new(0x004C7C17, [0xEB, 0x1D]),
			new(0x004C7C47, [0xEB, 0x2B]),
			new(0x004C950D, [0xEB, 0x1C]),
			new(0x004C9546, [0x33, 0xC0, 0x90]),
			new(0x004C9997, [0xEB, 0x20]),
			new(0x004C9AE3, [0xEB, 0x48]),
			new(0x004C9C37, [0xEB, 0x15]),
			new(0x004C9C8E, [0xEB, 0x1E]),
			new(0x004C9CAE, [0x33, 0xD2, 0x90]),
			new(0x004C9D6B, [0xEB, 0x15]),
			new(0x004C9DAB, [0xEB, 0x1B]),
			new(0x004C9DEA, [0x33, 0xC9, 0x90]),
			new(0x004CA1E5, [0xEB, 0x0C]),
			new(0x004CA272, [0xEB, 0x17]),
			new(0x004CA28B, [0x33, 0xDB, 0x90]),
			new(0x004CAABA, [0xEB, 0x14]),
			new(0x004CAB0B, [0xEB, 0x16]),
			new(0x004CAB9B, [0xEB, 0x2D]),
			new(0x004CADE4, [0xEB, 0x15]),
			new(0x004CAE10, [0xEB, 0x1E]),
			new(0x004CAE5A, [0x33, 0xC9]),
			new(0x004CC26B, [0xEB, 0x15]),
			new(0x004CC2A8, [0xEB, 0x24]),
			new(0x004CC2EC, [0x33, 0xC0, 0x90]),
			new(0x004CC722, [0xEB, 0x14]),
			new(0x004CC773, [0xEB, 0x31]),
			new(0x004CC804, [0xEB, 0x55]),
			new(0x004CC891, [0xEB, 0x15]),
			new(0x004CC8C8, [0xEB, 0x1F]),
			new(0x004CC907, [0x33, 0xC9, 0x90]),
			new(0x004CDCC4, [0xEB, 0x25]),
			new(0x004CDCEE, [0x90, 0x90]),
			new(0x004CE451, [0x90, 0x90]),
			new(0x004CE495, [0x33, 0xC9, 0x90]),
			new(0x004CE76D, [0xEB, 0x15]),
			new(0x004CE7E3, [0xEB, 0x02]),
			new(0x004CE81F, [0x33, 0xC0, 0x90]),
			new(0x004D3FE4, [0xEB, 0x15]),
			new(0x004D4038, [0x90, 0x90]),
			new(0x004D409D, [0x33, 0xC0, 0x90]),
			new(0x004E204B, [0xEB, 0x22]),
			new(0x004E2092, [0x90, 0x90]),
			new(0x004E5E26, [0xEB, 0x02]),
			new(0x004E5E6C, [0xEB, 0x2F]),
			new(0x004E6AD4, [0x90, 0x90]),
			new(0x004E6B00, [0x33, 0xC9, 0x90]),
			new(0x004EE28E, [0xEB, 0x02]),
			new(0x004EE2FE, [0x33, 0xC9, 0x90]),
			new(0x004EE547, [0xEB, 0x02]),
			new(0x004EF096, [0x33, 0xD2, 0x90]),
			new(0x004EFC2A, [0x90, 0x90]),
			new(0x004F0602, [0x90, 0x90]),
			new(0x005023EB, [0xEB, 0x15]),
			new(0x0050243B, [0xEB, 0x02]),
			new(0x00502633, [0xEB, 0x31]),
			new(0x005027E0, [0xEB, 0x02]),
			new(0x005028ED, [0x33, 0xC9, 0x90]),
			new(0x005029C0, [0x90, 0x90]),
			new(0x00502A23, [0x33, 0xD2, 0x90]),
			new(0x00502FE5, [0x90, 0x90]),
			new(0x0050302E, [0x33, 0xC0, 0x90]),
			new(0x0050589D, [0xEB, 0x1F]),
			new(0x005058CF, [0xEB, 0x3E]),
			new(0x0050599D, [0xEB, 0x15]),
			new(0x005059D7, [0x90, 0x90]),
			new(0x00505E3C, [0xEB, 0x1D]),
			new(0x00505E76, [0x33, 0xD2]),
			new(0x00506CB6, [0xEB, 0x15]),
			new(0x00506CD5, [0xEB, 0x1F]),
			new(0x00506D17, [0xEB, 0x37]),
			new(0x00507EC1, [0xEB, 0x21]),
			new(0x00507F05, [0xEB, 0x3B]),
			new(0x00508043, [0xEB, 0x1E]),
			new(0x005080AA, [0x33, 0xC9, 0x90]),
			new(0x0050AF39, [0xEB, 0x1B]),
			new(0x0050AFA5, [0xEB, 0x0C]),
			new(0x0050AFB9, [0x33, 0xDB, 0x90]),
			new(0x0050C908, [0xEB, 0x1C]),
			new(0x0050C944, [0x33, 0xC9, 0x90]),
			new(0x00510BF0, [0xEB, 0x1B]),
			new(0x00510C1D, [0x33, 0xC0, 0x90]),
			new(0x0051A108, [0xEB, 0x1E]),
			new(0x0051A138, [0x33, 0xC9, 0x90]),
			new(0x0051DDB3, [0xEB, 0x21]),
			new(0x0051DDFD, [0x33, 0xC9, 0x90]),
			new(0x0051DEBE, [0xEB, 0x16]),
			new(0x0051DEFB, [0x33, 0xC9, 0x90]),
			new(0x0051E07F, [0xEB, 0x17]),
			new(0x0051E0D3, [0x33, 0xD2, 0x90]),
			new(0x0051FCF9, [0xEB, 0x4D]),
			new(0x0051FD8B, [0xEB, 0x24]),
			new(0x0051FDB4, [0x90, 0x90, 0x90, 0x90, 0x90, 0x90]),
			new(0x00520968, [0xEB, 0x15]),
			new(0x005209D2, [0xEB, 0x22]),
			new(0x00520A2A, [0x33, 0xC9, 0x90]),
			new(0x005226B1, [0xEB, 0x48]),
			new(0x00522735, [0xEB, 0x1D]),
			new(0x00522767, [0x90, 0x90, 0x90, 0x90, 0x90, 0x90]),
			new(0x00522C25, [0xEB, 0x22]),
			new(0x00522C78, [0x33, 0xDB, 0x90]),
			new(0x00528C12, [0xEB, 0x3D]),
			new(0x00528D21, [0xEB, 0x22]),
			new(0x00528E13, [0x33, 0xD2]),
			new(0x00528ECA, [0xEB, 0x18]),
			new(0x00528EF4, [0x33, 0xC0, 0x90]),
			new(0x005373F8, [0xEB, 0x1C]),
			new(0x00537630, [0x33, 0xD2]),
			new(0x00538C61, [0xEB, 0x19]),
			new(0x00538C7C, [0x33, 0xDB, 0x90]),
			new(0x0053CF2D, [0xEB, 0x1E]),
			new(0x0053CF60, [0x90, 0x90, 0x90, 0x90, 0x90, 0x90]),
			new(0x0053D0E2, [0xEB, 0x15]),
			new(0x0053D14B, [0x33, 0xD2, 0x90]),
			new(0x0053D2C6, [0xEB, 0x1C]),
			new(0x0053D328, [0x33, 0xC9, 0x90]),
			new(0x005406DD, [0xEB, 0x1C]),
			new(0x0054070C, [0xEB, 0x44]),
			new(0x005428FD, [0xEB, 0x1D]),
			new(0x005429CA, [0x90, 0x90, 0x90, 0x90, 0x90, 0x90]),
			new(0x0054A6B7, [0xEB, 0x21]),
			new(0x0054A732, [0x33, 0xC9]),
			new(0x0054EF99, [0xEB, 0x1C]),
			new(0x0054EFD7, [0x33, 0xD2, 0x90]),
			new(0x00552329, [0xEB, 0x16]),
			new(0x00552344, [0x33, 0xC0, 0x90]),
			new(0x00553064, [0xEB, 0x21]),
			new(0x0055357D, [0xEB, 0x14]),
			new(0x00554147, [0x33, 0xFF, 0x90]),
			new(0x0055562E, [0xEB, 0x1E]),
			new(0x0055568E, [0x33, 0xD2, 0x90]),
			new(0x0055B648, [0xEB, 0x24]),
			new(0x0055B6B0, [0xEB, 0x30]),
			new(0x0055B76B, [0xEB, 0x1C]),
			new(0x0055B7B1, [0xEB, 0x14]),
			new(0x0055B7CA, [0x33, 0xC0]),
			new(0x0055C522, [0xEB, 0x22]),
			new(0x0055C546, [0x33, 0xF6, 0x90]),
			new(0x0055C60B, [0xEB, 0x0C]),
			new(0x0055C629, [0xEB, 0x1E]),
			new(0x0055C667, [0x33, 0xC9, 0x90]),
			new(0x0055C6FF, [0xEB, 0x3C]),
			new(0x0055C783, [0xEB, 0x0C]),
			new(0x0055C7B0, [0xEB, 0x1E]),
			new(0x0055C7D3, [0x33, 0xD2]),
			new(0x0055FEE3, [0xEB, 0x1C]),
			new(0x0055FF66, [0xEB, 0x14]),
			new(0x0055FF7C, [0x33, 0xDB, 0x90]),
			new(0x00561C84, [0xEB, 0x25]),
			new(0x00561CC9, [0x33, 0xC9, 0x90]),
			new(0x005622E8, [0xEB, 0x1A]),
			new(0x00562307, [0xEB, 0x45]),
			new(0x005624A8, [0xEB, 0x1A]),
			new(0x005624F3, [0xEB, 0x34]),
			new(0x00562586, [0xEB, 0x55]),
			new(0x0056264D, [0xEB, 0x19]),
			new(0x005626C4, [0x33, 0xD2, 0x90]),
			new(0x00563B74, [0xEB, 0x34]),
			new(0x00563BFD, [0xEB, 0x17]),
			new(0x00563C24, [0x33, 0xC9, 0x90]),
			new(0x00564BDD, [0xEB, 0x19]),
			new(0x00564BF8, [0x33, 0xF6, 0x90]),
			new(0x0056584D, [0xEB, 0x17]),
			new(0x005658D3, [0xEB, 0x15]),
			new(0x00565908, [0x33, 0xC9, 0x90]),
			new(0x00565FD6, [0xEB, 0x1C]),
			new(0x0056600A, [0x90, 0x90]),
			new(0x00566BDF, [0xEB, 0x1B]),
			new(0x00566C0A, [0x33, 0xC9, 0x90]),
			new(0x00566E69, [0xEB, 0x15]),
			new(0x00566EA3, [0xEB, 0x1B]),
			new(0x00566EC3, [0x33, 0xC0, 0x90]),
			new(0x00567F56, [0xEB, 0x0C]),
			new(0x00568097, [0xEB, 0x26]),
			new(0x00568119, [0x33, 0xC0]),
			new(0x0056D650, [0xEB, 0x20]),
			new(0x0056D683, [0x33, 0xD2]),
			new(0x0056DE42, [0xEB, 0x22]),
			new(0x0056E126, [0x33, 0xD2, 0x90]),
			new(0x0056F28E, [0xEB, 0x1E]),
			new(0x0056F572, [0x33, 0xC9, 0x90]),
			new(0x005743EB, [0xEB, 0x18]),
			new(0x00574414, [0x33, 0xC9]),
			new(0x005748DC, [0xEB, 0x1D]),
			new(0x0057490E, [0x90, 0x90]),
			new(0x005749EF, [0xEB, 0x0C]),
			new(0x00574A17, [0xEB, 0x1A]),
			new(0x00574A46, [0x90, 0x90]),
			new(0x005753EA, [0xEB, 0x1B]),
			new(0x0057547C, [0x90, 0x90]),
			new(0x005756E6, [0xEB, 0x20]),
			new(0x00575726, [0x33, 0xD2, 0x90]),
			new(0x0057582C, [0xEB, 0x17]),
			new(0x00575857, [0x33, 0xD2]),
			new(0x005758D5, [0xEB, 0x14]),
			new(0x00575911, [0xEB, 0x16]),
			new(0x00575937, [0x33, 0xF6, 0x90]),
			new(0x00575A26, [0xEB, 0x21]),
			new(0x00575A5C, [0xEB, 0x36]),
			new(0x00579099, [0xEB, 0x18]),
			new(0x005790C4, [0x33, 0xD2, 0x90]),
			new(0x005792C2, [0xEB, 0x1A]),
			new(0x005792EE, [0x33, 0xC9, 0x90]),
			new(0x0057AFFF, [0xEB, 0x3B]),
			new(0x0057B0E4, [0xEB, 0x20]),
			new(0x0057B15D, [0x33, 0xC0]),
			new(0x0057B1EE, [0xEB, 0x0C]),
			new(0x0057B204, [0xEB, 0x25]),
			new(0x0057B259, [0x90, 0x90]),
			new(0x0057B2ED, [0xEB, 0x1A]),
			new(0x0057B309, [0x33, 0xD2, 0x90]),
			new(0x0057B3C7, [0xEB, 0x20]),
			new(0x0057B41E, [0x90, 0x90, 0x90, 0x90, 0x90, 0x90]),
			new(0x0057B573, [0xEB, 0x11]),
			new(0x0057B592, [0x33, 0xD2, 0x90]),
			new(0x0057C72D, [0xEB, 0x0C]),
			new(0x0057C75D, [0xEB, 0x1A]),
			new(0x0057C79A, [0x33, 0xC0, 0x90]),
			new(0x0057E643, [0xEB, 0x1A]),
			new(0x0057E78A, [0x33, 0xC9, 0x90]),
			new(0x0057FCA0, [0xEB, 0x0C]),
			new(0x0057FCBB, [0xEB, 0x17]),
			new(0x0057FD12, [0x90, 0x90, 0x90, 0x90, 0x90, 0x90]),
			new(0x00580447, [0xEB, 0x20]),
			new(0x00580479, [0x33, 0xC9, 0x90]),
			new(0x0058056F, [0xEB, 0x1B]),
			new(0x005805CA, [0x90, 0x90]),
			new(0x0058078B, [0xEB, 0x17]),
			new(0x005807A4, [0x33, 0xFF, 0x90]),
			new(0x005808F2, [0xEB, 0x15]),
			new(0x00580A59, [0xEB, 0x1B]),
			new(0x00580A8C, [0x33, 0xC9]),
			new(0x00582E9E, [0xEB, 0x23]),
			new(0x00582EE3, [0x33, 0xC0, 0x90]),
			new(0x005849FF, [0xEB, 0x19]),
			new(0x00584A70, [0xEB, 0x0F]),
			new(0x00584A84, [0x33, 0xC0]),
			new(0x0058598B, [0xEB, 0x15]),
			new(0x005859A2, [0x33, 0xC0, 0x90]),
			new(0x00585B42, [0xEB, 0x48]),
			new(0x00585C5A, [0xEB, 0x1A]),
			new(0x00585D1C, [0x90, 0x90, 0x90, 0x90, 0x90, 0x90]),
			new(0x00585E88, [0xEB, 0x16]),
			new(0x00585ED5, [0xEB, 0x39]),
			new(0x00585F8D, [0xEB, 0x17]),
			new(0x00585FB3, [0x33, 0xD2, 0x90]),
			new(0x005862D2, [0xEB, 0x1E]),
			new(0x005862F5, [0xEB, 0x34]),
			new(0x005863DA, [0xEB, 0x17]),
			new(0x005867E2, [0xEB, 0x33]),
			new(0x00587DE9, [0xEB, 0x19]),
			new(0x00587E3C, [0x33, 0xF6, 0x90]),
			new(0x00587EB5, [0x33, 0xC0, 0x90]),
			new(0x005881F9, [0x33, 0xC0, 0x90]),
			new(0x0058848E, [0x33, 0xD2, 0x90]),
			new(0x00588525, [0x33, 0xF6, 0x90]),
			new(0x0058A035, [0xEB, 0x1D]),
			new(0x0058A08C, [0x90, 0x90]),
			new(0x0058A528, [0xEB, 0x0C]),
			new(0x0058A6B9, [0xEB, 0x1D]),
			new(0x0058A6EB, [0x33, 0xC9, 0x90]),
			new(0x0058ABC4, [0xEB, 0x10]),
			new(0x0058AC01, [0xEB, 0x37]),
			new(0x0058B3AC, [0xEB, 0x0C]),
			new(0x0058B3C2, [0xEB, 0x1C]),
			new(0x0058B3E0, [0x33, 0xC0, 0x90]),
			new(0x0058B607, [0xEB, 0x24]),
			new(0x0058B643, [0x90, 0x90, 0x90, 0x90, 0x90, 0x90]),
			new(0x0058BC7E, [0xEB, 0x16]),
			new(0x0058BCB3, [0x33, 0xC0, 0x90]),
			new(0x0058BDFE, [0xEB, 0x18]),
			new(0x0058BE18, [0x33, 0xC9, 0x90]),
			new(0x0058C0EB, [0xEB, 0x21]),
			new(0x0058C11C, [0x33, 0xC9, 0x90]),
			new(0x0058C1C8, [0xEB, 0x22]),
			new(0x0058C21E, [0xEB, 0x14]),
			new(0x0058C24C, [0x33, 0xC9, 0x90]),
			new(0x0058C2E8, [0xEB, 0x20]),
			new(0x0058C379, [0x33, 0xD2, 0x90]),
			new(0x0058E602, [0xEB, 0x1F]),
			new(0x0058E666, [0xEB, 0x0C]),
			new(0x0058E762, [0x33, 0xC0, 0x90]),
			new(0x0058F9B3, [0xEB, 0x37]),
			new(0x0058FA45, [0xEB, 0x14]),
			new(0x0058FA5E, [0xEB, 0x1C]),
			new(0x0058FAAB, [0x33, 0xC9, 0x90]),
			new(0x0059023E, [0xEB, 0x15]),
			new(0x00590297, [0xEB, 0x22]),
			new(0x005902C6, [0x33, 0xC9]),
			new(0x005905E3, [0xEB, 0x16]),
			new(0x00590617, [0x33, 0xC0, 0x90]),
			new(0x00591F34, [0xEB, 0x3E]),
			new(0x00591F9C, [0xEB, 0x0C]),
			new(0x00591FF1, [0xEB, 0x21]),
			new(0x005920A1, [0x33, 0xC9, 0x90]),
			new(0x00594C4B, [0xEB, 0x21]),
			new(0x00594C7F, [0x33, 0xC9]),
			new(0x00594D38, [0xEB, 0x1B]),
			new(0x00594D65, [0x33, 0xC9, 0x90]),
			new(0x00594ED8, [0xEB, 0x0C]),
			new(0x00594F6F, [0xEB, 0x21]),
			new(0x00594F92, [0x33, 0xC0, 0x90]),
			new(0x0059525D, [0xEB, 0x1B]),
			new(0x0059528D, [0x90, 0x90]),
			new(0x005953F6, [0xEB, 0x1E]),
			new(0x00595427, [0xEB, 0x41]),
			new(0x0059642F, [0xEB, 0x51]),
			new(0x005964BF, [0xEB, 0x19]),
			new(0x005964FA, [0x33, 0xC0, 0x90]),
			new(0x005966C4, [0x33, 0xC0, 0x90]),
			new(0x005967F7, [0xEB, 0x1E]),
			new(0x00596817, [0x33, 0xC9, 0x90]),
			new(0x005968D1, [0xEB, 0x19]),
			new(0x005968FC, [0x33, 0xC9, 0x90]),
			new(0x00596A23, [0xEB, 0x14]),
			new(0x00596A4A, [0x33, 0xD2]),
			new(0x00597653, [0xEB, 0x40]),
			new(0x005976DF, [0xEB, 0x0F]),
			new(0x005976FF, [0x33, 0xD2]),
			new(0x0059778A, [0xEB, 0x15]),
			new(0x0059789E, [0xEB, 0x48]),
			new(0x0059984F, [0xEB, 0x1B]),
			new(0x0059987C, [0x33, 0xC0, 0x90]),
			new(0x00599D03, [0xEB, 0x19]),
			new(0x00599D78, [0x33, 0xC9, 0x90]),
			new(0x0059AEA5, [0xEB, 0x14]),
			new(0x0059AEC7, [0xEB, 0x1B]),
			new(0x0059AEE4, [0x33, 0xDB, 0x90]),
			new(0x0059F358, [0xEB, 0x1A]),
			new(0x0059F393, [0x33, 0xC9, 0x90]),
			new(0x0059F503, [0xEB, 0x15]),
			new(0x0059F525, [0xEB, 0x19]),
			new(0x0059F543, [0xEB, 0x45]),
			new(0x0059F7E0, [0xEB, 0x19]),
			new(0x0059F80C, [0xEB, 0x4C]),
			new(0x0059F8CB, [0xEB, 0x4F]),
			new(0x0059F959, [0xEB, 0x1A]),
			new(0x0059F984, [0x33, 0xC0]),
			new(0x005A0E78, [0xEB, 0x1C]),
			new(0x005A0EA6, [0x33, 0xD2, 0x90]),
			new(0x005A1A2F, [0xEB, 0x1B]),
			new(0x005A1A4C, [0x33, 0xC0, 0x90]),
			new(0x005A1AF8, [0xEB, 0x15]),
			new(0x005A1B3A, [0xEB, 0x18]),
			new(0x005A1B64, [0x33, 0xD2, 0x90]),
			new(0x005A1EC2, [0xEB, 0x19]),
			new(0x005A1EED, [0x33, 0xC9, 0x90]),
			new(0x005A76F6, [0xEB, 0x19]),
			new(0x005A772F, [0x33, 0xC0, 0x90]),
			new(0x005AD8E5, [0xEB, 0x15]),
			new(0x005AD906, [0xEB, 0x22]),
			new(0x005ADA9E, [0x90, 0x90]),
			new(0x005B0FE5, [0xEB, 0x21]),
			new(0x005B103F, [0xEB, 0x0C]),
			new(0x005B109F, [0x33, 0xD2, 0x90]),
			new(0x005B128A, [0xEB, 0x15]),
			new(0x005B12A8, [0xEB, 0x1A]),
			new(0x005B12E8, [0x33, 0xD2, 0x90]),
			new(0x005B140B, [0xEB, 0x1E]),
			new(0x005B144B, [0x33, 0xC0]),
			new(0x005B1546, [0xEB, 0x17]),
			new(0x005B15B4, [0xEB, 0x0C]),
			new(0x005B15C9, [0x33, 0xC9, 0x90]),
			new(0x005B1E00, [0xEB, 0x3B]),
			new(0x005B1E6A, [0xEB, 0x1D]),
			new(0x005B1F23, [0xEB, 0x0C]),
			new(0x005B1F4C, [0xEB, 0x5A]),
			new(0x005B36EE, [0xEB, 0x22]),
			new(0x005B3733, [0xEB, 0x48]),
			new(0x005B6E93, [0xEB, 0x15]),
			new(0x005B6EFD, [0xEB, 0x1B]),
			new(0x005B6F6A, [0x90, 0x90, 0x90, 0x90, 0x90, 0x90]),
			new(0x005B787C, [0xEB, 0x19]),
			new(0x005B78A8, [0x33, 0xD2]),
			new(0x005B8CB5, [0xEB, 0x27]),
			new(0x005B8CFC, [0x33, 0xC9, 0x90]),
			new(0x005B8D8A, [0xEB, 0x1C]),
			new(0x005B8DC6, [0x33, 0xC9]),
			new(0x005B8E7D, [0xEB, 0x17]),
			new(0x005B8EB9, [0x33, 0xC0, 0x90]),
			new(0x005BAC85, [0xEB, 0x0C]),
			new(0x005BACC6, [0xEB, 0x1E]),
			new(0x005BAD07, [0xEB, 0x35]),
			new(0x005BADCC, [0xEB, 0x1B]),
			new(0x005BAE21, [0x33, 0xC9]),
			new(0x005BAEC5, [0xEB, 0x16]),
			new(0x005BAEFE, [0x90, 0x90]),
			new(0x005BAFD8, [0xEB, 0x1F]),
			new(0x005BAFF9, [0x33, 0xD2, 0x90]),
			new(0x005BB135, [0xEB, 0x1C]),
			new(0x005BB153, [0x33, 0xD2, 0x90]),
			new(0x005BB210, [0xEB, 0x24]),
			new(0x005BB249, [0x90, 0x90]),
			new(0x005BB315, [0xEB, 0x1F]),
			new(0x005BB372, [0x33, 0xFF, 0x90]),
			new(0x005BB43F, [0xEB, 0x16]),
			new(0x005BB468, [0x90, 0x90]),
			new(0x005BB68F, [0xEB, 0x0C]),
			new(0x005BB6DD, [0xEB, 0x1A]),
			new(0x005BB6F9, [0x33, 0xD2, 0x90]),
			new(0x005BB7F5, [0xEB, 0x21]),
			new(0x005BB84C, [0xEB, 0x0C]),
			new(0x005BB888, [0x33, 0xFF, 0x90]),
			new(0x005BB947, [0xEB, 0x1D]),
			new(0x005BB984, [0x33, 0xC9, 0x90]),
			new(0x005BBADB, [0xEB, 0x1A]),
			new(0x005BBB22, [0x33, 0xFF, 0x90]),
			new(0x005BBD38, [0xEB, 0x19]),
			new(0x005BBD64, [0x90, 0x90]),
			new(0x005BBE45, [0xEB, 0x1D]),
			new(0x005BBE75, [0xEB, 0x3E]),
			new(0x005BBF8F, [0xEB, 0x0C]),
			new(0x005BBFEA, [0xEB, 0x22]),
			new(0x005BC014, [0x90, 0x90]),
			new(0x005BC0A4, [0xEB, 0x0C]),
			new(0x005BC109, [0xEB, 0x1B]),
			new(0x005BC188, [0x33, 0xC9, 0x90]),
			new(0x005BC469, [0xEB, 0x1B]),
			new(0x005BC50F, [0x33, 0xD2]),
			new(0x005BD0EC, [0xEB, 0x24]),
			new(0x005BD13B, [0x33, 0xC0, 0x90]),
			new(0x005BD2AC, [0xEB, 0x1C]),
			new(0x005BD2EC, [0xEB, 0x38]),
			new(0x005BEB8A, [0xEB, 0x0C]),
			new(0x005BEBA2, [0xEB, 0x14]),
			new(0x005BEC45, [0x33, 0xC9, 0x90]),
			new(0x005BEFD4, [0xEB, 0x3C]),
			new(0x005BF03A, [0xEB, 0x15]),
			new(0x005BF094, [0xEB, 0x1C]),
			new(0x005BF0C1, [0x33, 0xC0]),
			new(0x005C39E3, [0xEB, 0x1C]),
			new(0x005C3A04, [0x33, 0xC0]),
			new(0x005C54B3, [0xEB, 0x16]),
			new(0x005C54FB, [0x33, 0xC9, 0x90]),
			new(0x005C69FF, [0xEB, 0x14]),
			new(0x005C6A28, [0x33, 0xC9, 0x90]),
			new(0x005C6C84, [0xEB, 0x20]),
			new(0x005C6CB4, [0x33, 0xC0, 0x90]),
			new(0x005C6D8D, [0xEB, 0x15]),
			new(0x005C6DB3, [0x33, 0xC9]),
			new(0x005C7005, [0xEB, 0x24]),
			new(0x005C7049, [0x33, 0xC9, 0x90]),
			new(0x005C785B, [0xEB, 0x1C]),
			new(0x005C7888, [0x33, 0xC9]),
			new(0x005C9861, [0xEB, 0x19]),
			new(0x005C988D, [0x33, 0xC0]),
			new(0x005CC863, [0xEB, 0x17]),
			new(0x005CC88D, [0x33, 0xC0]),
			new(0x005CC97B, [0xEB, 0x3A]),
			new(0x005CCA00, [0xEB, 0x14]),
			new(0x005CCA4E, [0x33, 0xD2, 0x90]),
			new(0x005D3434, [0xEB, 0x3D]),
			new(0x005D34A2, [0xEB, 0x22]),
			new(0x005D34D4, [0x33, 0xD2, 0x90]),
			new(0x005D42B0, [0xEB, 0x0C]),
			new(0x005D42D7, [0xEB, 0x1D]),
			new(0x005D430B, [0x33, 0xF6, 0x90]),
			new(0x005D58EF, [0xEB, 0x1F]),
			new(0x005D5938, [0x33, 0xC9, 0x90]),
			new(0x005DA742, [0xEB, 0x19]),
			new(0x005DA77A, [0xEB, 0x3D]),
			new(0x005DA9C2, [0xEB, 0x3D]),
			new(0x005DAA6F, [0xEB, 0x14]),
			new(0x005DAABD, [0xEB, 0x16]),
			new(0x005DAB2A, [0x33, 0xC9, 0x90]),
			new(0x005DC92A, [0xEB, 0x3E]),
			new(0x005DC99A, [0xEB, 0x1E]),
			new(0x005DC9CA, [0x33, 0xC0, 0x90]),
			new(0x005E4FAE, [0xEB, 0x3C]),
			new(0x005E501C, [0xEB, 0x16]),
			new(0x005E5042, [0x33, 0xC0, 0x90]),
			new(0x005E6C98, [0xEB, 0x1F]),
			new(0x005E6CD9, [0xEB, 0x37]),
			new(0x005E6EF0, [0xEB, 0x14]),
			new(0x005E6F30, [0xEB, 0x15]),
			new(0x005E6F57, [0x33, 0xC0, 0x90]),
			new(0x005E76D4, [0xEB, 0x34]),
			new(0x005E7727, [0xEB, 0x1F]),
			new(0x005E7762, [0x90, 0x90, 0x90, 0x90, 0x90, 0x90]),
			new(0x005E7838, [0x90, 0x90]),
			new(0x005E8437, [0xEB, 0x16]),
			new(0x005E85F8, [0x33, 0xFF, 0x90]),
			new(0x005E9593, [0xEB, 0x0C]),
			new(0x005E95D2, [0xEB, 0x16]),
			new(0x005E960B, [0xEB, 0x3F]),
			new(0x005E98C2, [0xEB, 0x21]),
			new(0x005E99B3, [0x90, 0x90]),
			new(0x005EA515, [0xEB, 0x1D]),
			new(0x005EA537, [0x90, 0x90, 0x90, 0x90, 0x90, 0x90]),
			new(0x005ECBE8, [0xEB, 0x20]),
			new(0x005ECC43, [0x33, 0xD2, 0x90]),
			new(0x005ECF5E, [0xEB, 0x46]),
			new(0x005ECFF6, [0xEB, 0x0F]),
			new(0x005ED00A, [0xEB, 0x15]),
			new(0x005ED050, [0xEB, 0x37]),
			new(0x005ED899, [0xEB, 0x1E]),
			new(0x005ED8EB, [0x33, 0xC9, 0x90]),
			new(0x005ED9B7, [0xEB, 0x22]),
			new(0x005ED9DE, [0x90, 0x90]),
			new(0x005EDAB7, [0xEB, 0x1C]),
			new(0x005EDB0E, [0xEB, 0x0C]),
			new(0x005EDB1C, [0x33, 0xF6, 0x90]),
			new(0x005EE82E, [0xEB, 0x14]),
			new(0x005EE86D, [0xEB, 0x15]),
			new(0x005EE89F, [0x33, 0xC9, 0x90]),
			new(0x005EE957, [0xEB, 0x1C]),
			new(0x005EE983, [0x33, 0xC9, 0x90]),
			new(0x005EEA58, [0xEB, 0x1C]),
			new(0x005EEAB1, [0x33, 0xC9, 0x90]),
			new(0x005EEB45, [0xEB, 0x14]),
			new(0x005EEB76, [0xEB, 0x26]),
			new(0x005EEBAD, [0x33, 0xD2]),
			new(0x005EEC58, [0xEB, 0x1F]),
			new(0x005EECBD, [0x33, 0xD2, 0x90]),
			new(0x005EED4E, [0xEB, 0x38]),
			new(0x005EF0FB, [0xEB, 0x19]),
			new(0x005EF3A6, [0x33, 0xC0, 0x90]),
			new(0x005EFC88, [0xEB, 0x38]),
			new(0x005EFCE2, [0xEB, 0x1E]),
			new(0x005EFD2E, [0x33, 0xD2, 0x90]),
			new(0x005F002E, [0xEB, 0x14]),
			new(0x005F0064, [0x33, 0xC0]),
			new(0x005F1774, [0xEB, 0x1E]),
			new(0x005F17B0, [0x33, 0xC0, 0x90]),
			new(0x005F1864, [0xEB, 0x1E]),
			new(0x005F1892, [0x33, 0xD2, 0x90]),
			new(0x005F2C2B, [0xEB, 0x3C]),
			new(0x005F2C89, [0xEB, 0x19]),
			new(0x005F2CBE, [0x33, 0xC0, 0x90]),
			new(0x005F63F6, [0xEB, 0x1C]),
			new(0x005F6467, [0x33, 0xD2, 0x90]),
			new(0x005FA3FC, [0xEB, 0x16]),
			new(0x005FA43E, [0x33, 0xC0]),
			new(0x005FE1B9, [0xEB, 0x36]),
			new(0x005FE222, [0xEB, 0x1B]),
			new(0x005FE23F, [0x33, 0xC0, 0x90]),
			new(0x005FE4F7, [0xEB, 0x21]),
			new(0x005FE5AC, [0x33, 0xC0, 0x90]),
			new(0x0060FABA, [0xEB, 0x0C]),
			new(0x0060FAEE, [0xEB, 0x16]),
			new(0x0060FB22, [0x33, 0xC9, 0x90]),
			new(0x006116CE, [0xEB, 0x1E]),
			new(0x00611701, [0xEB, 0x34]),
			new(0x00611813, [0xEB, 0x1B]),
			new(0x00611840, [0x33, 0xC0, 0x90]),
			new(0x0061192D, [0xEB, 0x27]),
			new(0x00611AD9, [0xEB, 0x40]),
			new(0x00611CEF, [0xEB, 0x16]),
			new(0x00611DC0, [0x33, 0xF6, 0x90]),
			new(0x00611E61, [0xEB, 0x0C]),
			new(0x00611E8D, [0xEB, 0x15]),
			new(0x00611EB2, [0x33, 0xC9, 0x90]),
			new(0x00612D12, [0xEB, 0x22]),
			new(0x00612D75, [0xEB, 0x15]),
			new(0x00612D93, [0x33, 0xC9, 0x90]),
			new(0x0061440B, [0xEB, 0x15]),
			new(0x00614425, [0xEB, 0x21]),
			new(0x00614469, [0x90, 0x90]),
			new(0x00614508, [0xEB, 0x15]),
			new(0x0061454C, [0x33, 0xC9, 0x90]),
			new(0x0061466C, [0xEB, 0x0C]),
			new(0x006146AC, [0xEB, 0x11]),
			new(0x006146CF, [0x33, 0xC9, 0x90]),
			new(0x0061493A, [0xEB, 0x44]),
			new(0x006149B6, [0xEB, 0x14]),
			new(0x00614A5D, [0xEB, 0x1F]),
			new(0x00614A7E, [0x33, 0xFF, 0x90]),
			new(0x00614B65, [0xEB, 0x1B]),
			new(0x00614BA0, [0x33, 0xC9, 0x90]),
			new(0x00616763, [0xEB, 0x14]),
			new(0x00616799, [0xEB, 0x1B]),
			new(0x006167D4, [0x33, 0xC9, 0x90]),
			new(0x0061692E, [0xEB, 0x19]),
			new(0x00616973, [0xEB, 0x14]),
			new(0x006169A3, [0x33, 0xD2, 0x90]),
			new(0x006184D6, [0xEB, 0x23]),
			new(0x00618519, [0x33, 0xC9, 0x90]),
			new(0x00618D85, [0xEB, 0x1E]),
			new(0x00618DD6, [0xEB, 0x33]),
			new(0x00618E86, [0xEB, 0x0C]),
			new(0x00618E97, [0xEB, 0x1D]),
			new(0x00618EC7, [0x90, 0x90]),
			new(0x0061985C, [0xEB, 0x21]),
			new(0x00619882, [0x33, 0xD2]),
			new(0x0061B95F, [0xEB, 0x16]),
			new(0x0061B9A7, [0x33, 0xC9, 0x90]),
			new(0x0061BB8B, [0xEB, 0x1D]),
			new(0x0061BBCC, [0xEB, 0x36]),
			new(0x0061BC7A, [0xEB, 0x1F]),
			new(0x0061BCB8, [0x33, 0xD2]),
			new(0x00625402, [0xEB, 0x15]),
			new(0x00625434, [0x33, 0xC9, 0x90]),
			new(0x00626B74, [0xEB, 0x3B]),
			new(0x00626C4C, [0xEB, 0x13]),
			new(0x00626CA0, [0xEB, 0x34]),
			new(0x0062718B, [0xEB, 0x1B]),
			new(0x006271AB, [0x90, 0x90]),
			new(0x0062C5AA, [0xEB, 0x20]),
			new(0x0062C603, [0xEB, 0x15]),
			new(0x0062C628, [0x33, 0xC0, 0x90]),
			new(0x0062C9DB, [0xEB, 0x0C]),
			new(0x0062C9EC, [0xEB, 0x1B]),
			new(0x0062CAB0, [0xEB, 0x71]),
			new(0x006304E2, [0xEB, 0x22]),
			new(0x00630523, [0x33, 0xF6, 0x90]),
			new(0x006349C9, [0xEB, 0x1F]),
			new(0x006349FD, [0x33, 0xC9, 0x90]),
			new(0x00636AEB, [0xEB, 0x0C]),
			new(0x00636B0F, [0xEB, 0x0F]),
			new(0x00636B2E, [0x33, 0xC9, 0x90]),
			new(0x006374BE, [0xEB, 0x16]),
			new(0x006374F3, [0x33, 0xC9, 0x90]),
			new(0x006375B1, [0xEB, 0x0C]),
			new(0x006375D7, [0xEB, 0x20]),
			new(0x006375F9, [0x33, 0xC0, 0x90]),
			new(0x006379E8, [0xEB, 0x15]),
			new(0x00637A32, [0xEB, 0x1D]),
			new(0x00637EEF, [0x33, 0xC0]),
			new(0x00638662, [0xEB, 0x4E]),
			new(0x006386F4, [0xEB, 0x19]),
			new(0x00638720, [0xEB, 0x32]),
			new(0x0063969F, [0xEB, 0x15]),
			new(0x006396C7, [0x33, 0xC0]),
			new(0x0063C2A1, [0xEB, 0x19]),
			new(0x0063C2CD, [0x90, 0x90, 0x90, 0x90, 0x90, 0x90]),
			new(0x00647C94, [0xEB, 0x20]),
			new(0x00647CDA, [0x33, 0xD2, 0x90]),
			new(0x00648576, [0xEB, 0x26]),
			new(0x006485C8, [0xEB, 0x15]),
			new(0x006485DF, [0x33, 0xF6, 0x90]),
			new(0x006497AA, [0xEB, 0x1C]),
			new(0x006497D9, [0x33, 0xC0]),
			new(0x00656DA5, [0xEB, 0x39]),
			new(0x00656E1E, [0xEB, 0x16]),
			new(0x00656E47, [0xEB, 0x35]),
			new(0x00659155, [0xEB, 0x21]),
			new(0x00659186, [0x33, 0xD2, 0x90]),
			new(0x0065970E, [0xEB, 0x1D]),
			new(0x0065972D, [0x33, 0xF6, 0x90]),
			new(0x00659A64, [0xEB, 0x19]),
			new(0x00659A9F, [0xEB, 0x36]),
			new(0x0065A154, [0xEB, 0x1C]),
			new(0x0065A190, [0x33, 0xC9, 0x90]),
			new(0x0065AE4D, [0xEB, 0x15]),
			new(0x0065AE67, [0x90, 0x90]),
			new(0x0065AFC2, [0xEB, 0x0C]),
			new(0x0065AFF1, [0xEB, 0x14]),
			new(0x0065B028, [0xEB, 0x33]),
			new(0x0066658C, [0xEB, 0x18]),
			new(0x006665B6, [0x33, 0xC0, 0x90]),
			new(0x006846BE, [0xEB, 0x19]),
			new(0x006846EC, [0x33, 0xD2, 0x90]),
			new(0x006849CF, [0xEB, 0x1B]),
			new(0x00684A11, [0x33, 0xC9, 0x90]),
			new(0x00684D1E, [0xEB, 0x16]),
			new(0x00684D4C, [0x33, 0xD2, 0x90]),
			new(0x00685568, [0xEB, 0x1A]),
			new(0x006855B2, [0x33, 0xC9, 0x90]),
			new(0x00686970, [0xEB, 0x19]),
			new(0x0068699E, [0x90, 0x90]),
			new(0x00686BD4, [0xEB, 0x20]),
			new(0x00686C09, [0x90, 0x90]),
			new(0x0068706A, [0xEB, 0x1A]),
			new(0x00687099, [0xEB, 0x38]),
			new(0x0068CB30, [0xEB, 0x16]),
			new(0x0068CBAC, [0x33, 0xD2, 0x90]),
			new(0x0068E327, [0xEB, 0x15]),
			new(0x0068E418, [0xEB, 0x1F]),
			new(0x0068E46B, [0x33, 0xD2]),
			new(0x0068EDD2, [0xEB, 0x15]),
			new(0x0068EE0D, [0xEB, 0x19]),
			new(0x0068EE36, [0x33, 0xC9, 0x90]),
			new(0x0068F36F, [0xEB, 0x15]),
			new(0x0068F3D1, [0xEB, 0x19]),
			new(0x0068F3FF, [0x90, 0x90, 0x90, 0x90, 0x90, 0x90]),
			new(0x0068F648, [0xEB, 0x1E]),
			new(0x0068F686, [0x33, 0xC9, 0x90]),
			new(0x006960D3, [0xEB, 0x0C]),
			new(0x006961CE, [0xEB, 0x17]),
			new(0x00696240, [0x33, 0xD2, 0x90]),
			new(0x00697A43, [0xEB, 0x49]),
			new(0x00697B39, [0xEB, 0x23]),
			new(0x00697B6C, [0x33, 0xD2, 0x90]),
			new(0x00697F94, [0xEB, 0x23]),
			new(0x00698066, [0x33, 0xC9, 0x90]),
			new(0x0069834A, [0xEB, 0x21]),
			new(0x006984D4, [0x33, 0xD2, 0x90]),
			new(0x00699434, [0xEB, 0x25]),
			new(0x0069946D, [0x33, 0xC0, 0x90]),
			new(0x00699EFE, [0xEB, 0x1C]),
			new(0x00699F3A, [0x33, 0xC0, 0x90]),
			new(0x0069AB92, [0xEB, 0x4B]),
			new(0x0069AC18, [0xEB, 0x1F]),
			new(0x0069AC39, [0x33, 0xD2, 0x90]),
			new(0x0069ADB5, [0xEB, 0x0C]),
			new(0x0069ADF5, [0xEB, 0x24]),
			new(0x0069AE29, [0x33, 0xD2, 0x90]),
			new(0x0069AEDD, [0xEB, 0x1F]),
			new(0x0069AEFE, [0x33, 0xD2, 0x90]),
			new(0x0069AFF9, [0xEB, 0x19]),
			new(0x0069B035, [0xEB, 0x34]),
			new(0x0069B63E, [0xEB, 0x14]),
			new(0x0069B676, [0xEB, 0x42]),
			new(0x0069B7A6, [0xEB, 0x0C]),
			new(0x0069B7F2, [0xEB, 0x1E]),
			new(0x0069B88B, [0xEB, 0x3A]),
			new(0x0069C8F2, [0xEB, 0x19]),
			new(0x0069C91D, [0x33, 0xD2, 0x90]),
			new(0x0069C997, [0xEB, 0x22]),
			new(0x0069C9E3, [0xEB, 0x15]),
			new(0x0069CA0E, [0x33, 0xF6, 0x90]),
			new(0x0069D0C9, [0xEB, 0x16]),
			new(0x0069D0FF, [0x33, 0xC9, 0x90]),
			new(0x0069E1D3, [0xEB, 0x1B]),
			new(0x0069E211, [0x90, 0x90]),
			new(0x0069E4CA, [0xEB, 0x20]),
			new(0x0069E4FC, [0x33, 0xC0, 0x90]),
			new(0x0069E5A6, [0xEB, 0x3E]),
			new(0x0069E608, [0xEB, 0x1B]),
			new(0x0069E636, [0x33, 0xC9, 0x90]),
			new(0x006A0141, [0xEB, 0x1B]),
			new(0x006A026E, [0x33, 0xC9, 0x90]),
			new(0x006A0D09, [0xEB, 0x20]),
			new(0x006A0D3B, [0x33, 0xC9, 0x90]),
			new(0x006A0DBD, [0xEB, 0x3E]),
			new(0x006AAF0F, [0xEB, 0x14]),
			new(0x006AB0A5, [0x33, 0xC0, 0x90]),
			new(0x006AB947, [0xEB, 0x0C]),
			new(0x006AB968, [0xEB, 0x1E]),
			new(0x006AB98E, [0xEB, 0x35]),
			new(0x006AD27F, [0xEB, 0x1C]),
			new(0x006AD2E9, [0x33, 0xD2, 0x90]),
			new(0x006DA664, [0xEB, 0x19]),
			new(0x006DA6B2, [0x33, 0xC9, 0x90]),
			new(0x006DA756, [0xEB, 0x15]),
			new(0x006DA782, [0xEB, 0x19]),
			new(0x006DA7CF, [0x33, 0xC9, 0x90]),
			new(0x006DA84D, [0xEB, 0x1A]),
			new(0x006DA877, [0x33, 0xC9, 0x90]),
			new(0x006DBE6E, [0xEB, 0x19]),
			new(0x006DBE99, [0x33, 0xC9, 0x90]),
			new(0x006DBFDF, [0xEB, 0x16]),
			new(0x006DC005, [0x33, 0xC0, 0x90]),
			new(0x006DC0DB, [0xEB, 0x19]),
			new(0x006DC117, [0x33, 0xC9, 0x90]),
			new(0x006DD454, [0xEB, 0x34]),
			new(0x006DD4B7, [0xEB, 0x25]),
			new(0x006DD4FD, [0x33, 0xC0, 0x90]),
			new(0x006DD736, [0xEB, 0x1C]),
			new(0x006DD772, [0x33, 0xC0, 0x90]),
			new(0x006E12C3, [0xEB, 0x26]),
			new(0x006E1322, [0xEB, 0x15]),
			new(0x006E1366, [0x33, 0xC9, 0x90]),
			new(0x006E14BD, [0xEB, 0x21]),
			new(0x006E15C6, [0xEB, 0x0C]),
			new(0x006E15D4, [0x33, 0xF6, 0x90]),
			new(0x006E31C7, [0xEB, 0x20]),
			new(0x006E3235, [0x90, 0x90]),
			new(0x006E32E3, [0xEB, 0x47]),
			new(0x006E3362, [0xEB, 0x29]),
			new(0x006E339E, [0x90, 0x90]),
			new(0x006E4993, [0xEB, 0x14]),
			new(0x006E49C3, [0xEB, 0x19]),
			new(0x006E4A12, [0x33, 0xC0, 0x90]),
			new(0x006F8020, [0xEB, 0x0C]),
			new(0x006F804F, [0xEB, 0x1B]),
			new(0x006F806F, [0x33, 0xC0]),
			new(0x006FF060, [0xEB, 0x1B]),
			new(0x006FF09B, [0x33, 0xD2, 0x90]),
			new(0x00702051, [0xEB, 0x0C]),
			new(0x00702087, [0xEB, 0x16]),
			new(0x007020AF, [0x33, 0xC9, 0x90]),
			new(0x00702138, [0xEB, 0x15]),
			new(0x00702152, [0x33, 0xC0]),
			new(0x007021E0, [0xEB, 0x12]),
			new(0x00702212, [0x33, 0xD2, 0x90]),
			new(0x0070458D, [0xEB, 0x1E]),
			new(0x007045BB, [0x33, 0xC9, 0x90]),
			new(0x00704738, [0xEB, 0x21]),
			new(0x0070475B, [0x33, 0xC0, 0x90]),
			new(0x00707D08, [0xEB, 0x1D]),
			new(0x00707D5E, [0x33, 0xC9, 0x90]),
			new(0x007098C5, [0xEB, 0x1E]),
			new(0x0070991A, [0x33, 0xD2, 0x90]),
			new(0x0070ABA5, [0xEB, 0x24]),
			new(0x0070ABEC, [0x33, 0xD2]),
			new(0x0071B32B, [0xEB, 0x19]),
			new(0x0071B359, [0xEB, 0x2F]),
			new(0x0071F5A4, [0xEB, 0x15]),
			new(0x0071F5EA, [0xEB, 0x1D]),
			new(0x0071F627, [0x33, 0xC9, 0x90]),
			new(0x00742B7E, [0xEB, 0x0C]),
			new(0x00742BAC, [0xEB, 0x16]),
			new(0x00742BD8, [0x33, 0xD2, 0x90]),
			new(0x007452B4, [0xEB, 0x1B]),
			new(0x007452FF, [0x33, 0xC9, 0x90]),
			new(0x00746A8D, [0xEB, 0x1A]),
			new(0x00746AB7, [0x33, 0xD2, 0x90]),
			new(0x00746B6D, [0xEB, 0x1C]),
			new(0x00746B8B, [0x33, 0xC9, 0x90]),
			new(0x00746C83, [0xEB, 0x44]),
			new(0x00746CF4, [0xEB, 0x15]),
			new(0x00746D46, [0xEB, 0x15]),
			new(0x00746D8E, [0x33, 0xC9, 0x90]),
			new(0x00747953, [0xEB, 0x15]),
			new(0x007479D0, [0xEB, 0x19]),
			new(0x007479FB, [0x33, 0xC0, 0x90]),
			new(0x00747C12, [0xEB, 0x19]),
			new(0x00747C3E, [0x33, 0xC0]),
			new(0x00747EFA, [0xEB, 0x1A]),
			new(0x00747F19, [0x33, 0xC0]),
			new(0x00748C16, [0xEB, 0x23]),
			new(0x00748C49, [0x33, 0xD2, 0x90]),
			new(0x0074E131, [0xEB, 0x0C]),
			new(0x0074E16C, [0xEB, 0x1E]),
			new(0x0074E18F, [0x33, 0xC9]),
			new(0x0074E442, [0xEB, 0x19]),
			new(0x0074E47E, [0x90, 0x90]),
			new(0x0074F60D, [0xEB, 0x1C]),
			new(0x0074F62E, [0xEB, 0x34]),
			new(0x00756433, [0xEB, 0x26]),
			new(0x00756469, [0x33, 0xC9, 0x90]),
			new(0x00763BF9, [0xEB, 0x1B]),
			new(0x00763C34, [0x33, 0xD2, 0x90]),
			new(0x00768EB2, [0xEB, 0x16]),
			new(0x00768EEB, [0xEB, 0x41]),
			new(0x0076BB9E, [0xEB, 0x16]),
			new(0x0076BBE0, [0xEB, 0x14]),
			new(0x0076BC1A, [0x33, 0xF6, 0x90]),
			new(0x0076D53F, [0xEB, 0x1A]),
			new(0x0076D55B, [0x33, 0xC0, 0x90]),
			new(0x0076D690, [0xEB, 0x0C]),
			new(0x0076D6B0, [0xEB, 0x1E]),
			new(0x0076D6E1, [0x90, 0x90]),
			new(0x00770707, [0xEB, 0x20]),
			new(0x0077073B, [0x33, 0xC9]),
			new(0x0077387E, [0xEB, 0x17]),
			new(0x007738B5, [0x33, 0xD2, 0x90]),
			new(0x00776B89, [0xEB, 0x1B]),
			new(0x00776BA9, [0x33, 0xC0]),
			new(0x00776D5F, [0xEB, 0x23]),
			new(0x00776DA5, [0x90, 0x90]),
			new(0x00778A82, [0xEB, 0x3B]),
			new(0x00778AF4, [0xEB, 0x19]),
			new(0x00778B91, [0x33, 0xC9, 0x90]),
			new(0x007B700E, [0xEB, 0x1B]),
			new(0x007B702B, [0x33, 0xF6, 0x90]),
			new(0x007B7415, [0xEB, 0x0C]),
			new(0x007B745A, [0xEB, 0x1C]),
			new(0x007B748B, [0xEB, 0x34]),
			new(0x007B7517, [0xEB, 0x20]),
			new(0x007B754A, [0xEB, 0x37]),
			new(0x007B75E7, [0xEB, 0x25]),
			new(0x007B7621, [0x90, 0x90]),
			new(0x007B879C, [0xEB, 0x18]),
			new(0x007B87C9, [0x90, 0x90]),
			new(0x007B8862, [0xEB, 0x1E]),
			new(0x007B8882, [0x33, 0xF6, 0x90]),
			new(0x007B88F4, [0xEB, 0x1B]),
			new(0x007B8953, [0x33, 0xC0, 0x90]),
			new(0x007B89CB, [0xEB, 0x17]),
			new(0x007B8A03, [0x33, 0xC9, 0x90]),
			new(0x007B8AA9, [0xEB, 0x23]),
			new(0x007B8ACE, [0x33, 0xC0, 0x90]),
			new(0x007B8C35, [0xEB, 0x20]),
			new(0x007B8C57, [0x33, 0xD2, 0x90]),
			new(0x007B8DC2, [0xEB, 0x10]),
			new(0x007B8DE2, [0x33, 0xD2, 0x90]),
			new(0x007B9EEA, [0xEB, 0x18]),
			new(0x007B9F25, [0x33, 0xC9, 0x90]),
			new(0x007BAA3C, [0xEB, 0x1B]),
			new(0x007BAA7A, [0x33, 0xC9, 0x90]),
			new(0x007BB6C1, [0xEB, 0x21]),
			new(0x007BB6F2, [0x33, 0xDB, 0x90]),
			new(0x007BDBE3, [0xEB, 0x19]),
			new(0x007BDC28, [0xEB, 0x14]),
			new(0x007BDC5C, [0x33, 0xC9, 0x90]),
			new(0x007BDDE8, [0xEB, 0x4A]),
			new(0x007BDE57, [0xEB, 0x18]),
			new(0x007BDE7F, [0x33, 0xD2, 0x90]),
			new(0x007BE039, [0xEB, 0x23]),
			new(0x007BE070, [0x33, 0xC0, 0x90]),
			new(0x007BE0E7, [0x33, 0xFF, 0x90]),
			new(0x007C03BA, [0xEB, 0x18]),
			new(0x007C03E4, [0x33, 0xC9, 0x90]),
			new(0x007C7A3D, [0xEB, 0x1E]),
			new(0x007C7A5D, [0x33, 0xC0, 0x90]),
			new(0x007C7B10, [0xEB, 0x19]),
			new(0x007C7B39, [0x33, 0xC9, 0x90]),
			new(0x007C7D11, [0xEB, 0x19]),
			new(0x007C7D3A, [0x33, 0xC9, 0x90]),
			new(0x007C96E1, [0xEB, 0x0C]),
			new(0x007C971B, [0xEB, 0x18]),
			new(0x007C9743, [0x33, 0xC9, 0x90]),
			new(0x007C9827, [0xEB, 0x26]),
			new(0x007C984F, [0x33, 0xD2, 0x90]),
			new(0x007CB529, [0xEB, 0x21]),
			new(0x007CB5A4, [0x90, 0x90]),
			new(0x007CE039, [0xEB, 0x1E]),
			new(0x007CE069, [0x33, 0xC9, 0x90]),
			new(0x007CE106, [0xEB, 0x17]),
			new(0x007CE13D, [0x33, 0xD2, 0x90]),
			new(0x007CEB29, [0xEB, 0x1C]),
			new(0x007CEB64, [0x33, 0xD2, 0x90]),
			new(0x007CF97C, [0xEB, 0x1D]),
			new(0x007CF9C3, [0xEB, 0x0C]),
			new(0x007CF9DF, [0x33, 0xC9, 0x90]),
			new(0x007CFA94, [0xEB, 0x1E]),
			new(0x007CFAD2, [0x33, 0xC9, 0x90]),
			new(0x007D05BA, [0xEB, 0x0C]),
			new(0x007D05DD, [0xEB, 0x1F]),
			new(0x007D060C, [0x33, 0xD2, 0x90]),
			new(0x007D48F3, [0xEB, 0x1D]),
			new(0x007D49B8, [0x33, 0xC0, 0x90]),
			new(0x007D5C24, [0xEB, 0x38]),
			new(0x007D5C89, [0xEB, 0x0C]),
			new(0x007D5CBF, [0xEB, 0x18]),
			new(0x007D5CF7, [0x33, 0xC9, 0x90]),
			new(0x007D7DF7, [0xEB, 0x1B]),
			new(0x007D7E22, [0x33, 0xC9, 0x90]),
			new(0x007D7F63, [0xEB, 0x40]),
			new(0x007D9754, [0xEB, 0x1B]),
			new(0x007D97E5, [0x33, 0xC9, 0x90]),
			new(0x007D9D76, [0xEB, 0x21]),
			new(0x007D9D9C, [0x90, 0x90]),
			new(0x007DB722, [0xEB, 0x1F]),
			new(0x007DB775, [0xEB, 0x18]),
			new(0x007DB78F, [0x33, 0xC9, 0x90]),
			new(0x007DD932, [0xEB, 0x4B]),
			new(0x007DDADE, [0xEB, 0x1B]),
			new(0x007DDB86, [0x33, 0xD2, 0x90]),
			new(0x007DDC90, [0xEB, 0x0C]),
			new(0x007DDCA1, [0xEB, 0x1C]),
			new(0x007DDCF6, [0x33, 0xDB, 0x90]),
			new(0x007DDE93, [0xEB, 0x15]),
			new(0x007DDF1D, [0xEB, 0x1C]),
			new(0x007DDF8A, [0x33, 0xC9, 0x90]),
			new(0x007DEA6F, [0xEB, 0x25]),
			new(0x007DEC39, [0xEB, 0x0C]),
			new(0x007DEC4A, [0x33, 0xC0, 0x90]),
			new(0x007DEF33, [0xEB, 0x1D]),
			new(0x007DEF62, [0x33, 0xC0, 0x90]),
			new(0x007DF415, [0xEB, 0x19]),
			new(0x007DF43E, [0x33, 0xF6, 0x90]),
			new(0x007E10B7, [0xEB, 0x16]),
			new(0x007E10ED, [0x33, 0xD2, 0x90]),
			new(0x007E1BAA, [0xEB, 0x1F]),
			new(0x007E1BCB, [0x33, 0xF6, 0x90]),
			new(0x007E1C64, [0xEB, 0x0C]),
			new(0x007E1CA8, [0xEB, 0x1F]),
			new(0x007E1CE7, [0x33, 0xC9, 0x90]),
			new(0x007E1D74, [0xEB, 0x14]),
			new(0x007E1DB1, [0xEB, 0x1B]),
			new(0x007E1DDF, [0x33, 0xC0]),
			new(0x007E252C, [0xEB, 0x0C]),
			new(0x007E2558, [0xEB, 0x20]),
			new(0x007E2588, [0x33, 0xC9, 0x90]),
			new(0x007E2757, [0xEB, 0x1D]),
			new(0x007E2789, [0x33, 0xC9, 0x90]),
			new(0x007E297F, [0xEB, 0x2A]),
			new(0x007E29BB, [0x33, 0xC9, 0x90]),
			new(0x007E2C05, [0xEB, 0x1D]),
			new(0x007E2C24, [0x33, 0xC0, 0x90]),
			new(0x007E2FB7, [0xEB, 0x25]),
			new(0x007E2FF2, [0xEB, 0x39]),
			new(0x007E32C5, [0xEB, 0x4F]),
			new(0x007E3405, [0xEB, 0x1A]),
			new(0x007E343F, [0x33, 0xD2, 0x90]),
			new(0x007E362B, [0xEB, 0x21]),
			new(0x007E366F, [0xEB, 0x35]),
			new(0x007E4BC1, [0xEB, 0x1E]),
			new(0x007E4C00, [0xEB, 0x31]),
			new(0x007E4C8B, [0xEB, 0x1C]),
			new(0x007E4D15, [0xEB, 0x15]),
			new(0x007E4D69, [0x33, 0xC0, 0x90]),
			new(0x007E5563, [0xEB, 0x15]),
			new(0x007E55E8, [0xEB, 0x1A]),
			new(0x007E5614, [0x33, 0xC9, 0x90]),
			new(0x007E8151, [0xEB, 0x0C]),
			new(0x007E817D, [0xEB, 0x1E]),
			new(0x007E81AC, [0x33, 0xD2]),
			new(0x007E95B8, [0xEB, 0x0C]),
			new(0x007E9632, [0xEB, 0x2A]),
			new(0x007E9672, [0x90, 0x90]),
			new(0x007EC573, [0xEB, 0x23]),
			new(0x007EC5B6, [0x33, 0xC9, 0x90]),
			new(0x007F22DC, [0xEB, 0x16]),
			new(0x007F2304, [0x33, 0xC9, 0x90]),
			new(0x007F426C, [0xEB, 0x1C]),
			new(0x007F4311, [0x90, 0x90]),
			new(0x007F456F, [0xEB, 0x0F]),
			new(0x007F45D3, [0x90, 0x90]),
			new(0x007F491C, [0xEB, 0x1C]),
			new(0x007F4958, [0x33, 0xC9, 0x90]),
			new(0x007F4A00, [0xEB, 0x15]),
			new(0x007F4A1A, [0xEB, 0x18]),
			new(0x007F4A45, [0xEB, 0x3B]),
			new(0x007F4BF6, [0xEB, 0x1E]),
			new(0x007F4C37, [0xEB, 0x45]),
			new(0x007F4D5F, [0xEB, 0x19]),
			new(0x007F4D7A, [0x33, 0xC0, 0x90]),
			new(0x007F4DEF, [0xEB, 0x16]),
			new(0x007F4E34, [0x33, 0xD2, 0x90]),
			new(0x007F5592, [0xEB, 0x1D]),
			new(0x007F57E8, [0xEB, 0x15]),
			new(0x007F5845, [0x33, 0xD2, 0x90]),
			new(0x007F58E5, [0xEB, 0x1D]),
			new(0x007F5911, [0x33, 0xD2, 0x90]),
			new(0x007F69ED, [0xEB, 0x1C]),
			new(0x007F6A1E, [0x90, 0x90]),
			new(0x007F6E21, [0xEB, 0x14]),
			new(0x007F6E6C, [0xEB, 0x47]),
			new(0x007F7083, [0xEB, 0x21]),
			new(0x007F70D1, [0x33, 0xC0, 0x90]),
			new(0x007F7A1A, [0xEB, 0x18]),
			new(0x007F7A52, [0x33, 0xC9, 0x90]),
			new(0x007F7B40, [0xEB, 0x1A]),
			new(0x007F7B5F, [0x33, 0xC0]),
			new(0x007F7C2A, [0xEB, 0x1A]),
			new(0x007F7C46, [0x33, 0xF6, 0x90]),
			new(0x007F81AA, [0xEB, 0x1A]),
			new(0x007F81DA, [0xEB, 0x35]),
			new(0x007FD2BD, [0xEB, 0x36]),
			new(0x007FD32E, [0xEB, 0x1C]),
			new(0x007FD36A, [0x33, 0xD2, 0x90]),
			new(0x007FD410, [0xEB, 0x0C]),
			new(0x007FD44A, [0xEB, 0x1F]),
			new(0x007FD48C, [0xEB, 0x49]),
			new(0x007FDF2A, [0xEB, 0x18]),
			new(0x007FDF55, [0xEB, 0x55]),
			new(0x007FE310, [0xEB, 0x15]),
			new(0x007FE335, [0x33, 0xD2, 0x90]),
			new(0x007FFEB2, [0xEB, 0x22]),
			new(0x007FFEE4, [0x33, 0xC9, 0x90]),
			new(0x00802CF0, [0xEB, 0x16]),
			new(0x00802D2C, [0x33, 0xC9, 0x90]),
			new(0x00802E05, [0xEB, 0x39]),
			new(0x00802E6C, [0xEB, 0x1E]),
			new(0x00802EA9, [0x33, 0xF6, 0x90]),
			new(0x008043A2, [0xEB, 0x36]),
			new(0x008043FC, [0xEB, 0x20]),
			new(0x00804453, [0x33, 0xD2, 0x90]),
			new(0x0080452A, [0xEB, 0x1A]),
			new(0x00804559, [0xEB, 0x42]),
			new(0x0080488B, [0xEB, 0x1C]),
			new(0x008048C6, [0x33, 0xC9]),
			new(0x0080A765, [0xEB, 0x14]),
			new(0x0080A816, [0xEB, 0x14]),
			new(0x0080A82C, [0x33, 0xF6, 0x90]),
			new(0x0080A95A, [0xEB, 0x0F]),
			new(0x0080A985, [0xEB, 0x1E]),
			new(0x0080A9A8, [0x33, 0xC0, 0x90]),
			new(0x0080AB2C, [0xEB, 0x18]),
			new(0x0080AB49, [0x33, 0xC0]),
			new(0x0080BD23, [0xEB, 0x17]),
			new(0x0080BD4D, [0x33, 0xC0, 0x90]),
			new(0x0080E915, [0xEB, 0x1D]),
			new(0x0080E934, [0x33, 0xF6, 0x90]),
			new(0x0080E9C5, [0xEB, 0x14]),
			new(0x0080EA03, [0xEB, 0x0C]),
			new(0x0080EA2F, [0x33, 0xC9, 0x90]),
			new(0x0080EAD0, [0xEB, 0x19]),
			new(0x0080EB08, [0x33, 0xD2]),
			new(0x0080EC91, [0xEB, 0x0C]),
			new(0x0080ECAD, [0xEB, 0x17]),
			new(0x0080ECD9, [0xEB, 0x3F]),
			new(0x0080F302, [0xEB, 0x0C]),
			new(0x0080F315, [0xEB, 0x1D]),
			new(0x0080F344, [0x33, 0xC9, 0x90]),
			new(0x0080F415, [0xEB, 0x3B]),
			new(0x0080F49E, [0xEB, 0x18]),
			new(0x0080F4C6, [0x33, 0xC0, 0x90]),
			new(0x0080F604, [0xEB, 0x14]),
			new(0x0080F62A, [0x33, 0xC9, 0x90]),
			new(0x00810570, [0xEB, 0x16]),
			new(0x008105A5, [0x33, 0xD2, 0x90]),
			new(0x0081069D, [0xEB, 0x1C]),
			new(0x008106DC, [0x90, 0x90]),
			new(0x00810760, [0xEB, 0x21]),
			new(0x00810783, [0x33, 0xC9, 0x90]),
			new(0x00810D51, [0xEB, 0x14]),
			new(0x00810D84, [0x33, 0xF6, 0x90]),
			new(0x00814EE6, [0xEB, 0x14]),
			new(0x00814F0C, [0xEB, 0x1B]),
			new(0x00814F47, [0x33, 0xC9, 0x90]),
			new(0x00815E0E, [0xEB, 0x1B]),
			new(0x00815E2B, [0x33, 0xC0, 0x90]),
			new(0x00815EBB, [0xEB, 0x3F]),
			new(0x00815F39, [0xEB, 0x16]),
			new(0x00815F6D, [0x33, 0xD2, 0x90]),
			new(0x00816057, [0xEB, 0x15]),
			new(0x0081609D, [0xEB, 0x15]),
			new(0x008160C4, [0x33, 0xC9, 0x90]),
			new(0x008161C3, [0xEB, 0x14]),
			new(0x00816202, [0xEB, 0x2C]),
			new(0x00817B38, [0xEB, 0x1F]),
			new(0x00817B6C, [0x90, 0x90]),
			new(0x00818E96, [0xEB, 0x21]),
			new(0x00818EC9, [0x33, 0xC9, 0x90]),
			new(0x008196C5, [0xEB, 0x15]),
			new(0x008196E3, [0xEB, 0x14]),
			new(0x008196F9, [0x33, 0xC0, 0x90]),
			new(0x0081A3AF, [0xEB, 0x1D]),
			new(0x0081A3EE, [0x33, 0xDB, 0x90, 0x90, 0x90, 0x90]),
			new(0x0081B96C, [0xEB, 0x22]),
			new(0x0081B9AF, [0x33, 0xC9]),
			new(0x0081DCB5, [0xEB, 0x1E]),
			new(0x0081DD45, [0x33, 0xC9, 0x90]),
			new(0x00823715, [0xEB, 0x22]),
			new(0x0082373C, [0xEB, 0x43]),
			new(0x0082DF6B, [0xEB, 0x24]),
			new(0x0082E20A, [0x33, 0xFF, 0x90]),
			new(0x00838A54, [0xEB, 0x0F]),
			new(0x00838BB7, [0x33, 0xFF, 0x90]),
			new(0x00838FCF, [0xEB, 0x15]),
			new(0x00838FF6, [0xEB, 0x1E]),
			new(0x00839054, [0xEB, 0x37]),
			new(0x008390E2, [0xEB, 0x1B]),
			new(0x0083912F, [0xEB, 0x0C]),
			new(0x00839140, [0x90, 0x90]),
			new(0x008391D2, [0xEB, 0x12]),
			new(0x008391F6, [0x33, 0xC9, 0x90]),
			new(0x00839302, [0xEB, 0x19]),
			new(0x0083931D, [0x33, 0xD2, 0x90]),
			new(0x00839673, [0xEB, 0x15]),
			new(0x0083969A, [0x33, 0xD2, 0x90]),
			new(0x00839849, [0xEB, 0x20]),
			new(0x00839896, [0x33, 0xD2, 0x90]),
			new(0x0083992B, [0xEB, 0x36]),
			new(0x00839998, [0xEB, 0x24]),
			new(0x008399BE, [0x33, 0xC0, 0x90]),
			new(0x00839B85, [0xEB, 0x14]),
			new(0x00839BA9, [0xEB, 0x23]),
			new(0x00839BDE, [0x33, 0xC9, 0x90]),
			new(0x0083A615, [0xEB, 0x24]),
			new(0x0083A63B, [0x33, 0xC0, 0x90]),
			new(0x0083A6E3, [0xEB, 0x0C]),
			new(0x0083A70C, [0xEB, 0x11]),
			new(0x0083A72D, [0x33, 0xD2, 0x90]),
			new(0x0083AB43, [0xEB, 0x15]),
			new(0x0083AB68, [0xEB, 0x1A]),
			new(0x0083ABA2, [0x33, 0xC9, 0x90]),
			new(0x0083ACEE, [0xEB, 0x19]),
			new(0x0083AD2A, [0x90, 0x90]),
			new(0x0083B516, [0xEB, 0x19]),
			new(0x0083B557, [0xEB, 0x38]),
			new(0x0083BC04, [0xEB, 0x23]),
			new(0x0083BC48, [0x90, 0x90]),
			new(0x0083D5A6, [0xEB, 0x16]),
			new(0x0083D5CD, [0x33, 0xD2]),
			new(0x0083D6A6, [0xEB, 0x21]),
			new(0x0083D6D8, [0x33, 0xC9]),
			new(0x0083E4B8, [0xEB, 0x1F]),
			new(0x0083E4F6, [0xEB, 0x36]),
			new(0x00841740, [0xEB, 0x15]),
			new(0x00841775, [0x33, 0xC9, 0x90]),
			new(0x008423F3, [0x90, 0x90]),
			new(0x00842069, [0xEB, 0x20]),
			new(0x008425D0, [0xEB, 0x11]),
			new(0x0084262F, [0xEB, 0x15]),
			new(0x0084264D, [0x33, 0xC9, 0x90]),
			new(0x008426C4, [0xEB, 0x1A]),
			new(0x008426E0, [0x33, 0xC0, 0x90]),
			new(0x008428AA, [0xEB, 0x0C]),
			new(0x008428D3, [0xEB, 0x1F]),
			new(0x008428F7, [0x90, 0x90, 0x90, 0x90, 0x90, 0x90]),
			new(0x00842A09, [0xEB, 0x1A]),
			new(0x00842A35, [0x33, 0xC9, 0x90]),
			new(0x00844DB6, [0xEB, 0x1C]),
			new(0x00844DFF, [0x33, 0xC9]),
			new(0x0084966F, [0xEB, 0x1B]),
			new(0x008497C3, [0x33, 0xC0, 0x90]),
			new(0x00849954, [0xEB, 0x23]),
			new(0x00849988, [0x33, 0xC9]),
			new(0x0084A0DF, [0xEB, 0x0C]),
			new(0x0084A0FC, [0xEB, 0x16]),
			new(0x0084A144, [0x33, 0xC9, 0x90]),
			new(0x0084F485, [0xEB, 0x1E]),
			new(0x0084F4A5, [0x33, 0xD2, 0x90]),
			new(0x00850A90, [0xEB, 0x15]),
			new(0x00850B99, [0xEB, 0x19]),
			new(0x00850BD4, [0x90, 0x90]),
			new(0x00850E66, [0xEB, 0x0C]),
			new(0x00850E9F, [0xEB, 0x14]),
			new(0x00850EB8, [0xEB, 0x33]),
			new(0x008510DA, [0xEB, 0x14]),
			new(0x00851108, [0xEB, 0x20]),
			new(0x0085112A, [0x33, 0xC0, 0x90]),
			new(0x008533CE, [0xEB, 0x19]),
			new(0x0085340A, [0xEB, 0x40]),
			new(0x008535B7, [0xEB, 0x3D]),
			new(0x00853623, [0xEB, 0x23]),
			new(0x0085366D, [0x33, 0xC9, 0x90]),
			new(0x008537D3, [0x33, 0xFF, 0x90]),
			new(0x008539C1, [0xEB, 0x0C]),
			new(0x00853A0D, [0xEB, 0x1D]),
			new(0x00853A4C, [0x33, 0xC0, 0x90]),
			new(0x00853B90, [0x33, 0xF6, 0x90]),
			new(0x008540FA, [0xEB, 0x50]),
			new(0x0085419B, [0xEB, 0x17]),
			new(0x0085450B, [0x33, 0xD2]),
			new(0x00854679, [0xEB, 0x1B]),
			new(0x0085469A, [0x33, 0xC0, 0x90]),
			new(0x00854CA1, [0xEB, 0x15]),
			new(0x00854CB8, [0x33, 0xC9, 0x90]),
			new(0x008552E1, [0xEB, 0x12]),
			new(0x00855327, [0xEB, 0x0C]),
			new(0x00855364, [0x33, 0xC9, 0x90]),
			new(0x00855CA0, [0xEB, 0x19]),
			new(0x00855CF7, [0x90, 0x90, 0x90, 0x90, 0x90, 0x90]),
			new(0x00856014, [0xEB, 0x17]),
			new(0x0085606D, [0x33, 0xC0, 0x90]),
			new(0x008560E7, [0x33, 0xC0, 0x90]),
			new(0x00856170, [0xEB, 0x19]),
			new(0x00856199, [0x33, 0xC9, 0x90]),
			new(0x00857C6C, [0xEB, 0x0C]),
			new(0x00857C9A, [0xEB, 0x1A]),
			new(0x00857CD4, [0x33, 0xC0, 0x90]),
			new(0x00858094, [0xEB, 0x0C]),
			new(0x008580F2, [0xEB, 0x1B]),
			new(0x00858115, [0x90, 0x90]),
			new(0x00858293, [0xEB, 0x50]),
			new(0x0085830B, [0xEB, 0x19]),
			new(0x00858353, [0x33, 0xC0]),
			new(0x00858410, [0xEB, 0x10]),
			new(0x00858440, [0x33, 0xC9, 0x90]),
			new(0x0085923E, [0xEB, 0x4C]),
			new(0x008592D3, [0xEB, 0x24]),
			new(0x0085930F, [0xEB, 0x35]),
			new(0x0085A071, [0xEB, 0x1B]),
			new(0x0085A09E, [0x33, 0xD2, 0x90]),
			new(0x0085A0C7, [0x33, 0xF6, 0x90]),
			new(0x0085A4E2, [0xEB, 0x22]),
			new(0x0085A517, [0x33, 0xC0]),
			new(0x0085A61F, [0xEB, 0x19]),
			new(0x0085A664, [0x33, 0xFF, 0x90]),
			new(0x0085ACBD, [0xEB, 0x26]),
			new(0x0085AD03, [0x33, 0xC9, 0x90]),
			new(0x0085C251, [0xEB, 0x27]),
			new(0x0085D4A2, [0x90, 0x90]),
			new(0x0085DA1E, [0xEB, 0x24]),
			new(0x0085DA76, [0x33, 0xC9]),
			new(0x0085E570, [0xEB, 0x1B]),
			new(0x0085E59B, [0x33, 0xC9, 0x90]),
			new(0x0085E909, [0xEB, 0x23]),
			new(0x0085E93C, [0x33, 0xD2, 0x90]),
			new(0x0085EC5A, [0xEB, 0x1F]),
			new(0x0085EC8B, [0x33, 0xC9, 0x90]),
			new(0x0085ED6B, [0xEB, 0x1C]),
			new(0x0085ED8C, [0xEB, 0x36]),
			new(0x00861D58, [0xEB, 0x14]),
			new(0x00861D8F, [0x90, 0x90, 0x90, 0x90, 0x90, 0x90]),
			new(0x008626D4, [0xEB, 0x37]),
			new(0x008627B9, [0xEB, 0x14]),
			new(0x00862846, [0xEB, 0x18]),
			new(0x00862892, [0xEB, 0x2F]),
			new(0x00862A6E, [0xEB, 0x14]),
			new(0x00862B0B, [0xEB, 0x0C]),
			new(0x00862B66, [0x90, 0x90]),
			new(0x00862C45, [0xEB, 0x1B]),
			new(0x00862C65, [0x33, 0xC0]),
			new(0x00862CDE, [0xEB, 0x11]),
			new(0x00862D0D, [0x33, 0xC9, 0x90]),
			new(0x00862DF3, [0xEB, 0x15]),
			new(0x00862E1A, [0xEB, 0x18]),
			new(0x00862E77, [0x33, 0xC9, 0x90]),
			new(0x00862F45, [0xEB, 0x0C]),
			new(0x00862F76, [0xEB, 0x16]),
			new(0x00862FB0, [0x33, 0xD2]),
			new(0x00863425, [0xEB, 0x21]),
			new(0x0086346C, [0x33, 0xC0, 0x90]),
			new(0x0086E8C6, [0xEB, 0x17]),
			new(0x0086E903, [0x33, 0xD2, 0x90]),
			new(0x0086E985, [0xEB, 0x22]),
			new(0x0086E9B7, [0x33, 0xC0, 0x90]),
			new(0x0086EA32, [0xEB, 0x16]),
			new(0x0086EA4D, [0x33, 0xC9]),
			new(0x0086EABA, [0xEB, 0x13]),
			new(0x0086EAED, [0xEB, 0x38]),
			new(0x0086ECE7, [0xEB, 0x15]),
			new(0x0086ED29, [0xEB, 0x20]),
			new(0x0086ED82, [0x33, 0xD2, 0x90]),
			new(0x0086EFAD, [0xEB, 0x1F]),
			new(0x0086EFDE, [0x33, 0xC9, 0x90]),
			new(0x0086F0C0, [0xEB, 0x1B]),
			new(0x0086F0ED, [0x33, 0xC9, 0x90]),
			new(0x0086F2F5, [0x90, 0x90, 0x90, 0x90, 0x90, 0x90]),
			new(0x0086F33F, [0x33, 0xC0]),
			new(0x0086F652, [0xEB, 0x3C]),
			new(0x0086F711, [0xEB, 0x0C]),
			new(0x0086F758, [0xEB, 0x1A]),
			new(0x0086F787, [0x33, 0xD2, 0x90]),
			new(0x0086F8F5, [0xEB, 0x24]),
			new(0x0086F91B, [0x33, 0xC0, 0x90]),
			new(0x0086FA03, [0xEB, 0x14]),
			new(0x0086FA1C, [0xEB, 0x19]),
			new(0x0086FA58, [0x90, 0x90, 0x90, 0x90, 0x90, 0x90]),
			new(0x0086FBAD, [0xEB, 0x17]),
			new(0x0086FBD9, [0xEB, 0x38]),
			new(0x0086FF93, [0xEB, 0x1B]),
			new(0x0086FFD0, [0x90, 0x90]),
			new(0x00870058, [0xEB, 0x15]),
			new(0x008700A4, [0xEB, 0x20]),
			new(0x008700C6, [0x33, 0xF6, 0x90]),
			new(0x00870194, [0xEB, 0x21]),
			new(0x008701C7, [0x33, 0xC0, 0x90]),
			new(0x0087022D, [0xEB, 0x1A]),
			new(0x00870267, [0x33, 0xD2, 0x90]),
			new(0x008702FC, [0xEB, 0x17]),
			new(0x00870324, [0x33, 0xC0]),
			new(0x008703C6, [0xEB, 0x1C]),
			new(0x008703E4, [0x33, 0xC9, 0x90]),
			new(0x00870472, [0xEB, 0x19]),
			new(0x008704AE, [0x90, 0x90]),
			new(0x0087056B, [0xEB, 0x0C]),
			new(0x00870589, [0xEB, 0x19]),
			new(0x008705C4, [0x33, 0xC0, 0x90]),
			new(0x008705E1, [0x33, 0xC9, 0x90]),
			new(0x008705FD, [0x33, 0xC9, 0x90]),
			new(0x0087061B, [0x33, 0xC9, 0x90]),
			new(0x0087066D, [0x33, 0xC9, 0x90]),
			new(0x008706A0, [0x33, 0xC0, 0x90]),
			new(0x008706D2, [0x33, 0xC9, 0x90]),
			new(0x00870702, [0x33, 0xF6, 0x90]),
			new(0x0087084C, [0xEB, 0x15]),
			new(0x00870889, [0xEB, 0x1E]),
			new(0x008708AB, [0x33, 0xC0, 0x90]),
			new(0x008708C2, [0x33, 0xC9, 0x90]),
			new(0x008708CD, [0x33, 0xF6, 0x90]),
			new(0x0087097A, [0xEB, 0x0C]),
			new(0x008709F5, [0xEB, 0x16]),
			new(0x00870A0D, [0x33, 0xF6, 0x90]),
			new(0x008720E4, [0xEB, 0x0C]),
			new(0x00872118, [0xEB, 0x21]),
			new(0x00872159, [0x33, 0xC9, 0x90]),
			new(0x0087235E, [0xEB, 0x14]),
			new(0x00872392, [0x33, 0xD2, 0x90]),
			new(0x0087242A, [0xEB, 0x1D]),
			new(0x0087245A, [0x90, 0x90]),
			new(0x00872511, [0xEB, 0x19]),
			new(0x0087252C, [0x33, 0xD2, 0x90]),
			new(0x008726EA, [0xEB, 0x21]),
			new(0x0087272B, [0x33, 0xC0, 0x90]),
			new(0x00872961, [0xEB, 0x21]),
			new(0x00872987, [0x90, 0x90, 0x90, 0x90, 0x90, 0x90]),
			new(0x00872B24, [0xEB, 0x15]),
			new(0x00872B6E, [0xEB, 0x11]),
			new(0x00872BA2, [0x33, 0xD2, 0x90]),
			new(0x00872F97, [0xEB, 0x3C]),
			new(0x0087303D, [0xEB, 0x15]),
			new(0x00873085, [0x33, 0xD2, 0x90]),
			new(0x0087320B, [0xEB, 0x15]),
			new(0x00873268, [0xEB, 0x1F]),
			new(0x008732EF, [0x33, 0xC0, 0x90]),
			new(0x00873502, [0xEB, 0x2A]),
			new(0x008735AE, [0xEB, 0x15]),
			new(0x00873608, [0x90, 0x90]),
			new(0x008736F5, [0xEB, 0x1B]),
			new(0x0087373A, [0xEB, 0x0C]),
			new(0x00873748, [0x33, 0xF6, 0x90]),
			new(0x0087398F, [0xEB, 0x18]),
			new(0x008739A9, [0x33, 0xF6, 0x90]),
			new(0x00873AC6, [0xEB, 0x16]),
			new(0x00873E5A, [0x33, 0xD2, 0x90]),
			new(0x0087400A, [0xEB, 0x15]),
			new(0x00874040, [0xEB, 0x1D]),
			new(0x0087408B, [0x33, 0xC0, 0x90]),
			new(0x008741D3, [0xEB, 0x26]),
			new(0x00874212, [0x33, 0xC9, 0x90]),
			new(0x00874305, [0xEB, 0x1E]),
			new(0x00874325, [0x33, 0xFF, 0x90]),
			new(0x008743D4, [0xEB, 0x20]),
			new(0x00874406, [0x33, 0xC9, 0x90]),
			new(0x00874486, [0xEB, 0x1C]),
			new(0x008744A7, [0xEB, 0x4A]),
			new(0x00874803, [0xEB, 0x3F]),
			new(0x00874878, [0xEB, 0x1C]),
			new(0x00874896, [0x33, 0xD2, 0x90]),
			new(0x00874B58, [0xEB, 0x16]),
			new(0x00874B9C, [0x33, 0xC0, 0x90]),
			new(0x00874C79, [0x33, 0xF6, 0x90]),
			new(0x00874E1C, [0xEB, 0x19]),
			new(0x00874E5F, [0xEB, 0x0C]),
			new(0x00874E8E, [0xEB, 0x45]),
			new(0x00875250, [0xEB, 0x1C]),
			new(0x0087527C, [0x33, 0xC9, 0x90]),
			new(0x008756A2, [0xEB, 0x37]),
			new(0x00875740, [0xEB, 0x1A]),
			new(0x0087575F, [0x33, 0xC0, 0x90]),
			new(0x008772A9, [0xEB, 0x0C]),
			new(0x00877340, [0xEB, 0x21]),
			new(0x00877387, [0x33, 0xC0, 0x90]),
			new(0x008775B5, [0xEB, 0x21]),
			new(0x00878111, [0x90, 0x90]),
			new(0x00878234, [0xEB, 0x16]),
			new(0x0087825D, [0xEB, 0x44]),
			new(0x008791E7, [0xEB, 0x0C]),
			new(0x00879211, [0xEB, 0x14]),
			new(0x00879227, [0x33, 0xF6, 0x90]),
			new(0x0087AF41, [0xEB, 0x0F]),
			new(0x0087AF73, [0xEB, 0x40]),
			new(0x0087B134, [0xEB, 0x20]),
			new(0x0087B174, [0x90, 0x90]),
			new(0x0087B264, [0xEB, 0x1C]),
			new(0x0087B282, [0x33, 0xC9, 0x90]),
			new(0x0087B32D, [0xEB, 0x17]),
			new(0x0087B367, [0xEB, 0x51]),
			new(0x0087CF63, [0xEB, 0x17]),
			new(0x0087D05E, [0x33, 0xC0, 0x90]),
			new(0x0087D276, [0xEB, 0x1D]),
			new(0x0087D2B3, [0x33, 0xC0, 0x90]),
			new(0x0087D73D, [0xEB, 0x1F]),
			new(0x0087D794, [0xEB, 0x35]),
			new(0x0087D8C1, [0xEB, 0x16]),
			new(0x0087D8E7, [0x33, 0xD2, 0x90]),
			new(0x0087D9A0, [0xEB, 0x1C]),
			new(0x0087D9CE, [0x33, 0xC0, 0x90]),
			new(0x0087DF64, [0xEB, 0x23]),
			new(0x0087DF99, [0x33, 0xC9, 0x90]),
			new(0x0087DFFB, [0xEB, 0x1F]),
			new(0x0087E03A, [0x33, 0xC9, 0x90]),
			new(0x0087E2A5, [0xEB, 0x0C]),
			new(0x0087E2FF, [0xEB, 0x19]),
			new(0x0087E328, [0x33, 0xC9, 0x90]),
			new(0x0087E5F3, [0xEB, 0x15]),
			new(0x0087E617, [0x33, 0xD2, 0x90]),
			new(0x0087E86E, [0xEB, 0x16]),
			new(0x0087E89D, [0x90, 0x90]),
			new(0x0087E952, [0xEB, 0x24]),
			new(0x0087E988, [0x33, 0xC9, 0x90]),
			new(0x0087EA24, [0xEB, 0x1E]),
			new(0x0087EA7D, [0xEB, 0x0C]),
			new(0x0087EA9B, [0xEB, 0x37]),
			new(0x0087EBB1, [0xEB, 0x1E]),
			new(0x0087EBE2, [0x33, 0xC0]),
			new(0x0087ED2D, [0xEB, 0x17]),
			new(0x0087ED46, [0x33, 0xC9, 0x90]),
			new(0x0087F099, [0xEB, 0x20]),
			new(0x0087F0D4, [0x90, 0x90]),
			new(0x0087F284, [0xEB, 0x0C]),
			new(0x0087F329, [0xEB, 0x17]),
			new(0x0087F357, [0x33, 0xC9, 0x90]),
			new(0x0087F557, [0xEB, 0x1D]),
			new(0x0087F584, [0x33, 0xC9, 0x90]),
			new(0x0087F6B7, [0xEB, 0x40]),
			new(0x0087F740, [0xEB, 0x1C]),
			new(0x0087F76E, [0x33, 0xC0, 0x90, 0x90, 0x90, 0x90]),
			new(0x0087FB66, [0xEB, 0x4D]),
			new(0x0087FC62, [0xEB, 0x14]),
			new(0x0087FC9E, [0x33, 0xC9, 0x90]),
			new(0x008801CD, [0xEB, 0x17]),
			new(0x0088020E, [0xEB, 0x0C]),
			new(0x00880232, [0x90, 0x90]),
			new(0x00880B00, [0xEB, 0x1B]),
			new(0x00880B31, [0x33, 0xC9, 0x90]),
			new(0x00880C30, [0xEB, 0x26]),
			new(0x00880C68, [0x33, 0xC0, 0x90]),
			new(0x00880CBE, [0x33, 0xC9, 0x90]),
			new(0x00880CEF, [0x33, 0xF6, 0x90]),
			new(0x00880D8A, [0x33, 0xD2, 0x90]),
			new(0x00880E61, [0x33, 0xC9, 0x90]),
			new(0x00881056, [0x33, 0xC9, 0x90]),
			new(0x008810A4, [0x33, 0xD2, 0x90]),
			new(0x008810E9, [0x33, 0xD2, 0x90]),
			new(0x00881171, [0x33, 0xC0, 0x90]),
			new(0x0088135D, [0xEB, 0x2B]),
			new(0x0088151B, [0x33, 0xF6, 0x90]),
			new(0x00881656, [0xEB, 0x16]),
			new(0x0088167C, [0x33, 0xC0, 0x90]),
			new(0x0088183B, [0xEB, 0x1C]),
			new(0x00881879, [0x33, 0xC9]),
			new(0x00881A22, [0xEB, 0x38]),
			new(0x00881A7F, [0xEB, 0x14]),
			new(0x00881AC1, [0x33, 0xC9]),
			new(0x00881C9F, [0xEB, 0x23]),
			new(0x00881CD7, [0xEB, 0x43]),
			new(0x008838F7, [0xEB, 0x3C]),
			new(0x0088397D, [0xEB, 0x1A]),
			new(0x008839A9, [0x33, 0xC9, 0x90, 0x90, 0x90, 0x90]),
			new(0x00883A2B, [0x33, 0xC0, 0x90, 0x90, 0x90, 0x90]),
			new(0x00883A5D, [0x33, 0xF6, 0x90, 0x90, 0x90, 0x90]),
			new(0x00883B8E, [0xEB, 0x19]),
			new(0x00883BBC, [0x90, 0x90]),
			new(0x00885F3A, [0xEB, 0x0C]),
			new(0x008861EB, [0xEB, 0x1C]),
			new(0x008864C5, [0xEB, 0x41]),
			new(0x00886A5A, [0xEB, 0x1A]),
			new(0x00886B87, [0x33, 0xC0, 0x90]),
			new(0x00886F5A, [0xEB, 0x1C]),
			new(0x00886F96, [0x33, 0xC9, 0x90]),
			new(0x008874AE, [0xEB, 0x0C]),
			new(0x008874F8, [0xEB, 0x1F]),
			new(0x0088753A, [0x90, 0x90]),
			new(0x0088780C, [0xEB, 0x1E]),
			new(0x0088783C, [0x33, 0xC0, 0x90]),
			new(0x00887A3C, [0xEB, 0x0C]),
			new(0x00887A6E, [0xEB, 0x23]),
			new(0x00887AB1, [0x33, 0xC9, 0x90]),
			new(0x00887CBE, [0xEB, 0x15]),
			new(0x00887D16, [0x33, 0xD2, 0x90]),
			new(0x00887E33, [0xEB, 0x11]),
			new(0x00887E46, [0x33, 0xF6, 0x90]),
			new(0x0088872E, [0xEB, 0x18]),
			new(0x00888787, [0x33, 0xC9, 0x90]),
			new(0x00888822, [0xEB, 0x35]),
			new(0x0088888D, [0xEB, 0x17]),
			new(0x008888C4, [0x33, 0xC9, 0x90]),
			new(0x00888A45, [0xEB, 0x0C]),
			new(0x00888ABB, [0xEB, 0x12]),
			new(0x00888B47, [0x33, 0xD2, 0x90]),
			new(0x00888D5A, [0xEB, 0x1C]),
			new(0x00888D89, [0xEB, 0x37]),
			new(0x00888F93, [0xEB, 0x30]),
			new(0x00888FED, [0xEB, 0x36]),
			new(0x00889622, [0xEB, 0x34]),
			new(0x0088968E, [0xEB, 0x10]),
			new(0x008896C0, [0x33, 0xD2, 0x90]),
			new(0x0088980D, [0x33, 0xFF, 0x90]),
			new(0x0088AE38, [0xEB, 0x0C]),
			new(0x0088AE6C, [0xEB, 0x20]),
			new(0x0088AEAC, [0x33, 0xC9, 0x90]),
			new(0x0088AFFD, [0xEB, 0x19]),
			new(0x0088B064, [0x33, 0xC0, 0x90]),
			new(0x0088B0D2, [0xEB, 0x19]),
			new(0x0088B135, [0xEB, 0x32]),
			new(0x0088B9D1, [0xEB, 0x19]),
			new(0x0088BA16, [0x33, 0xC9, 0x90]),
			new(0x0088BF1D, [0xEB, 0x40]),
			new(0x0088BF88, [0xEB, 0x0C]),
			new(0x0088BFC0, [0xEB, 0x14]),
			new(0x0088BFD6, [0x33, 0xC9, 0x90]),
			new(0x0088C123, [0xEB, 0x0C]),
			new(0x0088C133, [0xEB, 0x14]),
			new(0x0088C15C, [0x90, 0x90]),
			new(0x0088C1E2, [0xEB, 0x14]),
			new(0x0088C252, [0xEB, 0x1B]),
			new(0x0088C2AD, [0x33, 0xC0, 0x90]),
			new(0x0088C3F8, [0xEB, 0x1A]),
			new(0x0088C422, [0x33, 0xD2, 0x90]),
			new(0x0088C664, [0xEB, 0x14]),
			new(0x0088C6B8, [0xEB, 0x0C]),
			new(0x0088C719, [0x33, 0xD2, 0x90]),
			new(0x0088D08E, [0xEB, 0x0C]),
			new(0x0088D0E1, [0xEB, 0x17]),
			new(0x0088D10A, [0x33, 0xD2, 0x90]),
			new(0x0088D1D0, [0xEB, 0x0F]),
			new(0x0088D1E1, [0x33, 0xC0, 0x90]),
			new(0x0088D6DC, [0xEB, 0x18]),
			new(0x0088D72C, [0xEB, 0x14]),
			new(0x0088D742, [0x33, 0xF6, 0x90]),
			new(0x0088D81E, [0xEB, 0x14]),
			new(0x0088D842, [0x33, 0xC9, 0x90]),
			new(0x0088E3F3, [0xEB, 0x26]),
			new(0x0088E492, [0x33, 0xDB, 0x90]),
			new(0x0088E59E, [0xEB, 0x0C]),
			new(0x0088E5E7, [0xEB, 0x1D]),
			new(0x0088E614, [0x33, 0xD2, 0x90]),
			new(0x0088EBA3, [0xEB, 0x1B]),
			new(0x0088EBC0, [0x33, 0xDB, 0x90]),
			new(0x0088EDAA, [0xEB, 0x0C]),
			new(0x0088EEC6, [0xEB, 0x26]),
			new(0x0088EF01, [0x33, 0xD2, 0x90]),
			new(0x0088FE1E, [0xEB, 0x15]),
			new(0x0088FE5C, [0x33, 0xC0, 0x90]),
			new(0x00890114, [0xEB, 0x1E]),
			new(0x00890241, [0x33, 0xC0, 0x90]),
			new(0x00890938, [0xEB, 0x28]),
			new(0x008909E8, [0x33, 0xC0, 0x90]),
			new(0x0089119D, [0xEB, 0x25]),
			new(0x0089198C, [0x90, 0x90, 0x90, 0x90, 0x90, 0x90]),
			new(0x00892B9F, [0xEB, 0x18]),
			new(0x00892C04, [0x33, 0xC0]),
			new(0x00892DD2, [0x90, 0x90, 0x90, 0x90, 0x90, 0x90]),
			new(0x00892DE6, [0x33, 0xC0, 0x90]),
			new(0x00892ED1, [0xEB, 0x15]),
			new(0x00892F94, [0xEB, 0x28]),
			new(0x00893050, [0x90, 0x90]),
			new(0x0089CF06, [0xEB, 0x15]),
			new(0x0089CF25, [0xEB, 0x16]),
			new(0x0089CF4D, [0x33, 0xC9, 0x90]),
			new(0x0089D028, [0xEB, 0x26]),
			new(0x0089D0AC, [0x33, 0xD2, 0x90]),
			new(0x0089D34B, [0xEB, 0x18]),
			new(0x0089D376, [0x33, 0xC0]),
			new(0x0089D48C, [0xEB, 0x18]),
			new(0x0089D4C4, [0x33, 0xC9, 0x90]),
			new(0x0089D590, [0xEB, 0x19]),
			new(0x0089D5EE, [0x33, 0xC9, 0x90]),
			new(0x0089D83E, [0xEB, 0x1B]),
			new(0x0089D879, [0x33, 0xC9, 0x90]),
			new(0x0089D926, [0xEB, 0x1D]),
			new(0x0089D963, [0x33, 0xC9, 0x90]),
			new(0x0089D9F2, [0xEB, 0x3D]),
			new(0x0089DA5D, [0xEB, 0x18]),
			new(0x0089DA7A, [0xEB, 0x32]),
			new(0x0089DB16, [0xEB, 0x23]),
			new(0x0089DB59, [0x33, 0xC9, 0x90]),
			new(0x0089DBEE, [0xEB, 0x19]),
			new(0x0089DC17, [0x33, 0xC9, 0x90]),
			new(0x008A0B31, [0xEB, 0x3A]),
			new(0x008A280E, [0xEB, 0x14]),
			new(0x008A2824, [0x33, 0xD2, 0x90]),
			new(0x008A28DD, [0xEB, 0x0C]),
			new(0x008A28F3, [0xEB, 0x16]),
			new(0x008A290E, [0xEB, 0x35]),
			new(0x008A3247, [0xEB, 0x1F]),
			new(0x008A328B, [0x33, 0xC9, 0x90]),
			new(0x008A336E, [0xEB, 0x1F]),
			new(0x008A33B0, [0xEB, 0x35]),
			new(0x008A369B, [0xEB, 0x0C]),
			new(0x008A36C0, [0xEB, 0x1E]),
			new(0x008A3714, [0x33, 0xC9, 0x90]),
			new(0x008A3911, [0xEB, 0x0F]),
			new(0x008A3942, [0xEB, 0x4A]),
			new(0x008A3C3F, [0xEB, 0x19]),
			new(0x008A3C81, [0x33, 0xC9]),
			new(0x008A3D22, [0xEB, 0x38]),
			new(0x008A3D9C, [0xEB, 0x14]),
			new(0x008A3DE5, [0xEB, 0x1D]),
			new(0x008A3E12, [0x33, 0xC0, 0x90]),
			new(0x008A40E2, [0xEB, 0x3A]),
			new(0x008A4164, [0xEB, 0x20]),
			new(0x008A4195, [0x33, 0xC9]),
			new(0x008A63A3, [0xEB, 0x21]),
			new(0x008A63F2, [0xEB, 0x14]),
			new(0x008A6415, [0x33, 0xC0, 0x90]),
			new(0x008A64F2, [0xEB, 0x29]),
			new(0x008A6530, [0x90, 0x90, 0x90, 0x90, 0x90, 0x90]),
			new(0x008A66A9, [0xEB, 0x16]),
			new(0x008A66CF, [0x33, 0xC9, 0x90]),
			new(0x008A68C6, [0xEB, 0x1C]),
			new(0x008A68E4, [0x33, 0xDB, 0x90]),
			new(0x008A704A, [0xEB, 0x16]),
			new(0x008A7080, [0x33, 0xD2, 0x90]),
			new(0x008A8779, [0xEB, 0x1E]),
			new(0x008A87AC, [0xEB, 0x2F]),
			new(0x008A888C, [0xEB, 0x0C]),
			new(0x008A88C0, [0xEB, 0x14]),
			new(0x008A88F8, [0x33, 0xC0, 0x90]),
			new(0x008A8A20, [0xEB, 0x16]),
			new(0x008A8A49, [0x33, 0xF6, 0x90]),
			new(0x008A8BC0, [0xEB, 0x16]),
			new(0x008A8C00, [0xEB, 0x0C]),
			new(0x008A8C29, [0x33, 0xC9]),
			new(0x008A8D05, [0xEB, 0x15]),
			new(0x008A8D3C, [0xEB, 0x21]),
			new(0x008A8D7D, [0x33, 0xC9, 0x90]),
			new(0x008A8E9F, [0xEB, 0x18]),
			new(0x008A8F96, [0xEB, 0x0C]),
			new(0x008A8FA7, [0x33, 0xD2]),
			new(0x008A9055, [0xEB, 0x19]),
			new(0x008A908E, [0x33, 0xC9, 0x90]),
			new(0x008A9147, [0xEB, 0x25]),
			new(0x008A91B2, [0xEB, 0x36]),
			new(0x008A99A0, [0xEB, 0x19]),
			new(0x008A99F6, [0x33, 0xC9, 0x90]),
			new(0x008A9A7E, [0xEB, 0x15]),
			new(0x008A9AA5, [0x33, 0xC9, 0x90]),
			new(0x008A9B30, [0xEB, 0x14]),
			new(0x008A9B72, [0x33, 0xC9, 0x90]),
			new(0x008A9BD0, [0xEB, 0x0F]),
			new(0x008A9BF4, [0x90, 0x90]),
			new(0x008A9CF3, [0xEB, 0x15]),
			new(0x008A9D41, [0xEB, 0x23]),
			new(0x008A9D84, [0x33, 0xC9, 0x90]),
			new(0x008A9EDA, [0xEB, 0x1F]),
			new(0x008A9F0B, [0x33, 0xC9, 0x90]),
			new(0x008A9FB6, [0xEB, 0x23]),
			new(0x008A9FF9, [0x33, 0xC9, 0x90]),
			new(0x008AA0C6, [0xEB, 0x1B]),
			new(0x008AA0F3, [0x33, 0xC0, 0x90]),
			new(0x008AA525, [0xEB, 0x19]),
			new(0x008AA55B, [0x33, 0xD2]),
			new(0x008AA638, [0xEB, 0x0C]),
			new(0x008AA648, [0xEB, 0x21]),
			new(0x008AA66E, [0x33, 0xD2]),
			new(0x008AA7A7, [0xEB, 0x20]),
			new(0x008AA7CC, [0x90, 0x90, 0x90, 0x90, 0x90, 0x90]),
			new(0x008AAB0F, [0xEB, 0x0C]),
			new(0x008AAB25, [0xEB, 0x24]),
			new(0x008AAB5A, [0x33, 0xC9]),
			new(0x008AAC56, [0xEB, 0x19]),
			new(0x008AAC7F, [0x33, 0xC9, 0x90]),
			new(0x008AAD33, [0xEB, 0x19]),
			new(0x008AAD7A, [0xEB, 0x15]),
			new(0x008AADA1, [0xEB, 0x38]),
			new(0x008ABBDF, [0xEB, 0x16]),
			new(0x008ABC73, [0xEB, 0x0C]),
			new(0x008ABCAF, [0x33, 0xC9, 0x90]),
			new(0x008AC240, [0xEB, 0x15]),
			new(0x008AC282, [0xEB, 0x1E]),
			new(0x008AC2A2, [0x33, 0xF6, 0x90]),
			new(0x008AF04A, [0xEB, 0x18]),
			new(0x008AF072, [0x33, 0xD2, 0x90]),
			new(0x008AF101, [0xEB, 0x38]),
			new(0x008AF1F7, [0xEB, 0x20]),
			new(0x008AF255, [0x33, 0xD2, 0x90]),
			new(0x008AF3BC, [0xEB, 0x16]),
			new(0x008AF3E2, [0x33, 0xC0, 0x90]),
			new(0x008AF445, [0xEB, 0x0F]),
			new(0x008AF473, [0x33, 0xC9]),
			new(0x008AF53B, [0xEB, 0x19]),
			new(0x008AF564, [0x33, 0xC0, 0x90]),
			new(0x008AF632, [0xEB, 0x3E]),
			new(0x008AF6A0, [0xEB, 0x14]),
			new(0x008AF6D7, [0xEB, 0x42]),
			new(0x008AF9A3, [0xEB, 0x19]),
			new(0x008AF9EA, [0x33, 0xC9, 0x90]),
			new(0x008B11AB, [0xEB, 0x17]),
			new(0x008B11D3, [0x33, 0xC0]),
			new(0x008B1313, [0xEB, 0x4B]),
			new(0x008B13A0, [0xEB, 0x15]),
			new(0x008B13E2, [0xEB, 0x14]),
			new(0x008B1409, [0xEB, 0x35]),
			new(0x008B14AB, [0xEB, 0x1C]),
			new(0x008B14EA, [0xEB, 0x31]),
			new(0x008B15C4, [0xEB, 0x0C]),
			new(0x008B15F2, [0xEB, 0x1E]),
			new(0x008B1612, [0x33, 0xC0, 0x90]),
			new(0x008B16D3, [0xEB, 0x1E]),
			new(0x008B171F, [0x33, 0xC9]),
			new(0x008B2662, [0xEB, 0x46]),
			new(0x008B26F8, [0xEB, 0x0C]),
			new(0x008B2724, [0xEB, 0x1C]),
			new(0x008B2755, [0x90, 0x90]),
			new(0x008B2820, [0xEB, 0x1A]),
			new(0x008B2864, [0xEB, 0x15]),
			new(0x008B287B, [0x33, 0xF6, 0x90]),
			new(0x008B3153, [0xEB, 0x21]),
			new(0x008B3185, [0x33, 0xC9]),
			new(0x008B34EE, [0xEB, 0x16]),
			new(0x008B3548, [0xEB, 0x0C]),
			new(0x008B356E, [0x33, 0xC9, 0x90]),
			new(0x008B360A, [0xEB, 0x1D]),
			new(0x008B365A, [0x33, 0xC9, 0x90]),
			new(0x008B3E5C, [0xEB, 0x16]),
			new(0x008B3E9F, [0x33, 0xC9, 0x90]),
			new(0x008B4007, [0xEB, 0x14]),
			new(0x008B401F, [0xEB, 0x18]),
			new(0x008B405A, [0x33, 0xD2, 0x90]),
			new(0x008B412D, [0xEB, 0x15]),
			new(0x008B4155, [0x90, 0x90]),
			new(0x008B4872, [0xEB, 0x22]),
			new(0x008B48A9, [0xEB, 0x34]),
			new(0x008B49AF, [0xEB, 0x15]),
			new(0x008B49EB, [0xEB, 0x19]),
			new(0x008B4A16, [0x33, 0xC9, 0x90]),
			new(0x008B7BF2, [0xEB, 0x12]),
			new(0x008B7C1E, [0xEB, 0x4C]),
			new(0x008B7CEF, [0xEB, 0x1D]),
			new(0x008B7D1E, [0x33, 0xC9, 0x90]),
			new(0x008B7DA9, [0xEB, 0x3A]),
			new(0x008B7E39, [0xEB, 0x14]),
			new(0x008B7E52, [0x90, 0x90]),
			new(0x008B8F77, [0xEB, 0x1B]),
			new(0x008B8FA7, [0xEB, 0x34]),
			new(0x008BA6E3, [0xEB, 0x15]),
			new(0x008BA711, [0xEB, 0x21]),
			new(0x008BA744, [0x33, 0xC9, 0x90]),
			new(0x008BA7C3, [0xEB, 0x1E]),
			new(0x008BA89F, [0x33, 0xC0, 0x90]),
			new(0x008BA963, [0xEB, 0x0C]),
			new(0x008BA981, [0xEB, 0x18]),
			new(0x008BA9AE, [0x33, 0xC9, 0x90]),
			new(0x008BAF4F, [0xEB, 0x15]),
			new(0x008BAF81, [0xEB, 0x14]),
			new(0x008BAFB5, [0x33, 0xC9, 0x90]),
			new(0x008BB0CC, [0xEB, 0x17]),
			new(0x008BB103, [0x33, 0xC9, 0x90]),
			new(0x008BB50F, [0xEB, 0x15]),
			new(0x008BB531, [0xEB, 0x10]),
			new(0x008BB57C, [0x33, 0xC9, 0x90]),
			new(0x008BB650, [0xEB, 0x14]),
			new(0x008BB684, [0x33, 0xC9, 0x90]),
			new(0x008C2479, [0xEB, 0x16]),
			new(0x008C2491, [0x33, 0xD2, 0x90]),
			new(0x008C44AE, [0xEB, 0x19]),
			new(0x008C4516, [0x33, 0xC0, 0x90]),
			new(0x008C4633, [0xEB, 0x1B]),
			new(0x008C465E, [0x33, 0xD2, 0x90]),
			new(0x008C49B0, [0xEB, 0x13]),
			new(0x008C49FF, [0x33, 0xD2]),
			new(0x008C4D5B, [0xEB, 0x21]),
			new(0x008C4DA8, [0xEB, 0x14]),
			new(0x008C4DE2, [0x33, 0xF6, 0x90]),
			new(0x008C72B6, [0xEB, 0x17]),
			new(0x008C72D2, [0xEB, 0x38]),
			new(0x008C73C8, [0xEB, 0x1E]),
			new(0x008C73E8, [0x33, 0xC0, 0x90]),
			new(0x008C755C, [0xEB, 0x1B]),
			new(0x008C7597, [0x33, 0xC9, 0x90]),
			new(0x008C82CA, [0xEB, 0x1A]),
			new(0x008C8314, [0x90, 0x90, 0x90, 0x90, 0x90, 0x90]),
			new(0x008C8463, [0xEB, 0x21]),
			new(0x008C8494, [0x33, 0xC9, 0x90]),
			new(0x008C8566, [0xEB, 0x17]),
			new(0x008C85C7, [0xEB, 0x15]),
			new(0x008C85EC, [0x33, 0xC9, 0x90]),
			new(0x008C87A7, [0xEB, 0x3C]),
			new(0x008C8826, [0xEB, 0x15]),
			new(0x008C884A, [0xEB, 0x1A]),
			new(0x008C8902, [0x90, 0x90]),
			new(0x008C8A4C, [0xEB, 0x17]),
			new(0x008C8A76, [0x90, 0x90, 0x90, 0x90, 0x90, 0x90]),
			new(0x008C8C15, [0xEB, 0x21]),
			new(0x008C8CB6, [0xEB, 0x46]),
			new(0x008C8FBC, [0xEB, 0x12]),
			new(0x008C8FD3, [0xEB, 0x39]),
			new(0x008C9245, [0xEB, 0x4A]),
			new(0x008C92BF, [0xEB, 0x25]),
			new(0x008C92FA, [0x33, 0xC0]),
			new(0x008C9DC3, [0xEB, 0x1C]),
			new(0x008C9DE4, [0x33, 0xC0, 0x90]),
			new(0x008C9EE7, [0x33, 0xD2, 0x90]),
			new(0x008C9F00, [0x33, 0xC0, 0x90]),
			new(0x008C9F82, [0xEB, 0x19]),
			new(0x008CA017, [0xEB, 0x42]),
			new(0x008CA450, [0xEB, 0x16]),
			new(0x008CA480, [0x90, 0x90]),
			new(0x008CA546, [0xEB, 0x1E]),
			new(0x008CA584, [0xEB, 0x37]),
			new(0x008CA639, [0xEB, 0x1D]),
			new(0x008CA685, [0x33, 0xC0, 0x90]),
			new(0x008CADE1, [0xEB, 0x16]),
			new(0x008CAE09, [0x33, 0xD2, 0x90]),
			new(0x008CAEEE, [0xEB, 0x0C]),
			new(0x008CB1B3, [0xEB, 0x1F]),
			new(0x008CB21A, [0x33, 0xC9]),
			new(0x008CB2BF, [0xEB, 0x11]),
			new(0x008CB2E0, [0x33, 0xC9, 0x90]),
			new(0x008CB41D, [0xEB, 0x0C]),
			new(0x008CB455, [0xEB, 0x1D]),
			new(0x008CB483, [0x33, 0xD2]),
			new(0x008CB5AC, [0xEB, 0x15]),
			new(0x008CB5D2, [0xEB, 0x1C]),
			new(0x008CB60E, [0x33, 0xC9, 0x90]),
			new(0x008CB782, [0xEB, 0x16]),
			new(0x008CB7B8, [0x33, 0xC9, 0x90]),
			new(0x008CB994, [0xEB, 0x1C]),
			new(0x008CB9D0, [0x33, 0xC9, 0x90]),
			new(0x008CBAB1, [0xEB, 0x0C]),
			new(0x008CBAE0, [0xEB, 0x14]),
			new(0x008CBAF6, [0x33, 0xFF, 0x90]),
			new(0x008CBDB9, [0xEB, 0x1F]),
			new(0x008CBE19, [0x33, 0xC9, 0x90]),
			new(0x008CBFC2, [0xEB, 0x3B]),
			new(0x008CC03A, [0xEB, 0x22]),
			new(0x008CC061, [0x90, 0x90]),
			new(0x008CC17E, [0xEB, 0x3B]),
			new(0x008CC221, [0xEB, 0x15]),
			new(0x008CC285, [0xEB, 0x16]),
			new(0x008CC2C4, [0x33, 0xC9, 0x90]),
			new(0x008CC4E6, [0xEB, 0x14]),
			new(0x008CC541, [0xEB, 0x21]),
			new(0x008CC582, [0x33, 0xC9, 0x90]),
			new(0x008CC8A9, [0xEB, 0x20]),
			new(0x008CC8DB, [0x33, 0xC9, 0x90]),
			new(0x008CC9AD, [0xEB, 0x1A]),
			new(0x008CC9DA, [0xEB, 0x37]),
			new(0x008CCAAB, [0xEB, 0x1A]),
			new(0x008CCAE9, [0x33, 0xC0, 0x90]),
			new(0x008CCC8D, [0xEB, 0x18]),
			new(0x008CCCC5, [0x33, 0xC0, 0x90]),
			new(0x008CCD34, [0xEB, 0x16]),
			new(0x008CCD5C, [0x33, 0xD2, 0x90]),
			new(0x008CD253, [0xEB, 0x11]),
			new(0x008CD284, [0x33, 0xC9, 0x90]),
			new(0x008CD4BA, [0xEB, 0x0C]),
			new(0x008CD4D8, [0xEB, 0x22]),
			new(0x008CD519, [0x33, 0xF6, 0x90]),
			new(0x008CE443, [0xEB, 0x36]),
			new(0x008CE4BE, [0xEB, 0x1A]),
			new(0x008CE4DD, [0x33, 0xD2]),
			new(0x008CE580, [0xEB, 0x1C]),
			new(0x008CE5A1, [0x33, 0xC0]),
			new(0x008CFFC2, [0xEB, 0x3D]),
			new(0x008D0062, [0xEB, 0x19]),
			new(0x008D009B, [0xEB, 0x49]),
			new(0x008D054E, [0xEB, 0x0C]),
			new(0x008D060C, [0xEB, 0x1E]),
			new(0x008D064D, [0x33, 0xD2, 0x90]),
			new(0x008D0860, [0xEB, 0x19]),
			new(0x008D08A8, [0x33, 0xC0, 0x90]),
			new(0x008D1C72, [0xEB, 0x1C]),
			new(0x008D1CAE, [0x33, 0xD2, 0x90]),
			new(0x008D34F3, [0xEB, 0x0C]),
			new(0x008D351A, [0xEB, 0x1D]),
			new(0x008D354D, [0x33, 0xFF, 0x90]),
			new(0x008D3685, [0xEB, 0x24]),
			new(0x008D36B9, [0x33, 0xC9, 0x90]),
			new(0x008D3873, [0xEB, 0x14]),
			new(0x008D3899, [0x33, 0xD2, 0x90]),
			new(0x008D55E8, [0xEB, 0x1A]),
			new(0x008D561E, [0x33, 0xC0, 0x90]),
			new(0x008DD34E, [0xEB, 0x19]),
			new(0x008DD375, [0x33, 0xD2, 0x90]),
			new(0x008DD559, [0xEB, 0x21]),
			new(0x008DD58C, [0x33, 0xC9, 0x90]),
			new(0x008DD6D9, [0xEB, 0x0C]),
			new(0x008DD6EA, [0xEB, 0x1D]),
			new(0x008DD71C, [0x90, 0x90]),
			new(0x008DD881, [0xEB, 0x0C]),
			new(0x008DD89F, [0xEB, 0x14]),
			new(0x008DD8C3, [0x33, 0xC9, 0x90]),
			new(0x008DDAB2, [0xEB, 0x15]),
			new(0x008DDAD9, [0x33, 0xC9, 0x90]),
			new(0x008E0822, [0xEB, 0x19]),
			new(0x008E086D, [0xEB, 0x14]),
			new(0x008E0883, [0x33, 0xF6, 0x90]),
			new(0x008E0B03, [0xEB, 0x0F]),
			new(0x008E0B24, [0x33, 0xC0, 0x90]),
			new(0x008E0D05, [0xEB, 0x1E]),
			new(0x008E0D47, [0x33, 0xC9]),
			new(0x008E10A3, [0xEB, 0x0C]),
			new(0x008E10FA, [0xEB, 0x1A]),
			new(0x008E1119, [0x33, 0xC0]),
			new(0x008E1245, [0xEB, 0x0C]),
			new(0x008E126A, [0xEB, 0x15]),
			new(0x008E1281, [0x33, 0xC0, 0x90]),
			new(0x008E13BA, [0xEB, 0x18]),
			new(0x008E1411, [0x90, 0x90, 0x90, 0x90, 0x90, 0x90]),
			new(0x008E1E82, [0xEB, 0x16]),
			new(0x008E1EAB, [0x90, 0x90]),
			new(0x008E2282, [0xEB, 0x0C]),
			new(0x008E22E4, [0xEB, 0x1C]),
			new(0x008E2312, [0x33, 0xD2]),
			new(0x008E24AD, [0xEB, 0x0C]),
			new(0x008E250F, [0xEB, 0x1B]),
			new(0x008E253F, [0x90, 0x90]),
			new(0x008E25D9, [0xEB, 0x14]),
			new(0x008E25FE, [0x33, 0xD2]),
			new(0x008E3303, [0xEB, 0x0C]),
			new(0x008E3348, [0xEB, 0x1F]),
			new(0x008E336C, [0xEB, 0x34]),
			new(0x008E3455, [0xEB, 0x29]),
			new(0x008E3492, [0x33, 0xD2]),
			new(0x008E3926, [0xEB, 0x1C]),
			new(0x008E3C96, [0x33, 0xC0, 0x90]),
			new(0x008E3DC7, [0xEB, 0x0C]),
			new(0x008E3DDD, [0xEB, 0x13]),
			new(0x008E3DF2, [0x33, 0xFF, 0x90]),
			new(0x008E4066, [0xEB, 0x15]),
			new(0x008E409C, [0xEB, 0x1D]),
			new(0x008E40CB, [0x33, 0xD2, 0x90]),
			new(0x008E45A2, [0xEB, 0x3D]),
			new(0x008E4637, [0xEB, 0x0C]),
			new(0x008E464D, [0xEB, 0x17]),
			new(0x008E4676, [0x33, 0xD2, 0x90]),
			new(0x008E49D9, [0xEB, 0x1E]),
			new(0x008E4A7F, [0x33, 0xD2, 0x90]),
			new(0x008E4F1B, [0xEB, 0x0C]),
			new(0x008E4F31, [0xEB, 0x19]),
			new(0x008E4F67, [0x33, 0xC9, 0x90]),
			new(0x008EACD0, [0xEB, 0x15]),
			new(0x008EACF8, [0xEB, 0x41]),
			new(0x008EAFF4, [0xEB, 0x1E]),
			new(0x008EB032, [0x33, 0xC9, 0x90]),
			new(0x008EBE97, [0xEB, 0x0C]),
			new(0x008EC012, [0xEB, 0x23]),
			new(0x008EC04B, [0x90, 0x90, 0x90, 0x90, 0x90, 0x90]),
			new(0x008EC493, [0xEB, 0x1C]),
			new(0x008EC4F8, [0x90, 0x90]),
			new(0x008EE8D7, [0xEB, 0x14]),
			new(0x008EE8F2, [0xEB, 0x21]),
			new(0x008EE918, [0xEB, 0x36]),
			new(0x008EE9A2, [0xEB, 0x14]),
			new(0x008EE9EA, [0xEB, 0x1C]),
			new(0x008EEA51, [0xEB, 0x49]),
			new(0x008F3576, [0xEB, 0x14]),
			new(0x008F375C, [0xEB, 0x20]),
			new(0x008F3790, [0xEB, 0x31]),
			new(0x008F5EEF, [0xEB, 0x15]),
			new(0x008F5FFE, [0x33, 0xF6, 0x90]),
			new(0x008FA898, [0xEB, 0x1D]),
			new(0x008FA90C, [0xEB, 0x42]),
			new(0x008FB8E6, [0xEB, 0x1C]),
			new(0x008FB917, [0x90, 0x90]),
			new(0x008FBAD7, [0xEB, 0x26]),
			new(0x008FBB46, [0x33, 0xC9, 0x90]),
			new(0x008FF9E5, [0xEB, 0x21]),
			new(0x008FFC01, [0x33, 0xC9, 0x90]),
			new(0x009000A7, [0xEB, 0x1B]),
			new(0x009000D4, [0x33, 0xC9, 0x90]),
			new(0x00900263, [0xEB, 0x1B]),
			new(0x00900338, [0x33, 0xC9, 0x90]),
			new(0x00900B13, [0xEB, 0x22]),
			new(0x00900B5E, [0x33, 0xC0, 0x90]),
			new(0x00900DC4, [0xEB, 0x25]),
			new(0x00900FF2, [0xEB, 0x54]),
			new(0x00907563, [0xEB, 0x47]),
			new(0x009075DD, [0xEB, 0x17]),
			new(0x009075F6, [0x33, 0xF6, 0x90]),
			new(0x00907788, [0xEB, 0x1F]),
			new(0x009077D4, [0x33, 0xC0, 0x90]),
			new(0x0090E02F, [0xEB, 0x14]),
			new(0x0090E07D, [0xEB, 0x17]),
			new(0x0090E0A6, [0x33, 0xC9, 0x90]),
			new(0x0090E135, [0xEB, 0x14]),
			new(0x0090E14E, [0xEB, 0x20]),
			new(0x0090E185, [0x33, 0xC0]),
			new(0x00910BF1, [0xEB, 0x18]),
			new(0x00910C18, [0x33, 0xF6, 0x90]),
			new(0x0091270B, [0xEB, 0x0C]),
			new(0x00912721, [0xEB, 0x15]),
			new(0x00912748, [0x33, 0xD2, 0x90]),
			new(0x009128DA, [0xEB, 0x19]),
			new(0x00912913, [0x33, 0xC9, 0x90]),
			new(0x00912CBE, [0xEB, 0x16]),
			new(0x00912CD9, [0xEB, 0x32]),
			new(0x00912F12, [0xEB, 0x0F]),
			new(0x00912F36, [0xEB, 0x3B]),
			new(0x0091502A, [0xEB, 0x14]),
			new(0x00915061, [0x33, 0xC0]),
			new(0x00915304, [0xEB, 0x16]),
			new(0x0091532C, [0x33, 0xC0, 0x90]),
			new(0x00915754, [0xEB, 0x0C]),
			new(0x00915782, [0xEB, 0x17]),
			new(0x009157BE, [0x33, 0xC9]),
			new(0x0091788E, [0xEB, 0x41]),
			new(0x00917E32, [0xEB, 0x21]),
			new(0x00918666, [0x33, 0xC0, 0x90]),
			new(0x0091C007, [0xEB, 0x41]),
			new(0x0091C0C1, [0xEB, 0x18]),
			new(0x0091C0DE, [0x33, 0xD2, 0x90]),
			new(0x0091C454, [0xEB, 0x0C]),
			new(0x0091C465, [0xEB, 0x29]),
			new(0x0091C4B1, [0xEB, 0x37]),
			new(0x0091C6ED, [0xEB, 0x1E]),
			new(0x0091C71B, [0x33, 0xC9, 0x90]),
			new(0x0091D222, [0xEB, 0x37]),
			new(0x0091D296, [0xEB, 0x1C]),
			new(0x0091D2DD, [0xEB, 0x0C]),
			new(0x0091D2FB, [0x33, 0xC9, 0x90]),
			new(0x0091D6D6, [0xEB, 0x19]),
			new(0x0091D70F, [0x33, 0xD2, 0x90]),
			new(0x0091E94E, [0xEB, 0x19]),
			new(0x0091E96C, [0x33, 0xC9]),
			new(0x0091F1EB, [0xEB, 0x1E]),
			new(0x0091F229, [0x33, 0xD2, 0x90]),
			new(0x0091F736, [0xEB, 0x1E]),
			new(0x0091F777, [0xEB, 0x30]),
			new(0x0091F7FA, [0xEB, 0x1D]),
			new(0x0091F8D7, [0xEB, 0x0C]),
			new(0x0091F8F5, [0x33, 0xD2, 0x90]),
			new(0x0091FD7D, [0xEB, 0x1F]),
			new(0x0091FF88, [0x33, 0xC0, 0x90]),
			new(0x009207F3, [0xEB, 0x22]),
			new(0x00920825, [0x33, 0xD2, 0x90]),
			new(0x009208F3, [0xEB, 0x14]),
			new(0x0092092E, [0x90, 0x90, 0x90, 0x90, 0x90, 0x90]),
			new(0x009211C2, [0xEB, 0x39]),
			new(0x0092125C, [0xEB, 0x14]),
			new(0x0092127A, [0xEB, 0x1A]),
			new(0x00921299, [0x33, 0xC0, 0x90]),
			new(0x009216DB, [0xEB, 0x1B]),
			new(0x00921DF8, [0xEB, 0x34]),
			new(0x00921EFD, [0xEB, 0x1C]),
			new(0x00921FF9, [0x33, 0xF6, 0x90]),
			new(0x0092213F, [0xEB, 0x1E]),
			new(0x0092215F, [0x33, 0xC9, 0x90]),
			new(0x009227F5, [0xEB, 0x19]),
			new(0x0092283C, [0x33, 0xC9, 0x90]),
			new(0x00922F5B, [0xEB, 0x35]),
			new(0x00922FFB, [0xEB, 0x15]),
			new(0x00923072, [0xEB, 0x15]),
			new(0x009232C7, [0x33, 0xF6, 0x90]),
			new(0x009233CB, [0xEB, 0x14]),
			new(0x009233F3, [0xEB, 0x2F]),
			new(0x00923460, [0x90, 0x90, 0x90, 0x90, 0x90, 0x90]),
			new(0x0092375E, [0xEB, 0x17]),
			new(0x00923791, [0xEB, 0x51]),
			new(0x00923A87, [0xEB, 0x1C]),
			new(0x00923AC9, [0x33, 0xC0, 0x90]),
			new(0x00923D61, [0xEB, 0x15]),
			new(0x00923DA2, [0xEB, 0x22]),
			new(0x009243C3, [0x90, 0x90, 0x90, 0x90, 0x90, 0x90]),
			new(0x009245E6, [0xEB, 0x1B]),
			new(0x0092470C, [0xEB, 0x36]),
			new(0x009252BA, [0xEB, 0x15]),
			new(0x009252EF, [0x33, 0xC9, 0x90]),
			new(0x009253FB, [0xEB, 0x46]),
			new(0x00925463, [0xEB, 0x17]),
			new(0x0092549E, [0x33, 0xD2, 0x90]),
			new(0x0092556C, [0xEB, 0x0C]),
			new(0x0092559D, [0xEB, 0x1A]),
			new(0x009255D7, [0x33, 0xC0, 0x90]),
			new(0x0092605B, [0xEB, 0x1A]),
			new(0x009260AF, [0xEB, 0x15]),
			new(0x009260C8, [0x33, 0xC0, 0x90]),
			new(0x009260ED, [0x33, 0xC9, 0x90]),
			new(0x009263DB, [0x33, 0xD2, 0x90]),
			new(0x009265AD, [0x33, 0xDB, 0x90]),
			new(0x0092696F, [0xEB, 0x1A]),
			new(0x009269A2, [0x90, 0x90, 0x90, 0x90, 0x90, 0x90]),
			new(0x00927743, [0xEB, 0x16]),
			new(0x00927787, [0x33, 0xD2, 0x90]),
			new(0x00927985, [0xEB, 0x1F]),
			new(0x00927B87, [0x33, 0xC9, 0x90]),
			new(0x00928398, [0xEB, 0x37]),
			new(0x009283FC, [0xEB, 0x19]),
			new(0x009284D0, [0x33, 0xC9]),
			new(0x009289E5, [0xEB, 0x19]),
			new(0x00928A41, [0x33, 0xD2, 0x90]),
			new(0x00929440, [0xEB, 0x17]),
			new(0x0092945C, [0x33, 0xC0]),
			new(0x0092ABA5, [0xEB, 0x22]),
			new(0x0092ABF4, [0x33, 0xC9, 0x90]),
			new(0x0092B048, [0xEB, 0x25]),
			new(0x0092B616, [0x33, 0xC9, 0x90]),
			new(0x0092BA97, [0xEB, 0x16]),
			new(0x0092BAFD, [0x33, 0xC9, 0x90]),
			new(0x0092BBF0, [0xEB, 0x1A]),
			new(0x0092BC8D, [0x33, 0xD2, 0x90]),
			new(0x0092BF7B, [0xEB, 0x15]),
			new(0x0092BFD3, [0xEB, 0x1E]),
			new(0x0092C002, [0x33, 0xC9]),
			new(0x0092C1F9, [0xEB, 0x20]),
			new(0x0092C27A, [0x33, 0xC9, 0x90]),
			new(0x0092CC0E, [0xEB, 0x1A]),
			new(0x0092CC2A, [0x33, 0xC0, 0x90]),
			new(0x0092D4AB, [0xEB, 0x3C]),
			new(0x0092D51E, [0xEB, 0x19]),
			new(0x0092D55A, [0x33, 0xD2]),
			new(0x0092D81C, [0xEB, 0x1E]),
			new(0x0092D863, [0xEB, 0x33]),
			new(0x0092DA82, [0xEB, 0x22]),
			new(0x0092DAA6, [0x33, 0xF6, 0x90]),
			new(0x0092DF83, [0xEB, 0x0F]),
			new(0x0092E02E, [0x33, 0xD2, 0x90]),
			new(0x0092F2DF, [0xEB, 0x15]),
			new(0x0092F30C, [0xEB, 0x23]),
			new(0x0092F351, [0x33, 0xD2, 0x90]),
			new(0x0092F71A, [0xEB, 0x20]),
			new(0x0092F74A, [0x33, 0xC9, 0x90]),
			new(0x0092FC2A, [0xEB, 0x14]),
			new(0x0092FC68, [0xEB, 0x15]),
			new(0x0092FC8D, [0x33, 0xC9, 0x90]),
			new(0x0092FD5C, [0xEB, 0x1D]),
			new(0x0092FD8B, [0x90, 0x90]),
			new(0x0093097A, [0xEB, 0x0C]),
			new(0x009309A7, [0xEB, 0x1D]),
			new(0x00930D73, [0x33, 0xD2, 0x90]),
			new(0x00930EF6, [0xEB, 0x15]),
			new(0x00930F15, [0xEB, 0x18]),
			new(0x00930F32, [0x90, 0x90]),
			new(0x0093154F, [0xEB, 0x19]),
			new(0x00931666, [0x33, 0xD2, 0x90]),
			new(0x00931732, [0xEB, 0x27]),
			new(0x00931895, [0xEB, 0x0C]),
			new(0x009318B4, [0x90, 0x90]),
			new(0x00933548, [0xEB, 0x1F]),
			new(0x0093358E, [0x33, 0xC0, 0x90]),
			new(0x009335DE, [0x33, 0xD2, 0x90]),
			new(0x00933633, [0x33, 0xC0, 0x90]),
			new(0x009336EA, [0x33, 0xC9, 0x90]),
			new(0x009336FD, [0x33, 0xF6, 0x90]),
			new(0x00938020, [0xEB, 0x1C]),
			new(0x0093804B, [0x33, 0xD2, 0x90]),
			new(0x00939701, [0xEB, 0x19]),
			new(0x0093971C, [0x33, 0xD2, 0x90]),
			new(0x009397C4, [0xEB, 0x23]),
			new(0x00939824, [0x33, 0xC9, 0x90]),
			new(0x009399BC, [0xEB, 0x1B]),
			new(0x009399F7, [0x33, 0xC0, 0x90]),
			new(0x00939B57, [0xEB, 0x15]),
			new(0x00939B93, [0xEB, 0x19]),
			new(0x00939BDE, [0x33, 0xC0, 0x90]),
			new(0x00939E0D, [0xEB, 0x39]),
			new(0x00939F1C, [0xEB, 0x15]),
			new(0x0093A34C, [0xEB, 0x23]),
			new(0x0093A42E, [0x33, 0xD2, 0x90]),
			new(0x0093A5D9, [0xEB, 0x21]),
			new(0x0093A661, [0x33, 0xD2, 0x90]),
			new(0x0093AE68, [0xEB, 0x1F]),
			new(0x0093AEA1, [0xEB, 0x42]),
			new(0x0093B0D8, [0xEB, 0x18]),
			new(0x0093B0F5, [0x33, 0xC0]),
			new(0x0093B52F, [0xEB, 0x29]),
			new(0x0093B704, [0x33, 0xC0, 0x90]),
			new(0x0093B836, [0xEB, 0x38]),
			new(0x0093B8D5, [0xEB, 0x23]),
			new(0x0093B926, [0x33, 0xD2, 0x90]),
			new(0x0093C146, [0xEB, 0x26]),
			new(0x0093C18E, [0xEB, 0x38]),
			new(0x0093CA5A, [0xEB, 0x1B]),
			new(0x0093CAAF, [0xEB, 0x0C]),
			new(0x0093CAC0, [0x33, 0xC0, 0x90]),
			new(0x0093D309, [0xEB, 0x20]),
			new(0x0093D349, [0x33, 0xC9, 0x90]),
			new(0x0093DF16, [0xEB, 0x1C]),
			new(0x0093DF53, [0xEB, 0x45]),
			new(0x0093E0A7, [0xEB, 0x15]),
			new(0x0093E0FE, [0xEB, 0x17]),
			new(0x0093E129, [0x33, 0xC0, 0x90]),
			new(0x0093E47C, [0xEB, 0x0C]),
			new(0x0093E498, [0xEB, 0x1A]),
			new(0x0093E4C2, [0x33, 0xD2, 0x90]),
			new(0x0093EB26, [0xEB, 0x0C]),
			new(0x0093EB40, [0xEB, 0x1A]),
			new(0x0093EB82, [0x33, 0xD2, 0x90]),
			new(0x00940108, [0xEB, 0x0C]),
			new(0x00940175, [0xEB, 0x1D]),
			new(0x009401A7, [0x90, 0x90]),
			new(0x009402BD, [0xEB, 0x1E]),
			new(0x00940318, [0xEB, 0x0C]),
			new(0x00940333, [0x33, 0xC0, 0x90]),
			new(0x00940735, [0xEB, 0x16]),
			new(0x00940760, [0xEB, 0x41]),
			new(0x00940AD4, [0xEB, 0x3C]),
			new(0x00940B4D, [0xEB, 0x1A]),
			new(0x00940B7C, [0xEB, 0x49]),
			new(0x00940D97, [0xEB, 0x28]),
			new(0x00940DC4, [0xEB, 0x33]),
			new(0x009411FB, [0xEB, 0x1C]),
			new(0x00941237, [0x33, 0xC9, 0x90]),
			new(0x009414CB, [0xEB, 0x14]),
			new(0x00941509, [0xEB, 0x26]),
			new(0x00941541, [0x33, 0xC0, 0x90]),
			new(0x00941A11, [0xEB, 0x3A]),
			new(0x00941A6E, [0xEB, 0x1B]),
			new(0x00941A98, [0x33, 0xC9, 0x90]),
			new(0x00941B1B, [0xEB, 0x24]),
			new(0x00941B4E, [0x33, 0xC9, 0x90]),
			new(0x00941CC2, [0xEB, 0x22]),
			new(0x00941CE6, [0x33, 0xD2, 0x90]),
			new(0x00941D5D, [0xEB, 0x17]),
			new(0x00941D87, [0xEB, 0x48]),
			new(0x00941EEC, [0xEB, 0x1C]),
			new(0x00941F1A, [0x33, 0xC9, 0x90]),
			new(0x00942035, [0xEB, 0x16]),
			new(0x00942050, [0x33, 0xC9]),
			new(0x0094216B, [0xEB, 0x1C]),
			new(0x009421AA, [0xEB, 0x35]),
			new(0x009422A9, [0xEB, 0x16]),
			new(0x009422DF, [0x33, 0xC9, 0x90]),
			new(0x009423B7, [0xEB, 0x15]),
			new(0x00942406, [0xEB, 0x1C]),
			new(0x00942437, [0x90, 0x90, 0x90, 0x90, 0x90, 0x90]),
			new(0x0094257F, [0xEB, 0x1A]),
			new(0x009425C3, [0xEB, 0x14]),
			new(0x009425E9, [0x33, 0xC0, 0x90]),
			new(0x00946ACE, [0xEB, 0x15]),
			new(0x00946AE5, [0x33, 0xD2, 0x90]),
			new(0x00946C34, [0xEB, 0x3E]),
			new(0x00946CBA, [0xEB, 0x19]),
			new(0x00946CF3, [0x33, 0xC0, 0x90]),
			new(0x0094714E, [0xEB, 0x16]),
			new(0x00947169, [0x33, 0xC0, 0x90]),
			new(0x00949ADF, [0xEB, 0x1E]),
			new(0x0094A73E, [0x33, 0xC0, 0x90]),
			new(0x0094C95A, [0xEB, 0x1C]),
			new(0x0094C9AB, [0x33, 0xD2, 0x90, 0x90, 0x90, 0x90]),
			new(0x0094CAFC, [0xEB, 0x1E]),
			new(0x0094CB71, [0x33, 0xD2, 0x90, 0x90, 0x90, 0x90]),
			new(0x0094CCC2, [0xEB, 0x0F]),
			new(0x0094CD1C, [0xEB, 0x2B]),
			new(0x0094D0F7, [0xEB, 0x1E]),
			new(0x0094D163, [0xEB, 0x36]),
			new(0x0094D452, [0xEB, 0x25]),
			new(0x0094D4BD, [0xEB, 0x2A]),
			new(0x0094D610, [0xEB, 0x1F]),
			new(0x0094D66C, [0x33, 0xC9, 0x90, 0x90, 0x90, 0x90]),
			new(0x0094D7A0, [0xEB, 0x3B]),
			new(0x0094D830, [0xEB, 0x15]),
			new(0x0094D87E, [0xEB, 0x14]),
			new(0x0094D8E0, [0x33, 0xC9, 0x90, 0x90, 0x90, 0x90]),
			new(0x0094D9E5, [0xEB, 0x15]),
			new(0x0094D9FE, [0xEB, 0x18]),
			new(0x0094DA62, [0x33, 0xC9, 0x90, 0x90, 0x90, 0x90]),
			new(0x0094DB9C, [0xEB, 0x1B]),
			new(0x0094DC0C, [0x33, 0xD2, 0x90, 0x90, 0x90, 0x90]),
			new(0x0094DECD, [0xEB, 0x1B]),
			new(0x0094DEEA, [0x33, 0xC0, 0x90]),
			new(0x0094E007, [0xEB, 0x15]),
			new(0x0094E044, [0xEB, 0x1C]),
			new(0x0094E080, [0x33, 0xC9, 0x90]),
			new(0x0094E311, [0xEB, 0x15]),
			new(0x0094E345, [0xEB, 0x1D]),
			new(0x0094E367, [0xEB, 0x4A]),
			new(0x0094E595, [0xEB, 0x1D]),
			new(0x0094E5E0, [0x33, 0xC9, 0x90]),
			new(0x0094E769, [0xEB, 0x1E]),
			new(0x0094E797, [0x33, 0xD2, 0x90]),
			new(0x0094E874, [0xEB, 0x15]),
			new(0x0094E88E, [0xEB, 0x1E]),
			new(0x0094E8CA, [0x33, 0xC0, 0x90]),
			new(0x0094EAB8, [0xEB, 0x1E]),
			new(0x0094EADB, [0xEB, 0x48]),
			new(0x0094EBDA, [0xEB, 0x1D]),
			new(0x0094EC37, [0x90, 0x90]),
			new(0x0094ECC0, [0xEB, 0x3D]),
			new(0x0094ED3F, [0xEB, 0x12]),
			new(0x0094ED74, [0xEB, 0x32]),
			new(0x0094EE31, [0xEB, 0x0C]),
			new(0x0094EE54, [0xEB, 0x19]),
			new(0x0094EE9F, [0x33, 0xC9, 0x90]),
			new(0x0094F14A, [0xEB, 0x14]),
			new(0x0094F180, [0x90, 0x90]),
			new(0x0094F585, [0xEB, 0x15]),
			new(0x0094F5BA, [0x33, 0xC9, 0x90]),
			new(0x00950D03, [0xEB, 0x1C]),
			new(0x00950D21, [0x33, 0xD2, 0x90]),
			new(0x00950E7C, [0xEB, 0x0C]),
			new(0x00950EA6, [0xEB, 0x21]),
			new(0x00950EC9, [0x33, 0xF6, 0x90]),
			new(0x00950F7C, [0xEB, 0x18]),
			new(0x00950FB7, [0x33, 0xD2, 0x90]),
			new(0x00951076, [0xEB, 0x0C]),
			new(0x009510AB, [0xEB, 0x1A]),
			new(0x009510D5, [0x33, 0xC0, 0x90]),
			new(0x0095116A, [0xEB, 0x22]),
			new(0x0095118E, [0x33, 0xD2, 0x90]),
			new(0x0095122A, [0xEB, 0x38]),
			new(0x0095128F, [0xEB, 0x1B]),
			new(0x009512CE, [0x33, 0xD2, 0x90]),
			new(0x009513EE, [0xEB, 0x19]),
			new(0x0095141A, [0x90, 0x90]),
			new(0x00951538, [0xEB, 0x24]),
			new(0x0095156E, [0x33, 0xC0, 0x90]),
			new(0x009516A0, [0xEB, 0x15]),
			new(0x009516E2, [0x33, 0xC9, 0x90]),
			new(0x009517E6, [0xEB, 0x14]),
			new(0x0095181E, [0x33, 0xC9, 0x90]),
			new(0x00951A52, [0xEB, 0x1B]),
			new(0x00951A7F, [0x33, 0xC0, 0x90]),
			new(0x00951D3A, [0xEB, 0x19]),
			new(0x00951D73, [0x33, 0xC9, 0x90]),
			new(0x00951E47, [0xEB, 0x3E]),
			new(0x00951EB4, [0xEB, 0x1E]),
			new(0x00951EE5, [0xEB, 0x31]),
			new(0x00951FDD, [0xEB, 0x1A]),
			new(0x00952007, [0x33, 0xFF, 0x90]),
			new(0x009521A9, [0xEB, 0x0C]),
			new(0x009521CC, [0xEB, 0x20]),
			new(0x009521FE, [0x33, 0xC0, 0x90]),
			new(0x009522AD, [0xEB, 0x17]),
			new(0x009522EA, [0x33, 0xD2, 0x90]),
			new(0x0095238C, [0xEB, 0x17]),
			new(0x009523C6, [0x90, 0x90]),
			new(0x00952489, [0xEB, 0x1B]),
			new(0x009524B4, [0x33, 0xD2, 0x90]),
			new(0x00952579, [0xEB, 0x20]),
			new(0x009525D9, [0xEB, 0x46]),
			new(0x009526CF, [0xEB, 0x15]),
			new(0x009526E8, [0xEB, 0x21]),
			new(0x00952719, [0x33, 0xC9, 0x90]),
			new(0x009527B9, [0xEB, 0x1B]),
			new(0x009527D9, [0xEB, 0x31]),
			new(0x00952870, [0xEB, 0x17]),
			new(0x009528A8, [0x90, 0x90]),
			new(0x0095299D, [0xEB, 0x17]),
			new(0x009529F2, [0x33, 0xC9, 0x90]),
			new(0x00952AB3, [0xEB, 0x1B]),
			new(0x00952ADE, [0x33, 0xC9, 0x90]),
			new(0x00952BC2, [0xEB, 0x16]),
			new(0x00952C18, [0xEB, 0x43]),
			new(0x00952F53, [0xEB, 0x20]),
			new(0x00952F89, [0x33, 0xC9, 0x90]),
			new(0x009530BF, [0xEB, 0x25]),
			new(0x009530F6, [0x33, 0xC9, 0x90]),
			new(0x009532A0, [0xEB, 0x1B]),
			new(0x009532DB, [0x33, 0xD2, 0x90]),
			new(0x00953413, [0xEB, 0x19]),
			new(0x0095344C, [0x33, 0xC9, 0x90]),
			new(0x00953533, [0xEB, 0x14]),
			new(0x00953567, [0x33, 0xC9, 0x90]),
			new(0x00953BD1, [0xEB, 0x16]),
			new(0x00953BFC, [0xEB, 0x3E]),
			new(0x00953CBA, [0xEB, 0x1E]),
			new(0x00953CF9, [0x33, 0xC0, 0x90]),
			new(0x00954D9A, [0xEB, 0x1B]),
			new(0x00954DC5, [0x33, 0xD2, 0x90]),
			new(0x00954EB5, [0xEB, 0x50]),
			new(0x00954F42, [0xEB, 0x0C]),
			new(0x00954F6E, [0xEB, 0x16]),
			new(0x00954FA4, [0x33, 0xD2, 0x90]),
			new(0x009550BF, [0xEB, 0x0C]),
			new(0x00955123, [0xEB, 0x19]),
			new(0x00955151, [0x90, 0x90]),
			new(0x00955233, [0xEB, 0x14]),
			new(0x00955249, [0x33, 0xC0, 0x90]),
			new(0x00955E13, [0xEB, 0x11]),
			new(0x00955E29, [0xEB, 0x3C]),
			new(0x00955EFB, [0xEB, 0x23]),
			new(0x00955F3E, [0x33, 0xC9, 0x90]),
			new(0x009567CC, [0xEB, 0x4F]),
			new(0x00956962, [0xEB, 0x14]),
			new(0x0095697D, [0xEB, 0x1C]),
			new(0x009569AB, [0x33, 0xC9, 0x90]),
			new(0x00956AAD, [0xEB, 0x1A]),
			new(0x00956ADC, [0xEB, 0x34]),
			new(0x00956C0B, [0xEB, 0x18]),
			new(0x00956CA0, [0x33, 0xC9, 0x90]),
			new(0x00956D82, [0xEB, 0x19]),
			new(0x00956DBD, [0x33, 0xC0]),
			new(0x00962D7E, [0xEB, 0x1D]),
			new(0x009633B2, [0x33, 0xC0, 0x90]),
			new(0x009634F3, [0xEB, 0x16]),
			new(0x00963529, [0x33, 0xC0, 0x90]),
			new(0x00963698, [0xEB, 0x1E]),
			new(0x009636E5, [0x33, 0xC0, 0x90]),
			new(0x00963833, [0xEB, 0x1C]),
			new(0x0096387C, [0x33, 0xC0, 0x90]),
			new(0x009639F5, [0xEB, 0x1D]),
			new(0x00963A3D, [0x33, 0xF6, 0x90]),
			new(0x00963B89, [0xEB, 0x26]),
			new(0x00963BC1, [0x33, 0xC0, 0x90]),
			new(0x00963E69, [0xEB, 0x1C]),
			new(0x00963E97, [0x33, 0xC0, 0x90]),
			new(0x00964044, [0xEB, 0x1D]),
			new(0x00964096, [0x33, 0xC0, 0x90]),
			new(0x00964431, [0xEB, 0x19]),
			new(0x0096445B, [0x33, 0xD2]),
			new(0x00964C16, [0xEB, 0x14]),
			new(0x00964C58, [0x33, 0xC9, 0x90]),
			new(0x00964DC7, [0xEB, 0x3A]),
			new(0x00964E44, [0xEB, 0x19]),
			new(0x00964E72, [0xEB, 0x32]),
			new(0x00965989, [0xEB, 0x0C]),
			new(0x009659BB, [0xEB, 0x18]),
			new(0x009659E4, [0x33, 0xC9]),
			new(0x00965B5A, [0xEB, 0x14]),
			new(0x00965B73, [0xEB, 0x1F]),
			new(0x00965BA7, [0x90, 0x90]),
			new(0x0096ABD9, [0xEB, 0x18]),
			new(0x0096AC09, [0x90, 0x90]),
			new(0x0096ADC6, [0xEB, 0x18]),
			new(0x0096AE01, [0x90, 0x90]),
			new(0x0096AE9C, [0xEB, 0x0C]),
			new(0x0096AF07, [0xEB, 0x1C]),
			new(0x0096AF28, [0x90, 0x90]),
			new(0x0096B243, [0xEB, 0x15]),
			new(0x0096B279, [0xEB, 0x16]),
			new(0x0096B291, [0x33, 0xD2, 0x90]),
			new(0x0096B33A, [0xEB, 0x14]),
			new(0x0096B365, [0xEB, 0x18]),
			new(0x0096B3D1, [0x33, 0xD2, 0x90]),
			new(0x0096B465, [0xEB, 0x14]),
			new(0x0096B4AC, [0xEB, 0x18]),
			new(0x0096B4D6, [0x33, 0xC9, 0x90]),
			new(0x0096B54C, [0xEB, 0x1D]),
			new(0x0096B5D4, [0x33, 0xC9, 0x90]),
			new(0x0096BA25, [0xEB, 0x1D]),
			new(0x0096BA44, [0x33, 0xFF, 0x90]),
			new(0x0096BAD1, [0xEB, 0x37]),
			new(0x0096BB5F, [0xEB, 0x14]),
			new(0x0096BBB3, [0xEB, 0x14]),
			new(0x0096BBC9, [0x33, 0xFF, 0x90]),
			new(0x0096BC62, [0xEB, 0x0C]),
			new(0x0096BC98, [0xEB, 0x1D]),
			new(0x0096BCD4, [0x33, 0xC9]),
			new(0x0096BDC1, [0xEB, 0x19]),
			new(0x0096BDDF, [0x33, 0xC0]),
			new(0x0096BED9, [0xEB, 0x16]),
			new(0x0096BF0F, [0x33, 0xC0, 0x90]),
			new(0x0096E964, [0xEB, 0x39]),
			new(0x0096E9FE, [0xEB, 0x1A]),
			new(0x0096EA2B, [0x90, 0x90]),
			new(0x0096ECA0, [0xEB, 0x0C]),
			new(0x0096ECB6, [0xEB, 0x1F]),
			new(0x0096ECE5, [0x33, 0xC9, 0x90]),
			new(0x0096EF6D, [0xEB, 0x23]),
			new(0x0096F0DD, [0xEB, 0x38]),
			new(0x0096F2DD, [0xEB, 0x10]),
			new(0x0096F42C, [0x33, 0xC9, 0x90]),
			new(0x0096F5B0, [0xEB, 0x1D]),
			new(0x0096F5EE, [0x33, 0xC9, 0x90]),
			new(0x0096F656, [0xEB, 0x15]),
			new(0x0096F692, [0xEB, 0x14]),
			new(0x0096F6B8, [0x33, 0xC9, 0x90]),
			new(0x0096F8C0, [0xEB, 0x15]),
			new(0x0096F900, [0xEB, 0x0C]),
			new(0x0096F92B, [0x33, 0xF6, 0x90]),
			new(0x0096FBD6, [0xEB, 0x23]),
			new(0x0096FC1C, [0x90, 0x90]),
			new(0x0096FCCB, [0xEB, 0x1C]),
			new(0x0096FCF8, [0x33, 0xC9]),
			new(0x0096FDD5, [0xEB, 0x24]),
			new(0x0096FE0B, [0x33, 0xC9, 0x90]),
			new(0x0096FEE3, [0xEB, 0x15]),
			new(0x0096FF11, [0xEB, 0x16]),
			new(0x0096FF4C, [0x33, 0xC9, 0x90]),
			new(0x00970063, [0xEB, 0x18]),
			new(0x0097008F, [0x33, 0xC9, 0x90]),
			new(0x00970131, [0xEB, 0x16]),
			new(0x00970159, [0x33, 0xC0, 0x90]),
			new(0x00970269, [0xEB, 0x19]),
			new(0x009702BF, [0x33, 0xC9, 0x90]),
			new(0x00970440, [0xEB, 0x15]),
			new(0x0097045A, [0x90, 0x90, 0x90, 0x90, 0x90, 0x90]),
			new(0x00970610, [0xEB, 0x1C]),
			new(0x00970641, [0xEB, 0x34]),
			new(0x00970C6B, [0xEB, 0x19]),
			new(0x00970CA4, [0x33, 0xC9, 0x90]),
			new(0x009710B0, [0xEB, 0x1D]),
			new(0x0097110F, [0x33, 0xC0, 0x90]),
			new(0x009712B5, [0xEB, 0x0C]),
			new(0x0097134C, [0xEB, 0x14]),
			new(0x00971362, [0x33, 0xC9, 0x90]),
			new(0x00971584, [0xEB, 0x1C]),
			new(0x009715A5, [0xEB, 0x3D]),
			new(0x00972185, [0xEB, 0x38]),
			new(0x009721EB, [0xEB, 0x21]),
			new(0x0097222D, [0x33, 0xC9, 0x90]),
			new(0x00972262, [0x33, 0xF6, 0x90]),
			new(0x00972392, [0xEB, 0x23]),
			new(0x009723C5, [0x33, 0xD2, 0x90]),
			new(0x0097268D, [0xEB, 0x15]),
			new(0x009726B5, [0x33, 0xC0]),
			new(0x00973337, [0xEB, 0x23]),
			new(0x0097336D, [0xEB, 0x4D]),
			new(0x0097359B, [0xEB, 0x1A]),
			new(0x009735C8, [0xEB, 0x3C]),
			new(0x00974F14, [0xEB, 0x46]),
			new(0x0097507E, [0xEB, 0x18]),
			new(0x00975098, [0x33, 0xFF, 0x90]),
			new(0x009752B4, [0x33, 0xD2, 0x90]),
			new(0x00975324, [0x33, 0xF6, 0x90]),
			new(0x00975C7D, [0x33, 0xC0, 0x90]),
			new(0x00975D6E, [0xEB, 0x1B]),
			new(0x00975DAB, [0x33, 0xD2, 0x90]),
			new(0x00975EAF, [0xEB, 0x16]),
			new(0x00975EE8, [0xEB, 0x3D]),
			new(0x00976992, [0xEB, 0x16]),
			new(0x009769F5, [0x90, 0x90]),
		];
	}
}