namespace AESylum.MFortress
{
    static class Patches_EA
    {
        public static readonly Patch[] Entries =
        [
			new(0x0000322C, [0xEB, 0x16]),
			new(0x0000326D, [0xEB, 0x15]),
			new(0x00003287, [0xEB, 0x36]),
			new(0x00003C68, [0xEB, 0x1A]),
			new(0x00003CB2, [0xEB, 0x36]),
			new(0x00004283, [0xEB, 0x21]),
			new(0x000042C3, [0x33, 0xF6, 0x90]),
			new(0x0000437C, [0xEB, 0x18]),
			new(0x000043B4, [0x33, 0xC9, 0x90]),
			new(0x00005BE1, [0xEB, 0x0C]),
			new(0x00005C12, [0xEB, 0x16]),
			new(0x00005C3A, [0x33, 0xC9, 0x90]),
			new(0x000065D0, [0xEB, 0x19]),
			new(0x000065FC, [0x90, 0x90]),
			new(0x0000822C, [0xEB, 0x1B]),
			new(0x00008259, [0x33, 0xC9, 0x90]),
			new(0x000082DE, [0xEB, 0x1B]),
			new(0x000082FE, [0x33, 0xC9]),
			new(0x000084D6, [0xEB, 0x19]),
			new(0x00008504, [0x33, 0xD2, 0x90]),
			new(0x000085C2, [0xEB, 0x22]),
			new(0x000085E9, [0x33, 0xC0]),
			new(0x00008673, [0xEB, 0x19]),
			new(0x0000869E, [0x33, 0xC9, 0x90]),
			new(0x000087AE, [0xEB, 0x19]),
			new(0x000087E4, [0x33, 0xF6, 0x90]),
			new(0x00008EFE, [0xEB, 0x1B]),
			new(0x00008FA3, [0xEB, 0x14]),
			new(0x00008FCA, [0xEB, 0x31]),
			new(0x000097C4, [0xEB, 0x1D]),
			new(0x0000984F, [0xEB, 0x2B]),
			new(0x00009B0F, [0xEB, 0x14]),
			new(0x00009B4D, [0xEB, 0x0C]),
			new(0x00009B86, [0x33, 0xC9, 0x90]),
			new(0x0000D4E1, [0xEB, 0x0C]),
			new(0x0000D59A, [0xEB, 0x13]),
			new(0x0000D604, [0x33, 0xC9, 0x90]),
			new(0x0000D6DF, [0xEB, 0x11]),
			new(0x0000D71D, [0x33, 0xC9, 0x90]),
			new(0x0000EFF6, [0xEB, 0x14]),
			new(0x0000F02D, [0xEB, 0x17]),
			new(0x0000F074, [0xEB, 0x48]),
			new(0x0000F424, [0xEB, 0x15]),
			new(0x0000F443, [0xEB, 0x1C]),
			new(0x0000F4A3, [0x33, 0xD2, 0x90]),
			new(0x00012EB3, [0xEB, 0x15]),
			new(0x00012EED, [0xEB, 0x18]),
			new(0x00012F37, [0x33, 0xC9, 0x90]),
			new(0x00013B97, [0xEB, 0x22]),
			new(0x00013BCC, [0x90, 0x90]),
			new(0x00013D1E, [0xEB, 0x16]),
			new(0x00013DBA, [0xEB, 0x14]),
			new(0x00013DE0, [0x33, 0xC0, 0x90]),
			new(0x00014312, [0xEB, 0x15]),
			new(0x00014349, [0x33, 0xD2, 0x90]),
			new(0x000147DC, [0xEB, 0x25]),
			new(0x0001486E, [0x33, 0xC9, 0x90]),
			new(0x00014964, [0xEB, 0x1D]),
			new(0x000149A9, [0xEB, 0x2A]),
			new(0x00015B33, [0xEB, 0x14]),
			new(0x00015B59, [0x33, 0xC9, 0x90]),
			new(0x00015BF8, [0xEB, 0x15]),
			new(0x00015C48, [0xEB, 0x1B]),
			new(0x00015C65, [0x33, 0xC9, 0x90]),
			new(0x00015D2D, [0xEB, 0x4C]),
			new(0x00015DD5, [0xEB, 0x22]),
			new(0x00015E17, [0x33, 0xC9, 0x90]),
			new(0x00015E89, [0xEB, 0x16]),
			new(0x00015EF0, [0xEB, 0x14]),
			new(0x00015F0C, [0x33, 0xF6, 0x90]),
			new(0x00015FC7, [0xEB, 0x1D]),
			new(0x00015FE6, [0x33, 0xC0, 0x90]),
			new(0x0001608A, [0xEB, 0x19]),
			new(0x000160C3, [0x33, 0xFF, 0x90]),
			new(0x00016155, [0xEB, 0x1D]),
			new(0x000161A0, [0x33, 0xD2, 0x90]),
			new(0x0001622B, [0xEB, 0x1A]),
			new(0x00016255, [0x33, 0xD2, 0x90]),
			new(0x0001630E, [0xEB, 0x14]),
			new(0x0001635B, [0xEB, 0x0C]),
			new(0x00016369, [0x33, 0xF6, 0x90]),
			new(0x000164A1, [0xEB, 0x16]),
			new(0x000164D3, [0x33, 0xC0, 0x90]),
			new(0x0001ABE3, [0xEB, 0x22]),
			new(0x0001AC8B, [0xEB, 0x35]),
			new(0x0001AD21, [0xEB, 0x35]),
			new(0x0001AD81, [0xEB, 0x0C]),
			new(0x0001ADB4, [0xEB, 0x20]),
			new(0x0001ADFC, [0x90, 0x90]),
			new(0x0001AF4E, [0xEB, 0x1B]),
			new(0x0001B081, [0xEB, 0x15]),
			new(0x0001B0AB, [0x33, 0xC0, 0x90]),
			new(0x0001B912, [0xEB, 0x15]),
			new(0x0001B939, [0x33, 0xC9, 0x90]),
			new(0x0001BA02, [0xEB, 0x17]),
			new(0x0001BA41, [0xEB, 0x37]),
			new(0x0001BBAD, [0xEB, 0x1C]),
			new(0x0001BC2D, [0x33, 0xD2, 0x90]),
			new(0x0001BD55, [0xEB, 0x19]),
			new(0x0001BD70, [0x33, 0xF6, 0x90]),
			new(0x0001BEBC, [0xEB, 0x51]),
			new(0x0001C04B, [0xEB, 0x2D]),
			new(0x0001C0EE, [0x33, 0xD2, 0x90, 0x90, 0x90, 0x90]),
			new(0x0001C1E7, [0xEB, 0x15]),
			new(0x0001C219, [0xEB, 0x1E]),
			new(0x0001C239, [0x33, 0xD2, 0x90, 0x90, 0x90, 0x90]),
			new(0x0001C474, [0xEB, 0x25]),
			new(0x0001C4AF, [0xEB, 0x44]),
			new(0x0001C5F3, [0xEB, 0x1B]),
			new(0x0001C66C, [0x33, 0xC0]),
			new(0x0001C724, [0xEB, 0x3D]),
			new(0x0001C7EC, [0xEB, 0x2F]),
			new(0x0001C8D1, [0xEB, 0x15]),
			new(0x0001C953, [0x33, 0xC0, 0x90, 0x90, 0x90, 0x90]),
			new(0x0001CC88, [0xEB, 0x26]),
			new(0x0001CCBE, [0x33, 0xC9, 0x90]),
			new(0x0001CF5B, [0xEB, 0x0C]),
			new(0x0001CF71, [0xEB, 0x12]),
			new(0x0001CFB1, [0x33, 0xD2]),
			new(0x0001D20B, [0xEB, 0x22]),
			new(0x0001D325, [0x33, 0xC0, 0x90]),
			new(0x0001DD49, [0xEB, 0x1C]),
			new(0x0001DD85, [0x33, 0xC9, 0x90]),
			new(0x0001DEC5, [0xEB, 0x17]),
			new(0x0001DF11, [0x33, 0xC9, 0x90, 0x90, 0x90, 0x90]),
			new(0x0001E33A, [0xEB, 0x1D]),
			new(0x0001E380, [0x33, 0xC9]),
			new(0x0001EACC, [0xEB, 0x1E]),
			new(0x0001F051, [0x33, 0xC0, 0x90, 0x90, 0x90, 0x90]),
			new(0x0001F681, [0xEB, 0x1C]),
			new(0x0001F6A2, [0x90, 0x90, 0x90, 0x90, 0x90, 0x90]),
			new(0x0001F858, [0xEB, 0x1C]),
			new(0x0001F894, [0x33, 0xD2, 0x90]),
			new(0x0001F9E7, [0xEB, 0x20]),
			new(0x0001FA27, [0x33, 0xC9, 0x90]),
			new(0x0001FAB3, [0xEB, 0x14]),
			new(0x0001FACC, [0x33, 0xC0]),
			new(0x0001FBAE, [0xEB, 0x0C]),
			new(0x0001FBF6, [0xEB, 0x1C]),
			new(0x0001FC28, [0x33, 0xC0]),
			new(0x00020255, [0xEB, 0x19]),
			new(0x0002029A, [0xEB, 0x15]),
			new(0x000202C2, [0x33, 0xC0]),
			new(0x00020D87, [0xEB, 0x15]),
			new(0x00020DC9, [0xEB, 0x1B]),
			new(0x00020E03, [0x33, 0xC0]),
			new(0x0002102A, [0xEB, 0x18]),
			new(0x00021055, [0xEB, 0x41]),
			new(0x000229A0, [0xEB, 0x16]),
			new(0x000229E6, [0x90, 0x90]),
			new(0x00022E55, [0xEB, 0x15]),
			new(0x00022E94, [0xEB, 0x21]),
			new(0x00022EC8, [0x90, 0x90, 0x90, 0x90, 0x90, 0x90]),
			new(0x00023024, [0xEB, 0x44]),
			new(0x000230AD, [0xEB, 0x15]),
			new(0x000230EF, [0xEB, 0x0C]),
			new(0x000230FD, [0x33, 0xF6, 0x90]),
			new(0x00023280, [0xEB, 0x15]),
			new(0x000232B6, [0xEB, 0x1E]),
			new(0x000232F7, [0x33, 0xC0]),
			new(0x00023492, [0xEB, 0x1F]),
			new(0x000234C3, [0x33, 0xC9, 0x90]),
			new(0x00023585, [0xEB, 0x1C]),
			new(0x000235A6, [0xEB, 0x51]),
			new(0x000236FA, [0xEB, 0x15]),
			new(0x00023721, [0x33, 0xC9, 0x90]),
			new(0x000237C3, [0xEB, 0x20]),
			new(0x000237F6, [0x33, 0xC9, 0x90]),
			new(0x00023906, [0xEB, 0x0C]),
			new(0x0002391C, [0xEB, 0x21]),
			new(0x0002394E, [0x33, 0xC9, 0x90]),
			new(0x000239EA, [0xEB, 0x1D]),
			new(0x00023A17, [0x33, 0xD2, 0x90]),
			new(0x00023B12, [0xEB, 0x19]),
			new(0x00023B57, [0xEB, 0x0C]),
			new(0x00023B83, [0x33, 0xC9, 0x90]),
			new(0x00023D5A, [0xEB, 0x1B]),
			new(0x00023D98, [0xEB, 0x2D]),
			new(0x00023E2A, [0xEB, 0x1A]),
			new(0x00023E83, [0x33, 0xC0]),
			new(0x00024047, [0xEB, 0x20]),
			new(0x00024079, [0x33, 0xC9, 0x90]),
			new(0x0002416B, [0xEB, 0x20]),
			new(0x0002419E, [0x33, 0xC0, 0x90]),
			new(0x00024295, [0xEB, 0x14]),
			new(0x000242B3, [0xEB, 0x14]),
			new(0x000242EF, [0x33, 0xC0]),
			new(0x000243BC, [0xEB, 0x16]),
			new(0x000243E4, [0x33, 0xC0, 0x90]),
			new(0x00024564, [0xEB, 0x23]),
			new(0x000245A6, [0x33, 0xC9, 0x90]),
			new(0x0002476E, [0xEB, 0x19]),
			new(0x000247A7, [0x33, 0xC9, 0x90]),
			new(0x000248DB, [0xEB, 0x21]),
			new(0x0002490E, [0x33, 0xC0, 0x90]),
			new(0x00024A77, [0xEB, 0x27]),
			new(0x00024AB1, [0x33, 0xC0]),
			new(0x00024BDC, [0xEB, 0x1E]),
			new(0x00024C0B, [0x33, 0xC9]),
			new(0x00024D04, [0xEB, 0x1A]),
			new(0x00024D33, [0x33, 0xC0, 0x90]),
			new(0x00024F15, [0xEB, 0x22]),
			new(0x00024F65, [0x33, 0xD2]),
			new(0x00025000, [0xEB, 0x16]),
			new(0x00025033, [0x33, 0xC9, 0x90]),
			new(0x00026E2B, [0xEB, 0x18]),
			new(0x00026E66, [0x33, 0xD2, 0x90]),
			new(0x00027CE3, [0xEB, 0x21]),
			new(0x00027D3F, [0xEB, 0x0C]),
			new(0x00027DAC, [0x33, 0xC9, 0x90]),
			new(0x00027ED8, [0xEB, 0x14]),
			new(0x00027EF6, [0xEB, 0x1E]),
			new(0x00027F3F, [0x90, 0x90]),
			new(0x00027FEA, [0xEB, 0x18]),
			new(0x00028012, [0x33, 0xC9, 0x90]),
			new(0x000280B4, [0xEB, 0x3A]),
			new(0x00028152, [0xEB, 0x19]),
			new(0x000281A5, [0x90, 0x90]),
			new(0x0002E62B, [0xEB, 0x1E]),
			new(0x0002E6AE, [0xEB, 0x43]),
			new(0x0002F3BB, [0xEB, 0x0C]),
			new(0x0002F3F6, [0xEB, 0x1B]),
			new(0x0002F432, [0x33, 0xF6, 0x90]),
			new(0x0002F51A, [0xEB, 0x1A]),
			new(0x0002F54E, [0x33, 0xC0, 0x90]),
			new(0x0002F571, [0x33, 0xF6, 0x90]),
			new(0x00032641, [0xEB, 0x24]),
			new(0x000326F3, [0x33, 0xC0, 0x90]),
			new(0x00032D9A, [0xEB, 0x1E]),
			new(0x00032E06, [0xEB, 0x6B]),
			new(0x000346D7, [0xEB, 0x15]),
			new(0x00034775, [0xEB, 0x1A]),
			new(0x000347A2, [0x33, 0xC9]),
			new(0x0003597E, [0xEB, 0x1A]),
			new(0x0003599A, [0x33, 0xD2, 0x90]),
			new(0x000378D7, [0xEB, 0x0C]),
			new(0x00037911, [0xEB, 0x1B]),
			new(0x0003795F, [0x33, 0xC0, 0x90, 0x90, 0x90, 0x90]),
			new(0x00037988, [0x33, 0xF6, 0x90, 0x90, 0x90, 0x90]),
			new(0x00037E0C, [0xEB, 0x1B]),
			new(0x00037E37, [0x33, 0xD2, 0x90]),
			new(0x00037ECC, [0xEB, 0x0C]),
			new(0x00037F89, [0xEB, 0x19]),
			new(0x000384C3, [0x33, 0xF6, 0x90, 0x90, 0x90, 0x90]),
			new(0x0003A732, [0xEB, 0x0C]),
			new(0x0003A74E, [0xEB, 0x1E]),
			new(0x0003A7A1, [0x33, 0xC9, 0x90]),
			new(0x0003AF09, [0xEB, 0x20]),
			new(0x0003AF49, [0x33, 0xC0, 0x90]),
			new(0x0004025F, [0xEB, 0x1B]),
			new(0x00040861, [0x33, 0xC0, 0x90]),
			new(0x00042681, [0xEB, 0x18]),
			new(0x00042E9B, [0x33, 0xDB, 0x90]),
			new(0x000440F3, [0xEB, 0x21]),
			new(0x0004412B, [0x33, 0xF6, 0x90]),
			new(0x000441FA, [0xEB, 0x15]),
			new(0x00044211, [0x33, 0xD2, 0x90]),
			new(0x00044343, [0xEB, 0x18]),
			new(0x0004436D, [0x33, 0xC0, 0x90]),
			new(0x00045566, [0xEB, 0x32]),
			new(0x000455F7, [0xEB, 0x0C]),
			new(0x00045623, [0x33, 0xC0, 0x90, 0x90, 0x90, 0x90]),
			new(0x0004576E, [0xEB, 0x2E]),
			new(0x00045806, [0xEB, 0x3D]),
			new(0x000458D7, [0xEB, 0x1E]),
			new(0x0004592D, [0x33, 0xF6, 0x90, 0x90, 0x90, 0x90]),
			new(0x000459D8, [0xEB, 0x15]),
			new(0x00045A93, [0xEB, 0x1E]),
			new(0x00045AB3, [0x33, 0xF6, 0x90, 0x90, 0x90, 0x90]),
			new(0x0004622F, [0xEB, 0x14]),
			new(0x00046258, [0xEB, 0x35]),
			new(0x000463C0, [0xEB, 0x24]),
			new(0x0004642D, [0x33, 0xDB, 0x90]),
			new(0x000465DD, [0xEB, 0x12]),
			new(0x00046627, [0xEB, 0x15]),
			new(0x0004664E, [0x33, 0xC9, 0x90]),
			new(0x00046797, [0xEB, 0x1D]),
			new(0x000467EA, [0x33, 0xC9, 0x90]),
			new(0x00046BC1, [0xEB, 0x31]),
			new(0x00046BF7, [0x33, 0xC9, 0x90]),
			new(0x00046CE2, [0xEB, 0x0F]),
			new(0x00046D14, [0x90, 0x90]),
			new(0x00046DA8, [0xEB, 0x21]),
			new(0x00046DE9, [0x33, 0xC9, 0x90]),
			new(0x00046EAE, [0xEB, 0x16]),
			new(0x00046F33, [0x33, 0xC9, 0x90]),
			new(0x00047010, [0xEB, 0x21]),
			new(0x00047051, [0x33, 0xC9, 0x90]),
			new(0x00047190, [0xEB, 0x0C]),
			new(0x000471C2, [0xEB, 0x11]),
			new(0x000471E3, [0x33, 0xD2, 0x90]),
			new(0x00047273, [0xEB, 0x3B]),
			new(0x000472ED, [0xEB, 0x0C]),
			new(0x0004733D, [0xEB, 0x17]),
			new(0x00047364, [0x33, 0xC9, 0x90]),
			new(0x0004740B, [0xEB, 0x1E]),
			new(0x0004743A, [0x33, 0xC0]),
			new(0x000474E9, [0xEB, 0x0C]),
			new(0x0004751D, [0xEB, 0x17]),
			new(0x00047554, [0x33, 0xC9, 0x90]),
			new(0x00047614, [0xEB, 0x18]),
			new(0x0004764C, [0x33, 0xD2, 0x90]),
			new(0x000476FB, [0xEB, 0x19]),
			new(0x00047734, [0x33, 0xC9, 0x90]),
			new(0x000477C7, [0xEB, 0x20]),
			new(0x0004780A, [0x33, 0xC0]),
			new(0x000478CD, [0xEB, 0x17]),
			new(0x000478E6, [0x33, 0xDB, 0x90]),
			new(0x0004798A, [0xEB, 0x14]),
			new(0x000479C5, [0xEB, 0x26]),
			new(0x00047A0C, [0xEB, 0x37]),
			new(0x00047AAE, [0xEB, 0x1F]),
			new(0x00047B2F, [0xEB, 0x2F]),
			new(0x00047BD7, [0xEB, 0x18]),
			new(0x00047BF4, [0x33, 0xC0]),
			new(0x00047D85, [0xEB, 0x37]),
			new(0x00047E59, [0xEB, 0x14]),
			new(0x00047E72, [0x33, 0xD2]),
			new(0x00047F22, [0xEB, 0x17]),
			new(0x00047F4E, [0xEB, 0x33]),
			new(0x000481D3, [0xEB, 0x1B]),
			new(0x0004820D, [0x90, 0x90, 0x90, 0x90, 0x90, 0x90]),
			new(0x00048A95, [0xEB, 0x21]),
			new(0x00048AC8, [0x33, 0xC9, 0x90]),
			new(0x00048DD7, [0xEB, 0x0C]),
			new(0x00048DF8, [0xEB, 0x1F]),
			new(0x00048E29, [0x33, 0xC0, 0x90]),
			new(0x00049215, [0xEB, 0x1D]),
			new(0x00049267, [0xEB, 0x0C]),
			new(0x0004929C, [0x33, 0xC0, 0x90]),
			new(0x00049332, [0xEB, 0x16]),
			new(0x0004935A, [0x33, 0xC9, 0x90]),
			new(0x0004940B, [0xEB, 0x15]),
			new(0x00049434, [0xEB, 0x20]),
			new(0x0004949C, [0x33, 0xC9, 0x90]),
			new(0x00049902, [0xEB, 0x14]),
			new(0x00049936, [0x33, 0xC9, 0x90]),
			new(0x000499F9, [0xEB, 0x1F]),
			new(0x00049A2B, [0xEB, 0x37]),
			new(0x00049B41, [0xEB, 0x15]),
			new(0x00049B8E, [0xEB, 0x16]),
			new(0x00049BD1, [0xEB, 0x33]),
			new(0x00049C75, [0xEB, 0x16]),
			new(0x00049C8D, [0x33, 0xC0, 0x90]),
			new(0x00049D4D, [0xEB, 0x1B]),
			new(0x00049D7A, [0x33, 0xC0, 0x90]),
			new(0x00049F02, [0xEB, 0x49]),
			new(0x00049F83, [0xEB, 0x1F]),
			new(0x00049FD5, [0x33, 0xC0, 0x90]),
			new(0x0004A34B, [0xEB, 0x15]),
			new(0x0004A380, [0x33, 0xC9, 0x90]),
			new(0x0004A434, [0xEB, 0x1E]),
			new(0x0004A464, [0x33, 0xC9, 0x90]),
			new(0x0004A97F, [0xEB, 0x1A]),
			new(0x0004A9B3, [0x33, 0xF6, 0x90]),
			new(0x0004AAAD, [0xEB, 0x0C]),
			new(0x0004AAC3, [0xEB, 0x14]),
			new(0x0004AAD9, [0x33, 0xF6, 0x90]),
			new(0x0004B3B0, [0xEB, 0x14]),
			new(0x0004B3C8, [0xEB, 0x1A]),
			new(0x0004B3F4, [0x33, 0xC9, 0x90]),
			new(0x0004B576, [0xEB, 0x19]),
			new(0x0004B5A1, [0x33, 0xC9, 0x90]),
			new(0x0004B920, [0xEB, 0x16]),
			new(0x0004B958, [0x33, 0xC0]),
			new(0x0004B9F5, [0xEB, 0x36]),
			new(0x0004BA6D, [0xEB, 0x1F]),
			new(0x0004BA9E, [0x33, 0xD2, 0x90]),
			new(0x0004BDD2, [0xEB, 0x1E]),
			new(0x0004BE00, [0x33, 0xD2, 0x90]),
			new(0x0004BE8F, [0xEB, 0x14]),
			new(0x0004BEDD, [0xEB, 0x0C]),
			new(0x0004BEEB, [0x33, 0xF6, 0x90]),
			new(0x0004C132, [0xEB, 0x0C]),
			new(0x0004C14F, [0xEB, 0x0F]),
			new(0x0004C163, [0x90, 0x90]),
			new(0x0004E7ED, [0xEB, 0x10]),
			new(0x0004E81D, [0x33, 0xC9, 0x90]),
			new(0x0004F55B, [0xEB, 0x1E]),
			new(0x0004F598, [0x33, 0xD2, 0x90]),
			new(0x0004F66B, [0xEB, 0x16]),
			new(0x0004F6AB, [0xEB, 0x0C]),
			new(0x0004F6C7, [0x33, 0xC9, 0x90]),
			new(0x0004F9E8, [0xEB, 0x14]),
			new(0x0004FA01, [0xEB, 0x1E]),
			new(0x0004FA37, [0x90, 0x90]),
			new(0x00050E77, [0xEB, 0x1A]),
			new(0x00050EC3, [0xEB, 0x36]),
			new(0x000510C8, [0xEB, 0x21]),
			new(0x000510FE, [0xEB, 0x3E]),
			new(0x00051311, [0xEB, 0x24]),
			new(0x00051337, [0x33, 0xDB, 0x90]),
			new(0x00051453, [0xEB, 0x0C]),
			new(0x00051464, [0xEB, 0x21]),
			new(0x0005149D, [0x33, 0xC9]),
			new(0x0005158D, [0xEB, 0x17]),
			new(0x000515A6, [0x33, 0xF6, 0x90]),
			new(0x00051CE8, [0xEB, 0x1E]),
			new(0x00051D08, [0x33, 0xC0, 0x90]),
			new(0x00051E2F, [0xEB, 0x0C]),
			new(0x00051E6B, [0xEB, 0x16]),
			new(0x00051E91, [0x33, 0xD2, 0x90]),
			new(0x0005235C, [0xEB, 0x18]),
			new(0x00052394, [0x33, 0xC9, 0x90]),
			new(0x00052F15, [0xEB, 0x15]),
			new(0x00052F3C, [0xEB, 0x1D]),
			new(0x00052F8B, [0x90, 0x90]),
			new(0x000530B3, [0xEB, 0x0F]),
			new(0x000530E2, [0x33, 0xC9, 0x90]),
			new(0x0005318C, [0xEB, 0x18]),
			new(0x000531C4, [0x33, 0xC9, 0x90]),
			new(0x00053979, [0xEB, 0x14]),
			new(0x0005399F, [0x33, 0xC9, 0x90]),
			new(0x00053A71, [0xEB, 0x1A]),
			new(0x00053AB9, [0x33, 0xD2, 0x90]),
			new(0x00053AE7, [0x33, 0xC9, 0x90]),
			new(0x00053B9A, [0x33, 0xF6, 0x90]),
			new(0x00058223, [0xEB, 0x14]),
			new(0x00058267, [0xEB, 0x2B]),
			new(0x00058310, [0xEB, 0x47]),
			new(0x00058557, [0xEB, 0x22]),
			new(0x00058589, [0x33, 0xC0, 0x90]),
			new(0x000586F0, [0xEB, 0x0C]),
			new(0x0005873D, [0xEB, 0x19]),
			new(0x0005875B, [0xEB, 0x37]),
			new(0x0005888F, [0xEB, 0x23]),
			new(0x000588D2, [0x33, 0xD2, 0x90]),
			new(0x00058A02, [0xEB, 0x1C]),
			new(0x00058A3E, [0x33, 0xD2, 0x90]),
			new(0x00058AD6, [0xEB, 0x1C]),
			new(0x00058B15, [0xEB, 0x33]),
			new(0x0005912D, [0xEB, 0x1C]),
			new(0x0005915B, [0x33, 0xC0, 0x90]),
			new(0x00059223, [0xEB, 0x15]),
			new(0x0005925D, [0xEB, 0x1D]),
			new(0x000592D7, [0x33, 0xC9, 0x90]),
			new(0x0005960D, [0xEB, 0x17]),
			new(0x00059629, [0xEB, 0x41]),
			new(0x00059815, [0xEB, 0x23]),
			new(0x000598B5, [0x33, 0xD2, 0x90]),
			new(0x000599A2, [0xEB, 0x3C]),
			new(0x00059A19, [0xEB, 0x1B]),
			new(0x00059A60, [0xEB, 0x0C]),
			new(0x00059A8B, [0x33, 0xD2, 0x90]),
			new(0x00059EF4, [0xEB, 0x28]),
			new(0x00059F8A, [0x90, 0x90]),
			new(0x0005A0E1, [0xEB, 0x4C]),
			new(0x0005A1AD, [0xEB, 0x15]),
			new(0x0005A1C9, [0xEB, 0x19]),
			new(0x0005A1F4, [0x33, 0xD2, 0x90]),
			new(0x0005A39C, [0xEB, 0x1A]),
			new(0x0005A3C9, [0x33, 0xD2, 0x90]),
			new(0x0005A466, [0xEB, 0x1E]),
			new(0x0005A4BC, [0xEB, 0x15]),
			new(0x0005A4E3, [0x33, 0xD2, 0x90]),
			new(0x0005A503, [0x33, 0xF6, 0x90]),
			new(0x0005A589, [0xEB, 0x1B]),
			new(0x0005A5BB, [0x90, 0x90]),
			new(0x0005A5D8, [0x90, 0x90]),
			new(0x0005A605, [0x90, 0x90]),
			new(0x0005A717, [0xEB, 0x25]),
			new(0x0005A74B, [0x90, 0x90]),
			new(0x0005A895, [0xEB, 0x1F]),
			new(0x0005A8EC, [0xEB, 0x14]),
			new(0x0005A91A, [0xEB, 0x32]),
			new(0x0005AA9E, [0xEB, 0x0C]),
			new(0x0005AAF8, [0xEB, 0x1A]),
			new(0x0005AB49, [0x90, 0x90]),
			new(0x0005AC72, [0xEB, 0x1A]),
			new(0x0005ACC6, [0x33, 0xD2, 0x90]),
			new(0x0005ADE4, [0xEB, 0x20]),
			new(0x0005AE09, [0x33, 0xC9]),
			new(0x0005AF59, [0xEB, 0x23]),
			new(0x0005AFB9, [0x33, 0xC9, 0x90]),
			new(0x0005B194, [0xEB, 0x19]),
			new(0x0005B1BF, [0x33, 0xC9, 0x90]),
			new(0x0005B770, [0xEB, 0x1A]),
			new(0x0005B7C7, [0x33, 0xC9, 0x90]),
			new(0x0005BC64, [0xEB, 0x16]),
			new(0x0005BC8A, [0x33, 0xC0, 0x90]),
			new(0x0005BD13, [0xEB, 0x16]),
			new(0x0005BD3E, [0xEB, 0x32]),
			new(0x0005CBEF, [0xEB, 0x1C]),
			new(0x0005CCC9, [0x33, 0xC0, 0x90, 0x90, 0x90, 0x90]),
			new(0x0005CDD7, [0xEB, 0x0C]),
			new(0x0005CE40, [0xEB, 0x14]),
			new(0x0005CE74, [0x33, 0xC9, 0x90]),
			new(0x0005D022, [0xEB, 0x22]),
			new(0x0005D080, [0x33, 0xC9, 0x90]),
			new(0x0005D1F7, [0xEB, 0x22]),
			new(0x0005D283, [0x90, 0x90]),
			new(0x0005E451, [0xEB, 0x4B]),
			new(0x0005E4E2, [0xEB, 0x27]),
			new(0x0005E51B, [0x33, 0xC0, 0x90]),
			new(0x0005EA60, [0xEB, 0x0C]),
			new(0x0005EAD0, [0xEB, 0x1E]),
			new(0x0005EAFE, [0x33, 0xC9, 0x90]),
			new(0x0005EC2F, [0xEB, 0x15]),
			new(0x0005EC7F, [0xEB, 0x21]),
			new(0x0005ECB3, [0x90, 0x90]),
			new(0x0005F7C8, [0xEB, 0x0F]),
			new(0x0005F7DC, [0xEB, 0x1C]),
			new(0x0005F80B, [0xEB, 0x38]),
			new(0x0005FA8E, [0xEB, 0x1C]),
			new(0x0005FABA, [0x33, 0xC9, 0x90]),
			new(0x0005FBAC, [0xEB, 0x15]),
			new(0x0005FBC6, [0xEB, 0x1E]),
			new(0x0005FC08, [0x33, 0xD2, 0x90]),
			new(0x0005FCBC, [0xEB, 0x12]),
			new(0x0005FCE0, [0x33, 0xC9, 0x90]),
			new(0x0005FED5, [0xEB, 0x24]),
			new(0x0005FF0E, [0xEB, 0x4C]),
			new(0x0005FFB3, [0xEB, 0x15]),
			new(0x0005FFEB, [0xEB, 0x1C]),
			new(0x00060026, [0x33, 0xC9, 0x90]),
			new(0x000624AC, [0xEB, 0x0C]),
			new(0x000624C4, [0xEB, 0x1E]),
			new(0x00062503, [0xEB, 0x43]),
			new(0x0006263C, [0xEB, 0x1B]),
			new(0x00062677, [0x33, 0xC9, 0x90]),
			new(0x00062758, [0xEB, 0x14]),
			new(0x0006277E, [0xEB, 0x11]),
			new(0x000627E6, [0x33, 0xC9, 0x90]),
			new(0x00062858, [0xEB, 0x1C]),
			new(0x00062886, [0x33, 0xC9, 0x90]),
			new(0x000629BA, [0xEB, 0x22]),
			new(0x000629EC, [0x33, 0xD2, 0x90]),
			new(0x00062A86, [0xEB, 0x19]),
			new(0x00062ABC, [0x33, 0xC9, 0x90]),
			new(0x00062B83, [0xEB, 0x15]),
			new(0x00062BA2, [0xEB, 0x1C]),
			new(0x00062BDE, [0x33, 0xC9, 0x90]),
			new(0x00062D09, [0xEB, 0x19]),
			new(0x00062D34, [0x33, 0xC9, 0x90]),
			new(0x00062DB4, [0xEB, 0x16]),
			new(0x00062DF2, [0x90, 0x90]),
			new(0x000630AD, [0xEB, 0x0C]),
			new(0x00063176, [0xEB, 0x1C]),
			new(0x0006320D, [0x90, 0x90]),
			new(0x000632CF, [0xEB, 0x1E]),
			new(0x00063310, [0xEB, 0x45]),
			new(0x00064524, [0xEB, 0x21]),
			new(0x00064FB5, [0x33, 0xDB, 0x90, 0x90, 0x90, 0x90]),
			new(0x00065F27, [0xEB, 0x23]),
			new(0x00065F80, [0xEB, 0x14]),
			new(0x00065FBC, [0x33, 0xC0, 0x90]),
			new(0x000660F8, [0xEB, 0x1A]),
			new(0x00066132, [0x33, 0xC9, 0x90]),
			new(0x0006630C, [0xEB, 0x1A]),
			new(0x000664AC, [0x33, 0xC9, 0x90]),
			new(0x0006657E, [0xEB, 0x15]),
			new(0x000665AA, [0xEB, 0x1A]),
			new(0x000665D4, [0x33, 0xC9, 0x90]),
			new(0x00066A93, [0xEB, 0x14]),
			new(0x00066AAB, [0x33, 0xD2, 0x90]),
			new(0x00066AD0, [0x33, 0xF6, 0x90]),
			new(0x00067A34, [0xEB, 0x15]),
			new(0x00067A94, [0xEB, 0x16]),
			new(0x00067ACE, [0x33, 0xC9]),
			new(0x0006834D, [0xEB, 0x19]),
			new(0x00068389, [0x90, 0x90]),
			new(0x00068584, [0xEB, 0x14]),
			new(0x000685AA, [0xEB, 0x1B]),
			new(0x000685E3, [0x33, 0xC9, 0x90]),
			new(0x000686AC, [0xEB, 0x15]),
			new(0x000686C5, [0xEB, 0x1D]),
			new(0x000686F2, [0x33, 0xC0, 0x90]),
			new(0x000687A9, [0xEB, 0x0C]),
			new(0x000687CC, [0xEB, 0x1B]),
			new(0x00068807, [0x33, 0xC9, 0x90]),
			new(0x00069164, [0xEB, 0x38]),
			new(0x000691DD, [0xEB, 0x14]),
			new(0x00069303, [0xEB, 0x17]),
			new(0x00069340, [0x90, 0x90, 0x90, 0x90, 0x90, 0x90]),
			new(0x0006A24F, [0xEB, 0x1B]),
			new(0x0006A27D, [0xEB, 0x34]),
			new(0x0006AD8F, [0xEB, 0x1C]),
			new(0x0006ADC8, [0x33, 0xDB, 0x90]),
			new(0x0006C0D8, [0xEB, 0x19]),
			new(0x0006C12A, [0x33, 0xC0, 0x90]),
			new(0x0006C809, [0xEB, 0x1E]),
			new(0x0006C8BD, [0xEB, 0x31]),
			new(0x0006C968, [0xEB, 0x1A]),
			new(0x0006C9A6, [0x33, 0xC9, 0x90]),
			new(0x0006CBE3, [0xEB, 0x1B]),
			new(0x0006CC03, [0x33, 0xC0]),
			new(0x0006E169, [0xEB, 0x0C]),
			new(0x0006E1E7, [0xEB, 0x20]),
			new(0x0006E23A, [0x33, 0xD2, 0x90]),
			new(0x0006E409, [0xEB, 0x0C]),
			new(0x0006E47F, [0xEB, 0x19]),
			new(0x0006E4AB, [0xEB, 0x31]),
			new(0x0006E6DD, [0xEB, 0x21]),
			new(0x0006E745, [0xEB, 0x2B]),
			new(0x0006E885, [0xEB, 0x1A]),
			new(0x0006E8A1, [0x33, 0xDB, 0x90]),
			new(0x0006E9E1, [0xEB, 0x15]),
			new(0x0006EA37, [0xEB, 0x1D]),
			new(0x0006EBB6, [0x33, 0xDB, 0x90]),
			new(0x0006EC89, [0xEB, 0x1E]),
			new(0x0006ED1D, [0x90, 0x90]),
			new(0x0006EE16, [0xEB, 0x15]),
			new(0x0006EEA3, [0xEB, 0x15]),
			new(0x0006EEDB, [0x90, 0x90]),
			new(0x00070EE9, [0xEB, 0x39]),
			new(0x00070F5D, [0xEB, 0x17]),
			new(0x00070F94, [0x33, 0xC0, 0x90]),
			new(0x00072EC7, [0xEB, 0x15]),
			new(0x00072F2D, [0xEB, 0x20]),
			new(0x00072F6D, [0x33, 0xC9, 0x90]),
			new(0x00073C60, [0xEB, 0x19]),
			new(0x00073C7B, [0x33, 0xC9, 0x90]),
			new(0x00073F2F, [0xEB, 0x25]),
			new(0x00073F67, [0x33, 0xD2, 0x90]),
			new(0x0007401F, [0xEB, 0x19]),
			new(0x0007405A, [0x90, 0x90, 0x90, 0x90, 0x90, 0x90]),
			new(0x000744E2, [0xEB, 0x19]),
			new(0x00074533, [0xEB, 0x3D]),
			new(0x000745E8, [0xEB, 0x1E]),
			new(0x00074662, [0x33, 0xFF, 0x90]),
			new(0x00074688, [0x33, 0xFF, 0x90]),
			new(0x000746A4, [0x33, 0xFF, 0x90]),
			new(0x000746DE, [0x33, 0xFF, 0x90]),
			new(0x000748EB, [0xEB, 0x1B]),
			new(0x00074919, [0x90, 0x90]),
			new(0x00074AB7, [0xEB, 0x1F]),
			new(0x00074AF3, [0x90, 0x90, 0x90, 0x90, 0x90, 0x90]),
			new(0x0007540F, [0xEB, 0x19]),
			new(0x0007543A, [0x33, 0xC9, 0x90]),
			new(0x0007582A, [0xEB, 0x19]),
			new(0x00075863, [0x33, 0xD2, 0x90]),
			new(0x00075AFF, [0xEB, 0x15]),
			new(0x00075B24, [0xEB, 0x1A]),
			new(0x00075B43, [0x33, 0xC0]),
			new(0x00075BE3, [0xEB, 0x19]),
			new(0x00075C14, [0xEB, 0x4F]),
			new(0x00075D71, [0xEB, 0x0C]),
			new(0x00075D87, [0xEB, 0x22]),
			new(0x00075DD8, [0xEB, 0x44]),
			new(0x00075F39, [0xEB, 0x1D]),
			new(0x00075F79, [0x90, 0x90]),
			new(0x000762BA, [0xEB, 0x0C]),
			new(0x000762D2, [0xEB, 0x19]),
			new(0x000762FD, [0x33, 0xC9, 0x90]),
			new(0x00076F9E, [0xEB, 0x1B]),
			new(0x0007700A, [0xEB, 0x0C]),
			new(0x00077030, [0x33, 0xC9, 0x90]),
			new(0x00078234, [0xEB, 0x15]),
			new(0x0007827A, [0x33, 0xC0, 0x90, 0x90, 0x90, 0x90]),
			new(0x0007894C, [0xEB, 0x3A]),
			new(0x000789BF, [0xEB, 0x14]),
			new(0x000789D5, [0x33, 0xC9, 0x90]),
			new(0x00078B15, [0xEB, 0x3A]),
			new(0x00078B7E, [0xEB, 0x19]),
			new(0x00078BA9, [0x33, 0xC0, 0x90]),
			new(0x00079ED7, [0xEB, 0x1B]),
			new(0x00079F12, [0x33, 0xD2, 0x90]),
			new(0x0007A000, [0xEB, 0x20]),
			new(0x0007A078, [0xEB, 0x15]),
			new(0x0007A098, [0xEB, 0x31]),
			new(0x0007A1EE, [0xEB, 0x14]),
			new(0x0007A20C, [0xEB, 0x11]),
			new(0x0007A22F, [0x33, 0xC9, 0x90]),
			new(0x0007A520, [0xEB, 0x21]),
			new(0x0007A553, [0x33, 0xC0, 0x90]),
			new(0x0007ACAA, [0xEB, 0x14]),
			new(0x0007ACD0, [0x33, 0xC9, 0x90]),
			new(0x0007B4E6, [0xEB, 0x15]),
			new(0x0007B5B9, [0xEB, 0x19]),
			new(0x0007B65B, [0x33, 0xC0, 0x90]),
			new(0x0007BA58, [0xEB, 0x40]),
			new(0x0007BB19, [0xEB, 0x0C]),
			new(0x0007BB3D, [0xEB, 0x1F]),
			new(0x0007BBF2, [0x33, 0xC0, 0x90, 0x90, 0x90, 0x90]),
			new(0x0007CCED, [0xEB, 0x17]),
			new(0x0007CD19, [0x90, 0x90]),
			new(0x0007D1D3, [0xEB, 0x34]),
			new(0x0007D23C, [0xEB, 0x1E]),
			new(0x0007D26F, [0x90, 0x90, 0x90, 0x90, 0x90, 0x90]),
			new(0x0007F2D4, [0xEB, 0x15]),
			new(0x0007F327, [0xEB, 0x1F]),
			new(0x0007F366, [0x33, 0xC9, 0x90]),
			new(0x0007F4C0, [0xEB, 0x16]),
			new(0x0007F4F9, [0x33, 0xC0]),
			new(0x0007F629, [0xEB, 0x20]),
			new(0x0007F64B, [0x33, 0xC9, 0x90]),
			new(0x0007FB2C, [0xEB, 0x1D]),
			new(0x0007FB9F, [0x33, 0xFF, 0x90, 0x90, 0x90, 0x90]),
			new(0x00080221, [0xEB, 0x0F]),
			new(0x00080272, [0xEB, 0x14]),
			new(0x00080301, [0x33, 0xC0, 0x90]),
			new(0x00083DE5, [0xEB, 0x1D]),
			new(0x00083E07, [0x90, 0x90, 0x90, 0x90, 0x90, 0x90]),
			new(0x00084AE9, [0xEB, 0x1F]),
			new(0x00084BAB, [0x33, 0xC0, 0x90]),
			new(0x00084E79, [0xEB, 0x51]),
			new(0x00084F14, [0xEB, 0x1D]),
			new(0x00084F36, [0xEB, 0x40]),
			new(0x000853C8, [0xEB, 0x1D]),
			new(0x00085408, [0x90, 0x90, 0x90, 0x90, 0x90, 0x90]),
			new(0x00085631, [0xEB, 0x2D]),
			new(0x00085666, [0xEB, 0x4A]),
			new(0x00085AFC, [0xEB, 0x18]),
			new(0x00085B4B, [0xEB, 0x32]),
			new(0x00086606, [0xEB, 0x36]),
			new(0x00086763, [0xEB, 0x1E]),
			new(0x00086796, [0x33, 0xC0, 0x90]),
			new(0x00086850, [0xEB, 0x16]),
			new(0x00086885, [0x33, 0xD2, 0x90]),
			new(0x00087647, [0xEB, 0x3D]),
			new(0x00087958, [0xEB, 0x0C]),
			new(0x00087971, [0xEB, 0x17]),
			new(0x0008799D, [0x33, 0xC0, 0x90]),
			new(0x00087C0E, [0xEB, 0x1C]),
			new(0x00087C7A, [0x90, 0x90, 0x90, 0x90, 0x90, 0x90]),
			new(0x00088315, [0xEB, 0x1D]),
			new(0x0008835C, [0xEB, 0x15]),
			new(0x00088381, [0x33, 0xFF, 0x90]),
			new(0x000886A7, [0xEB, 0x3C]),
			new(0x00088741, [0xEB, 0x14]),
			new(0x000888D5, [0x33, 0xC0, 0x90]),
			new(0x00088990, [0xEB, 0x16]),
			new(0x000889EF, [0xEB, 0x42]),
			new(0x00088DE8, [0xEB, 0x24]),
			new(0x0008900B, [0x33, 0xD2, 0x90]),
			new(0x0008911C, [0xEB, 0x40]),
			new(0x000891B4, [0xEB, 0x25]),
			new(0x000891F1, [0x90, 0x90]),
			new(0x00089303, [0xEB, 0x0C]),
			new(0x0008936B, [0xEB, 0x1A]),
			new(0x00089387, [0x33, 0xF6, 0x90, 0x90, 0x90, 0x90]),
			new(0x00089506, [0xEB, 0x14]),
			new(0x0008955D, [0xEB, 0x1C]),
			new(0x000895B5, [0x33, 0xC9]),
			new(0x00089BD2, [0xEB, 0x23]),
			new(0x00089BFA, [0x33, 0xC0]),
			new(0x00089E18, [0xEB, 0x21]),
			new(0x00089E3B, [0x33, 0xC9, 0x90]),
			new(0x0008B9CD, [0xEB, 0x17]),
			new(0x0008BA07, [0x33, 0xC0]),
			new(0x0008BEB4, [0xEB, 0x22]),
			new(0x0008BEF4, [0xEB, 0x43]),
			new(0x0008C236, [0xEB, 0x20]),
			new(0x0008C285, [0x33, 0xC9, 0x90]),
			new(0x0008C9F5, [0xEB, 0x0F]),
			new(0x0008CA2D, [0x90, 0x90]),
			new(0x0008D160, [0xEB, 0x14]),
			new(0x0008D205, [0x33, 0xC9, 0x90]),
			new(0x0008D43C, [0xEB, 0x1E]),
			new(0x0008D480, [0x90, 0x90]),
			new(0x0008DD32, [0xEB, 0x0C]),
			new(0x0008DD51, [0xEB, 0x19]),
			new(0x0008DD8D, [0x33, 0xC0]),
			new(0x0008E630, [0xEB, 0x14]),
			new(0x0008E688, [0xEB, 0x1F]),
			new(0x0008E6B7, [0x33, 0xC9, 0x90]),
			new(0x0008E84D, [0xEB, 0x4B]),
			new(0x0008E8D9, [0xEB, 0x1D]),
			new(0x0008E937, [0x33, 0xFF, 0x90]),
			new(0x0008E9F9, [0xEB, 0x16]),
			new(0x0008EA22, [0x90, 0x90]),
			new(0x0008EB5F, [0xEB, 0x1D]),
			new(0x0008EBC2, [0x33, 0xC9, 0x90]),
			new(0x0008ECC3, [0xEB, 0x28]),
			new(0x0008ED27, [0xEB, 0x47]),
			new(0x0008F811, [0xEB, 0x1B]),
			new(0x0008F83C, [0x33, 0xC9, 0x90]),
			new(0x0009637F, [0xEB, 0x1C]),
			new(0x000963B0, [0x90, 0x90]),
			new(0x0009E42E, [0xEB, 0x1E]),
			new(0x0009E461, [0x90, 0x90]),
			new(0x0009EFDA, [0xEB, 0x13]),
			new(0x0009F147, [0x33, 0xC9]),
			new(0x0009F92F, [0xEB, 0x15]),
			new(0x0009F972, [0xEB, 0x19]),
			new(0x0009F9A2, [0x33, 0xC9, 0x90]),
			new(0x000A424D, [0xEB, 0x1C]),
			new(0x000A42B0, [0xEB, 0x31]),
			new(0x000A4344, [0xEB, 0x15]),
			new(0x000A43B8, [0xEB, 0x1C]),
			new(0x000A440B, [0x33, 0xC0, 0x90]),
			new(0x000A44EE, [0xEB, 0x21]),
			new(0x000A4536, [0x33, 0xC0, 0x90]),
			new(0x000A45D2, [0xEB, 0x1B]),
			new(0x000A4602, [0x90, 0x90]),
			new(0x000A4804, [0xEB, 0x1B]),
			new(0x000A483F, [0x33, 0xC9, 0x90]),
			new(0x000A4A6F, [0xEB, 0x1B]),
			new(0x000A4AA8, [0x33, 0xC0, 0x90]),
			new(0x000A4B83, [0xEB, 0x38]),
			new(0x000A4BEB, [0xEB, 0x1C]),
			new(0x000A4C37, [0x33, 0xC9, 0x90]),
			new(0x000A4CB0, [0xEB, 0x19]),
			new(0x000A4D02, [0x33, 0xC9, 0x90]),
			new(0x000A4F76, [0xEB, 0x1E]),
			new(0x000A4FA9, [0xEB, 0x33]),
			new(0x000A5200, [0xEB, 0x15]),
			new(0x000A523D, [0xEB, 0x21]),
			new(0x000A52A8, [0x90, 0x90]),
			new(0x000A5349, [0xEB, 0x1E]),
			new(0x000A5369, [0x33, 0xD2, 0x90]),
			new(0x000A558B, [0xEB, 0x17]),
			new(0x000A55B0, [0x33, 0xD2, 0x90]),
			new(0x000A5664, [0xEB, 0x15]),
			new(0x000A567E, [0xEB, 0x14]),
			new(0x000A56C1, [0x33, 0xD2, 0x90]),
			new(0x000A5884, [0xEB, 0x0C]),
			new(0x000A589A, [0xEB, 0x1B]),
			new(0x000A58B7, [0x33, 0xFF, 0x90]),
			new(0x000A5957, [0xEB, 0x1B]),
			new(0x000A59D0, [0x90, 0x90]),
			new(0x000A5CD2, [0xEB, 0x19]),
			new(0x000A5D0B, [0x33, 0xC9, 0x90]),
			new(0x000A5DBD, [0xEB, 0x1F]),
			new(0x000A5DEC, [0x33, 0xD2, 0x90]),
			new(0x000A95A3, [0xEB, 0x15]),
			new(0x000A95BF, [0xEB, 0x1B]),
			new(0x000A9741, [0xEB, 0x63]),
			new(0x000AA1E8, [0xEB, 0x1C]),
			new(0x000AA232, [0x33, 0xD2, 0x90]),
			new(0x000AB414, [0xEB, 0x1B]),
			new(0x000AB511, [0x33, 0xC0]),
			new(0x000ABBA5, [0xEB, 0x0C]),
			new(0x000ABBD6, [0xEB, 0x19]),
			new(0x000ABC1C, [0x33, 0xC9, 0x90]),
			new(0x000AC861, [0xEB, 0x14]),
			new(0x000AC882, [0xEB, 0x15]),
			new(0x000AC91C, [0x33, 0xD2, 0x90]),
			new(0x000ACC3B, [0xEB, 0x1E]),
			new(0x000ACC6F, [0x90, 0x90]),
			new(0x000AD95C, [0xEB, 0x19]),
			new(0x000AD98A, [0xEB, 0x32]),
			new(0x000ADF5B, [0xEB, 0x15]),
			new(0x000ADF8F, [0xEB, 0x19]),
			new(0x000ADFCB, [0xEB, 0x34]),
			new(0x000AF806, [0xEB, 0x18]),
			new(0x000AF833, [0x33, 0xC0, 0x90]),
			new(0x000AFD0C, [0xEB, 0x22]),
			new(0x000AFE13, [0x33, 0xC9]),
			new(0x000B0694, [0xEB, 0x3D]),
			new(0x000B07A7, [0xEB, 0x1D]),
			new(0x000B07E5, [0x33, 0xC0, 0x90]),
			new(0x000B123C, [0xEB, 0x16]),
			new(0x000B12A3, [0x90, 0x90]),
			new(0x000B1A49, [0xEB, 0x1B]),
			new(0x000B1ABC, [0xEB, 0x15]),
			new(0x000B1AD6, [0x90, 0x90]),
			new(0x000B1CB7, [0xEB, 0x15]),
			new(0x000B1CDF, [0xEB, 0x16]),
			new(0x000B1D18, [0x90, 0x90]),
			new(0x000B5BF8, [0xEB, 0x37]),
			new(0x000B5C5B, [0xEB, 0x1B]),
			new(0x000B5CA8, [0x33, 0xD2, 0x90]),
			new(0x000B7512, [0xEB, 0x14]),
			new(0x000B7798, [0x33, 0xF6, 0x90]),
			new(0x000B8EDA, [0xEB, 0x1B]),
			new(0x000B8F07, [0x33, 0xD2, 0x90]),
			new(0x000BA12A, [0xEB, 0x1D]),
			new(0x000BA167, [0x33, 0xC9, 0x90]),
			new(0x000BA2A9, [0xEB, 0x1B]),
			new(0x000BA2D9, [0xEB, 0x46]),
			new(0x000BA4DE, [0xEB, 0x0C]),
			new(0x000BA530, [0xEB, 0x21]),
			new(0x000BA571, [0x33, 0xD2, 0x90]),
			new(0x000BB4A2, [0xEB, 0x27]),
			new(0x000BB539, [0x90, 0x90]),
			new(0x000BEB0A, [0xEB, 0x1C]),
			new(0x000BEB56, [0xEB, 0x32]),
			new(0x000C2A79, [0xEB, 0x0C]),
			new(0x000C2AAF, [0xEB, 0x19]),
			new(0x000C2AF8, [0x33, 0xD2]),
			new(0x000C2EE9, [0xEB, 0x19]),
			new(0x000C2F17, [0x90, 0x90]),
			new(0x000C3D1B, [0xEB, 0x0C]),
			new(0x000C3D31, [0xEB, 0x21]),
			new(0x000C3D6C, [0x33, 0xC9]),
			new(0x000C3FBD, [0xEB, 0x16]),
			new(0x000C401B, [0xEB, 0x0C]),
			new(0x000C403A, [0x33, 0xC9, 0x90]),
			new(0x000C40BE, [0xEB, 0x1E]),
			new(0x000C4110, [0xEB, 0x15]),
			new(0x000C4138, [0xEB, 0x35]),
			new(0x000C5358, [0xEB, 0x15]),
			new(0x000C539C, [0x33, 0xC9, 0x90]),
			new(0x000C549C, [0xEB, 0x1D]),
			new(0x000C551F, [0x33, 0xC9, 0x90]),
			new(0x000C63B2, [0xEB, 0x19]),
			new(0x000C63DE, [0xEB, 0x2F]),
			new(0x000C6DFB, [0xEB, 0x1B]),
			new(0x000C6E30, [0x33, 0xD2, 0x90]),
			new(0x000C9AB9, [0xEB, 0x1F]),
			new(0x000C9B0A, [0x90, 0x90, 0x90, 0x90, 0x90, 0x90]),
			new(0x000C9D83, [0xEB, 0x4D]),
			new(0x000C9E58, [0xEB, 0x24]),
			new(0x000C9ED5, [0x90, 0x90, 0x90, 0x90, 0x90, 0x90]),
			new(0x000CAEFF, [0xEB, 0x19]),
			new(0x000CAF66, [0x33, 0xC9, 0x90]),
			new(0x000CB34B, [0xEB, 0x17]),
			new(0x000CB382, [0x33, 0xC0, 0x90]),
			new(0x000CC8A1, [0xEB, 0x1B]),
			new(0x000CC8EF, [0x90, 0x90]),
			new(0x000CCAC4, [0xEB, 0x25]),
			new(0x000CCB1D, [0x33, 0xC9]),
			new(0x000CCC88, [0xEB, 0x22]),
			new(0x000CCCDC, [0x33, 0xC0]),
			new(0x000CD401, [0xEB, 0x18]),
			new(0x000CD50A, [0x33, 0xC9, 0x90]),
			new(0x000CD613, [0xEB, 0x24]),
			new(0x000CD64A, [0xEB, 0x57]),
			new(0x000CD7CE, [0xEB, 0x0C]),
			new(0x000CD868, [0xEB, 0x1E]),
			new(0x000CD8C5, [0x33, 0xD2]),
			new(0x000CDAE2, [0xEB, 0x1B]),
			new(0x000CDB10, [0x33, 0xC0, 0x90]),
			new(0x000CF8A2, [0xEB, 0x0C]),
			new(0x000CF8B3, [0xEB, 0x22]),
			new(0x000CF8EA, [0x33, 0xD2]),
			new(0x000CFB5E, [0xEB, 0x18]),
			new(0x000CFBA0, [0xEB, 0x0C]),
			new(0x000CFBD5, [0xEB, 0x58]),
			new(0x000CFF25, [0xEB, 0x0C]),
			new(0x000CFF36, [0xEB, 0x28]),
			new(0x000CFF8E, [0x90, 0x90]),
			new(0x000D03D5, [0xEB, 0x21]),
			new(0x000D03FB, [0x33, 0xC9, 0x90]),
			new(0x000D13E1, [0xEB, 0x1E]),
			new(0x000D1664, [0x33, 0xF6, 0x90]),
			new(0x000D5AB7, [0xEB, 0x1F]),
			new(0x000D5B12, [0xEB, 0x0C]),
			new(0x000D5C08, [0xEB, 0x3E]),
			new(0x000D749C, [0xEB, 0x16]),
			new(0x000D74C2, [0x33, 0xD2, 0x90]),
			new(0x000D89F9, [0xEB, 0x17]),
			new(0x000D8A20, [0x33, 0xC9, 0x90]),
			new(0x000D9007, [0xEB, 0x1C]),
			new(0x000D904E, [0xEB, 0x0C]),
			new(0x000D906B, [0x33, 0xF6, 0x90]),
			new(0x000DBE76, [0x90, 0x90, 0x90, 0x90, 0x90, 0x90]),
			new(0x000DBE7C, [0x33, 0xF6, 0x90]),
			new(0x000DC003, [0xEB, 0x19]),
			new(0x000DC02C, [0x33, 0xD2, 0x90]),
			new(0x000DC11F, [0xEB, 0x1C]),
			new(0x000DC14D, [0x33, 0xC0, 0x90]),
			new(0x000DC348, [0xEB, 0x1A]),
			new(0x000DC412, [0x33, 0xC9, 0x90]),
			new(0x000DCAEE, [0xEB, 0x14]),
			new(0x000DCB07, [0x90, 0x90]),
			new(0x000DD0F9, [0xEB, 0x19]),
			new(0x000DD13F, [0xEB, 0x15]),
			new(0x000DD173, [0x33, 0xF6, 0x90]),
			new(0x000DD5CB, [0xEB, 0x18]),
			new(0x000DD5E5, [0x33, 0xC0, 0x90]),
			new(0x000DEF05, [0xEB, 0x1F]),
			new(0x000DEF5E, [0xEB, 0x15]),
			new(0x000DEF86, [0x90, 0x90]),
			new(0x000E1287, [0xEB, 0x0C]),
			new(0x000E1297, [0xEB, 0x16]),
			new(0x000E12B2, [0xEB, 0x2E]),
			new(0x000E13E2, [0xEB, 0x14]),
			new(0x000E1400, [0xEB, 0x24]),
			new(0x000E1443, [0xEB, 0x3A]),
			new(0x000E14E3, [0xEB, 0x39]),
			new(0x000E1560, [0xEB, 0x10]),
			new(0x000E1590, [0x33, 0xD2, 0x90]),
			new(0x000E1B01, [0xEB, 0x36]),
			new(0x000E1B5C, [0xEB, 0x16]),
			new(0x000E1BB7, [0x33, 0xD2, 0x90]),
			new(0x000E2056, [0xEB, 0x21]),
			new(0x000E20B2, [0xEB, 0x14]),
			new(0x000E20D8, [0x90, 0x90]),
			new(0x000E2700, [0xEB, 0x54]),
			new(0x000E278D, [0xEB, 0x1A]),
			new(0x000E27C7, [0x33, 0xD2, 0x90]),
			new(0x000E2D01, [0xEB, 0x20]),
			new(0x000E367F, [0x90, 0x90, 0x90, 0x90, 0x90, 0x90]),
			new(0x000E45A8, [0xEB, 0x1C]),
			new(0x000E45E4, [0x33, 0xD2, 0x90]),
			new(0x000E64A3, [0xEB, 0x19]),
			new(0x000E64F1, [0x33, 0xC0, 0x90]),
			new(0x000E6631, [0xEB, 0x3B]),
			new(0x000E66D5, [0xEB, 0x1E]),
			new(0x000E6715, [0xEB, 0x34]),
			new(0x000E679F, [0xEB, 0x35]),
			new(0x000E6823, [0xEB, 0x16]),
			new(0x000E688A, [0xEB, 0x14]),
			new(0x000E68AA, [0x90, 0x90]),
			new(0x000E6948, [0xEB, 0x20]),
			new(0x000E69C6, [0x90, 0x90]),
			new(0x000E6A41, [0xEB, 0x0C]),
			new(0x000E6A9D, [0xEB, 0x1B]),
			new(0x000E6B0D, [0xEB, 0x30]),
			new(0x000E6BF2, [0xEB, 0x24]),
			new(0x000E6CF4, [0x33, 0xF6, 0x90]),
			new(0x000E6DBB, [0xEB, 0x1E]),
			new(0x000E6ED3, [0x33, 0xC0, 0x90]),
			new(0x000E72D2, [0xEB, 0x15]),
			new(0x000E730A, [0x90, 0x90]),
			new(0x000E73BD, [0xEB, 0x1A]),
			new(0x000E740A, [0xEB, 0x0C]),
			new(0x000E7436, [0x33, 0xC9, 0x90]),
			new(0x000E764A, [0xEB, 0x22]),
			new(0x000E766E, [0x33, 0xD2, 0x90]),
			new(0x000E7CC8, [0xEB, 0x1C]),
			new(0x000E7CF4, [0x33, 0xC0, 0x90]),
			new(0x000E81E1, [0xEB, 0x11]),
			new(0x000E8212, [0x33, 0xD2, 0x90]),
			new(0x000E8859, [0xEB, 0x1E]),
			new(0x000E8879, [0x33, 0xF6, 0x90]),
			new(0x000E8AEE, [0xEB, 0x15]),
			new(0x000E8B50, [0xEB, 0x1E]),
			new(0x000E8B7E, [0x33, 0xD2, 0x90, 0x90, 0x90, 0x90]),
			new(0x000E8CAE, [0xEB, 0x13]),
			new(0x000E8CEC, [0xEB, 0x0C]),
			new(0x000E8CFA, [0x33, 0xF6, 0x90]),
			new(0x000E8E5C, [0xEB, 0x19]),
			new(0x000E8E85, [0x33, 0xC9, 0x90]),
			new(0x000E9143, [0xEB, 0x21]),
			new(0x000E9199, [0x33, 0xC0]),
			new(0x000E933B, [0xEB, 0x42]),
			new(0x000E93C4, [0xEB, 0x1E]),
			new(0x000E9404, [0x33, 0xC0, 0x90, 0x90, 0x90, 0x90]),
			new(0x000E9455, [0x33, 0xC9, 0x90, 0x90, 0x90, 0x90]),
			new(0x000E9500, [0x33, 0xDB, 0x90, 0x90, 0x90, 0x90]),
			new(0x000E96EF, [0xEB, 0x16]),
			new(0x000E9718, [0xEB, 0x37]),
			new(0x000E97B0, [0xEB, 0x1C]),
			new(0x000E9807, [0x33, 0xD2, 0x90]),
			new(0x000E9909, [0xEB, 0x1B]),
			new(0x000E9957, [0xEB, 0x2F]),
			new(0x000E9A4F, [0xEB, 0x10]),
			new(0x000E9A82, [0x90, 0x90]),
			new(0x000EA69C, [0xEB, 0x16]),
			new(0x000EA6D2, [0x33, 0xC9, 0x90]),
			new(0x000EA788, [0xEB, 0x47]),
			new(0x000EA7FC, [0xEB, 0x1D]),
			new(0x000EA837, [0x33, 0xC0]),
			new(0x000EA8D7, [0xEB, 0x1B]),
			new(0x000EA904, [0x33, 0xD2, 0x90]),
			new(0x000EAABA, [0xEB, 0x15]),
			new(0x000EAAE2, [0xEB, 0x24]),
			new(0x000EAB0B, [0xEB, 0x4B]),
			new(0x000EB331, [0xEB, 0x1E]),
			new(0x000EB35F, [0x33, 0xF6, 0x90]),
			new(0x000EB44F, [0xEB, 0x12]),
			new(0x000EB505, [0xEB, 0x3C]),
			new(0x000EB614, [0xEB, 0x1E]),
			new(0x000EB674, [0x33, 0xC9, 0x90]),
			new(0x000EC4AF, [0xEB, 0x19]),
			new(0x000EC4DB, [0x33, 0xD2, 0x90]),
			new(0x000EC607, [0x33, 0xD2, 0x90]),
			new(0x000EC760, [0x33, 0xC0, 0x90]),
			new(0x000ECC96, [0xEB, 0x0C]),
			new(0x000ECCA6, [0xEB, 0x1C]),
			new(0x000ECCC4, [0x33, 0xFF, 0x90]),
			new(0x000ED497, [0xEB, 0x16]),
			new(0x000ED530, [0x33, 0xC0, 0x90]),
			new(0x000EDAF3, [0xEB, 0x27]),
			new(0x000EDB5E, [0x33, 0xC0, 0x90]),
			new(0x000EE66D, [0xEB, 0x17]),
			new(0x000EE6CF, [0x33, 0xF6, 0x90]),
			new(0x000EF5F8, [0xEB, 0x1E]),
			new(0x000EF636, [0x33, 0xFF, 0x90]),
			new(0x000EFC87, [0xEB, 0x14]),
			new(0x000EFD12, [0xEB, 0x28]),
			new(0x000EFD3C, [0x33, 0xC0, 0x90]),
			new(0x000F03FE, [0xEB, 0x1A]),
			new(0x000F0433, [0x33, 0xC0, 0x90]),
			new(0x000F101C, [0xEB, 0x22]),
			new(0x000F1078, [0x33, 0xC0, 0x90, 0x90, 0x90, 0x90]),
			new(0x000F113C, [0x33, 0xC9, 0x90, 0x90, 0x90, 0x90]),
			new(0x000F1276, [0x33, 0xC9, 0x90, 0x90, 0x90, 0x90]),
			new(0x000F15C2, [0x33, 0xC9, 0x90, 0x90, 0x90, 0x90]),
			new(0x000F165D, [0x33, 0xC0, 0x90, 0x90, 0x90, 0x90]),
			new(0x000F17C5, [0xEB, 0x1C]),
			new(0x000F1804, [0x33, 0xC0, 0x90, 0x90, 0x90, 0x90]),
			new(0x000F2403, [0xEB, 0x2C]),
			new(0x000F29CF, [0x33, 0xC0, 0x90, 0x90, 0x90, 0x90]),
			new(0x000F2B2E, [0xEB, 0x14]),
			new(0x000F2B52, [0x33, 0xD2, 0x90]),
			new(0x000F303C, [0xEB, 0x17]),
			new(0x000F3063, [0x33, 0xD2, 0x90]),
			new(0x000F30F9, [0xEB, 0x15]),
			new(0x000F313B, [0xEB, 0x15]),
			new(0x000F3170, [0x33, 0xC9, 0x90]),
			new(0x000F3CB1, [0xEB, 0x15]),
			new(0x000F3D19, [0xEB, 0x1F]),
			new(0x000F3D8D, [0x33, 0xC9, 0x90, 0x90, 0x90, 0x90]),
			new(0x000F40F9, [0xEB, 0x20]),
			new(0x000F413C, [0xEB, 0x35]),
			new(0x000F41E7, [0xEB, 0x20]),
			new(0x000F428D, [0xEB, 0x2D]),
			new(0x000F4595, [0xEB, 0x1D]),
			new(0x000F45B4, [0x33, 0xFF, 0x90, 0x90, 0x90, 0x90]),
			new(0x000F76A2, [0xEB, 0x22]),
			new(0x000F873F, [0x33, 0xC9, 0x90]),
			new(0x000F97A1, [0xEB, 0x1C]),
			new(0x000F97F5, [0x33, 0xC9, 0x90]),
			new(0x000FA1EE, [0xEB, 0x1C]),
			new(0x000FA20C, [0x33, 0xD2, 0x90]),
			new(0x000FA9C8, [0xEB, 0x14]),
			new(0x000FAA5E, [0xEB, 0x14]),
			new(0x000FAA8E, [0x33, 0xDB, 0x90]),
			new(0x000FAD4D, [0xEB, 0x1E]),
			new(0x000FAD6D, [0x33, 0xD2, 0x90]),
			new(0x000FC71D, [0xEB, 0x1F]),
			new(0x000FC75C, [0x33, 0xC9, 0x90]),
			new(0x000FE32A, [0xEB, 0x22]),
			new(0x000FE3AA, [0x33, 0xD2, 0x90]),
			new(0x000FF476, [0xEB, 0x28]),
			new(0x000FF4B0, [0x33, 0xC0, 0x90, 0x90, 0x90, 0x90]),
			new(0x0010090C, [0xEB, 0x1B]),
			new(0x00100939, [0x33, 0xC0, 0x90]),
			new(0x00101876, [0xEB, 0x21]),
			new(0x001018D8, [0xEB, 0x0C]),
			new(0x001018E8, [0x33, 0xC0, 0x90, 0x90, 0x90, 0x90]),
			new(0x00101A49, [0x33, 0xDB, 0x90, 0x90, 0x90, 0x90]),
			new(0x0010284F, [0xEB, 0x1D]),
			new(0x001028C4, [0xEB, 0x15]),
			new(0x001028DB, [0x33, 0xF6, 0x90]),
			new(0x00102A2C, [0xEB, 0x1C]),
			new(0x00102A79, [0xEB, 0x14]),
			new(0x00102AA5, [0x33, 0xC9, 0x90]),
			new(0x00105B43, [0xEB, 0x20]),
			new(0x00105C9E, [0xEB, 0x15]),
			new(0x00106082, [0x33, 0xC0, 0x90]),
			new(0x00106C46, [0xEB, 0x15]),
			new(0x00106C6F, [0xEB, 0x14]),
			new(0x00106C93, [0x33, 0xC9, 0x90]),
			new(0x00106DE7, [0xEB, 0x15]),
			new(0x00106E09, [0x90, 0x90, 0x90, 0x90, 0x90, 0x90]),
			new(0x00106E1D, [0x33, 0xFF, 0x90]),
			new(0x00107453, [0xEB, 0x1B]),
			new(0x0010749D, [0x33, 0xC0, 0x90]),
			new(0x00107C7A, [0xEB, 0x15]),
			new(0x00107CB1, [0xEB, 0x11]),
			new(0x00107CD7, [0x33, 0xC9]),
			new(0x00107FB4, [0xEB, 0x15]),
			new(0x00107FF9, [0xEB, 0x1B]),
			new(0x00108037, [0xEB, 0x41]),
			new(0x0010867B, [0xEB, 0x21]),
			new(0x001086B9, [0x33, 0xC9, 0x90]),
			new(0x0010873E, [0xEB, 0x0F]),
			new(0x00108784, [0xEB, 0x15]),
			new(0x0010879E, [0x90, 0x90]),
			new(0x00108890, [0xEB, 0x48]),
			new(0x00108902, [0xEB, 0x19]),
			new(0x00108920, [0xEB, 0x31]),
			new(0x001089FD, [0xEB, 0x1B]),
			new(0x00108A3B, [0xEB, 0x2F]),
			new(0x00108CBF, [0xEB, 0x14]),
			new(0x00108CF3, [0x33, 0xC9, 0x90]),
			new(0x00108EA6, [0xEB, 0x19]),
			new(0x00108EDF, [0x33, 0xC9, 0x90]),
			new(0x001090D4, [0xEB, 0x16]),
			new(0x001090FF, [0xEB, 0x46]),
			new(0x00109554, [0xEB, 0x19]),
			new(0x00109597, [0xEB, 0x15]),
			new(0x001095CC, [0x33, 0xC9, 0x90]),
			new(0x001096F1, [0xEB, 0x37]),
			new(0x00109752, [0xEB, 0x27]),
			new(0x0010978A, [0x33, 0xC0, 0x90]),
			new(0x00109802, [0xEB, 0x38]),
			new(0x00109878, [0xEB, 0x0C]),
			new(0x00109894, [0xEB, 0x1A]),
			new(0x001098EE, [0x33, 0xC9, 0x90]),
			new(0x00109968, [0xEB, 0x53]),
			new(0x00109A31, [0xEB, 0x0C]),
			new(0x00109A46, [0xEB, 0x1E]),
			new(0x00109A66, [0x33, 0xC0, 0x90]),
			new(0x00109B85, [0xEB, 0x1B]),
			new(0x00109BCD, [0xEB, 0x0C]),
			new(0x00109BDE, [0x90, 0x90]),
			new(0x00109C62, [0xEB, 0x22]),
			new(0x00109C96, [0x33, 0xC9, 0x90]),
			new(0x0010A2C5, [0xEB, 0x1F]),
			new(0x0010A2E9, [0xEB, 0x42]),
			new(0x0010A4DC, [0xEB, 0x1B]),
			new(0x0010A550, [0xEB, 0x40]),
			new(0x0010A79F, [0xEB, 0x16]),
			new(0x0010A7F4, [0x33, 0xC0, 0x90]),
			new(0x0010A965, [0xEB, 0x22]),
			new(0x0010A999, [0x33, 0xC9, 0x90]),
			new(0x0010AA81, [0xEB, 0x14]),
			new(0x0010AAD7, [0xEB, 0x1D]),
			new(0x0010AB17, [0x90, 0x90]),
			new(0x0010AE73, [0xEB, 0x1A]),
			new(0x0010AECC, [0xEB, 0x14]),
			new(0x0010AEF3, [0x90, 0x90]),
			new(0x0010B28B, [0xEB, 0x15]),
			new(0x0010B2A5, [0xEB, 0x24]),
			new(0x0010B2F7, [0x33, 0xD2, 0x90]),
			new(0x0010B385, [0xEB, 0x22]),
			new(0x0010B3BA, [0x90, 0x90]),
			new(0x0010B45B, [0xEB, 0x19]),
			new(0x0010B486, [0x33, 0xD2]),
			new(0x0010B51B, [0xEB, 0x14]),
			new(0x0010B540, [0x33, 0xC9]),
			new(0x0010BF9E, [0xEB, 0x11]),
			new(0x0010BFD7, [0x90, 0x90]),
			new(0x0010C0B5, [0xEB, 0x21]),
			new(0x0010C10A, [0xEB, 0x15]),
			new(0x0010C1CC, [0xEB, 0x3B]),
			new(0x0010C2A7, [0xEB, 0x15]),
			new(0x0010C2ED, [0xEB, 0x21]),
			new(0x0010C310, [0x33, 0xD2, 0x90, 0x90, 0x90, 0x90]),
			new(0x0010C413, [0xEB, 0x19]),
			new(0x0010C44C, [0x33, 0xC9, 0x90]),
			new(0x0010CF93, [0xEB, 0x21]),
			new(0x0010CFE1, [0x33, 0xC9]),
			new(0x0010D303, [0xEB, 0x46]),
			new(0x0010D370, [0xEB, 0x19]),
			new(0x0010D3D0, [0xEB, 0x0C]),
			new(0x0010D415, [0x33, 0xC9, 0x90]),
			new(0x0010D9E7, [0xEB, 0x22]),
			new(0x0010DA1E, [0xEB, 0x3B]),
			new(0x0010DBCC, [0xEB, 0x18]),
			new(0x0010DC08, [0x33, 0xC0, 0x90]),
			new(0x0010E126, [0xEB, 0x18]),
			new(0x0010E15C, [0x33, 0xC9, 0x90]),
			new(0x0010FBC8, [0xEB, 0x20]),
			new(0x0010FC16, [0x33, 0xC9, 0x90]),
			new(0x0010FE11, [0xEB, 0x15]),
			new(0x0010FE40, [0xEB, 0x19]),
			new(0x0010FE7A, [0x90, 0x90]),
			new(0x0010FF3E, [0xEB, 0x0C]),
			new(0x0010FF54, [0xEB, 0x0F]),
			new(0x0010FF75, [0x33, 0xC9, 0x90]),
			new(0x0011007F, [0xEB, 0x3B]),
			new(0x00110118, [0xEB, 0x1C]),
			new(0x00110156, [0x33, 0xD2, 0x90]),
			new(0x001101E8, [0xEB, 0x17]),
			new(0x00110221, [0xEB, 0x36]),
			new(0x001102C8, [0xEB, 0x1A]),
			new(0x00110362, [0x33, 0xD2, 0x90]),
			new(0x001103F6, [0xEB, 0x1C]),
			new(0x00110427, [0x90, 0x90]),
			new(0x00110518, [0xEB, 0x1D]),
			new(0x00110545, [0x33, 0xC9, 0x90]),
			new(0x0011080A, [0x90, 0x90, 0x90, 0x90, 0x90, 0x90]),
			new(0x00110835, [0xEB, 0x52]),
			new(0x00110B02, [0x90, 0x90, 0x90, 0x90, 0x90, 0x90]),
			new(0x00110B18, [0x33, 0xC0, 0x90, 0x90, 0x90, 0x90]),
			new(0x00110E06, [0xEB, 0x17]),
			new(0x00110E73, [0x33, 0xD2, 0x90]),
			new(0x00110F94, [0xEB, 0x20]),
			new(0x00110FF2, [0x33, 0xC9, 0x90]),
			new(0x00111423, [0xEB, 0x19]),
			new(0x00111485, [0x33, 0xC9, 0x90]),
			new(0x00111827, [0xEB, 0x22]),
			new(0x0011185C, [0x90, 0x90]),
			new(0x00111902, [0xEB, 0x0C]),
			new(0x001119F5, [0xEB, 0x16]),
			new(0x00111B8D, [0x33, 0xD2, 0x90]),
			new(0x00111CE5, [0xEB, 0x1D]),
			new(0x00111D07, [0xEB, 0x46]),
			new(0x00111F24, [0xEB, 0x0C]),
			new(0x00111F57, [0xEB, 0x1B]),
			new(0x00111FA2, [0x33, 0xC9, 0x90]),
			new(0x001122C5, [0xEB, 0x1F]),
			new(0x001122F6, [0x33, 0xC9, 0x90]),
			new(0x0011242E, [0xEB, 0x19]),
			new(0x00112467, [0x33, 0xC9, 0x90]),
			new(0x00112631, [0xEB, 0x1B]),
			new(0x0011265E, [0x33, 0xC9, 0x90]),
			new(0x00112820, [0xEB, 0x19]),
			new(0x0011284E, [0xEB, 0x31]),
			new(0x00112AC4, [0xEB, 0x36]),
			new(0x00112B2C, [0xEB, 0x19]),
			new(0x00112B79, [0xEB, 0x14]),
			new(0x00112BA7, [0x33, 0xD2, 0x90]),
			new(0x0011398B, [0xEB, 0x19]),
			new(0x001139B4, [0x33, 0xC9, 0x90]),
			new(0x001145F8, [0xEB, 0x19]),
			new(0x0011462B, [0xEB, 0x4C]),
			new(0x00114A76, [0xEB, 0x1C]),
			new(0x00114A94, [0x33, 0xC9, 0x90]),
			new(0x0011512E, [0xEB, 0x16]),
			new(0x00115146, [0x33, 0xC9, 0x90]),
			new(0x00115393, [0xEB, 0x1E]),
			new(0x001153D4, [0x33, 0xD2, 0x90]),
			new(0x001153F4, [0x33, 0xF6, 0x90]),
			new(0x00115601, [0xEB, 0x0C]),
			new(0x0011561F, [0xEB, 0x1E]),
			new(0x0011563F, [0x33, 0xFF, 0x90]),
			new(0x00116077, [0xEB, 0x28]),
			new(0x001160BD, [0x33, 0xD2, 0x90]),
			new(0x001194BD, [0xEB, 0x1D]),
			new(0x00119554, [0x33, 0xF6, 0x90]),
			new(0x00119CDE, [0xEB, 0x14]),
			new(0x00119D05, [0x90, 0x90]),
			new(0x00119E8E, [0xEB, 0x1E]),
			new(0x00119F03, [0xEB, 0x15]),
			new(0x00119F64, [0xEB, 0x29]),
			new(0x0011A1D0, [0xEB, 0x0C]),
			new(0x0011A1EE, [0xEB, 0x1B]),
			new(0x0011A21E, [0x33, 0xC9]),
			new(0x0011A383, [0xEB, 0x19]),
			new(0x0011A3D7, [0x33, 0xD2, 0x90]),
			new(0x0011A49C, [0xEB, 0x18]),
			new(0x0011A4E4, [0x90, 0x90]),
			new(0x0011A66A, [0xEB, 0x1A]),
			new(0x0011A686, [0x33, 0xC9, 0x90]),
			new(0x0011A83D, [0xEB, 0x15]),
			new(0x0011A8C4, [0xEB, 0x1C]),
			new(0x0011A90D, [0x33, 0xD2, 0x90]),
			new(0x0011A989, [0xEB, 0x3A]),
			new(0x0011AA51, [0xEB, 0x14]),
			new(0x0011AA9D, [0x90, 0x90]),
			new(0x0011AB43, [0xEB, 0x19]),
			new(0x0011AB5E, [0x33, 0xD2, 0x90]),
			new(0x0011AC07, [0xEB, 0x16]),
			new(0x0011AC1F, [0x33, 0xF6, 0x90]),
			new(0x0011AC9B, [0xEB, 0x19]),
			new(0x0011ACC5, [0x33, 0xC0]),
			new(0x0011AD50, [0xEB, 0x0F]),
			new(0x0011AD8A, [0x33, 0xC9, 0x90]),
			new(0x0011AF82, [0xEB, 0x0C]),
			new(0x0011AFC0, [0xEB, 0x19]),
			new(0x0011B014, [0x33, 0xD2, 0x90]),
			new(0x0011B181, [0xEB, 0x15]),
			new(0x0011B1BC, [0xEB, 0x20]),
			new(0x0011B23A, [0xEB, 0x44]),
			new(0x0011B383, [0xEB, 0x20]),
			new(0x0011B3B5, [0x33, 0xC9, 0x90]),
			new(0x0011B420, [0xEB, 0x15]),
			new(0x0011B463, [0xEB, 0x26]),
			new(0x0011B4A9, [0x33, 0xC9, 0x90]),
			new(0x0011B540, [0xEB, 0x3B]),
			new(0x0011B5A4, [0xEB, 0x25]),
			new(0x0011B5FC, [0x33, 0xD2, 0x90]),
			new(0x0011B6B1, [0xEB, 0x16]),
			new(0x0011B6D9, [0x33, 0xC9, 0x90]),
			new(0x0011B7B6, [0xEB, 0x18]),
			new(0x0011B819, [0x90, 0x90]),
			new(0x0011B994, [0xEB, 0x20]),
			new(0x0011B9D4, [0x33, 0xC9, 0x90]),
			new(0x0011C287, [0xEB, 0x0C]),
			new(0x0011C2C1, [0xEB, 0x1E]),
			new(0x0011C2FF, [0x33, 0xC9, 0x90]),
			new(0x0011C4A2, [0xEB, 0x36]),
			new(0x0011C506, [0xEB, 0x1F]),
			new(0x0011C537, [0x33, 0xD2, 0x90]),
			new(0x0011C660, [0xEB, 0x3C]),
			new(0x0011C6F6, [0xEB, 0x15]),
			new(0x0011C723, [0xEB, 0x15]),
			new(0x0011C74B, [0xEB, 0x45]),
			new(0x0011C7D4, [0xEB, 0x23]),
			new(0x0011C85D, [0xEB, 0x0C]),
			new(0x0011C905, [0x33, 0xD2, 0x90]),
			new(0x0011C9C2, [0xEB, 0x11]),
			new(0x0011C9F3, [0x33, 0xC9, 0x90]),
			new(0x0011CAAE, [0xEB, 0x14]),
			new(0x0011CAC7, [0x33, 0xC9]),
			new(0x0011CCCA, [0xEB, 0x2A]),
			new(0x0011CD0D, [0x33, 0xC0]),
			new(0x0011CE95, [0xEB, 0x18]),
			new(0x0011CEF1, [0x90, 0x90]),
			new(0x0011D009, [0xEB, 0x18]),
			new(0x0011D0C5, [0x33, 0xC0, 0x90]),
			new(0x0011D1DE, [0xEB, 0x1E]),
			new(0x0011D20E, [0x33, 0xC0, 0x90]),
			new(0x0011D623, [0xEB, 0x3A]),
			new(0x0011D68B, [0xEB, 0x1C]),
			new(0x0011D6B7, [0x33, 0xC0, 0x90]),
			new(0x0011D84E, [0xEB, 0x14]),
			new(0x0011D8B9, [0x33, 0xF6, 0x90]),
			new(0x0011DCB0, [0xEB, 0x1C]),
			new(0x0011DCED, [0x33, 0xC0, 0x90]),
			new(0x0011DDC7, [0xEB, 0x25]),
			new(0x0011DE19, [0xEB, 0x0C]),
			new(0x0011DE34, [0x33, 0xC0, 0x90]),
			new(0x0011DF42, [0xEB, 0x39]),
			new(0x0011E0A8, [0xEB, 0x24]),
			new(0x0011E0E1, [0x33, 0xD2, 0x90]),
			new(0x0011EF31, [0xEB, 0x17]),
			new(0x0011EFA6, [0x33, 0xC0, 0x90]),
			new(0x0011F194, [0xEB, 0x15]),
			new(0x0011F1C1, [0xEB, 0x1B]),
			new(0x0011F1EC, [0x33, 0xC9, 0x90]),
			new(0x0011F5F9, [0xEB, 0x1F]),
			new(0x0011F62B, [0xEB, 0x31]),
			new(0x00120BE5, [0xEB, 0x22]),
			new(0x00120E40, [0xEB, 0x21]),
			new(0x00120E9E, [0x33, 0xC9, 0x90, 0x90, 0x90, 0x90]),
			new(0x0012148E, [0x33, 0xD2, 0x90, 0x90, 0x90, 0x90]),
			new(0x001214B8, [0x33, 0xF6, 0x90, 0x90, 0x90, 0x90]),
			new(0x0012168F, [0xEB, 0x21]),
			new(0x001216C3, [0x90, 0x90]),
			new(0x00121C63, [0xEB, 0x20]),
			new(0x00121CA1, [0x33, 0xC0, 0x90]),
			new(0x00121D44, [0xEB, 0x16]),
			new(0x00121D5C, [0x33, 0xC9, 0x90]),
			new(0x001224DB, [0xEB, 0x19]),
			new(0x001224F9, [0x33, 0xC0]),
			new(0x001231CE, [0xEB, 0x1E]),
			new(0x001231FE, [0x33, 0xC9, 0x90]),
			new(0x0012DD91, [0xEB, 0x15]),
			new(0x0012DDB8, [0x33, 0xC9, 0x90]),
			new(0x0012DFA7, [0xEB, 0x1F]),
			new(0x0012DFF9, [0x33, 0xC0, 0x90]),
			new(0x0013BB3E, [0xEB, 0x0F]),
			new(0x0013BB4F, [0x33, 0xFF, 0x90]),
			new(0x0013BCD8, [0xEB, 0x1A]),
			new(0x0013BD50, [0x33, 0xC9, 0x90]),
			new(0x0013CC50, [0xEB, 0x14]),
			new(0x0013CC81, [0x33, 0xC9]),
			new(0x0014B4B3, [0xEB, 0x18]),
			new(0x0014B4DE, [0xEB, 0x44]),
			new(0x0014B5E9, [0xEB, 0x19]),
			new(0x0014B622, [0x33, 0xC9, 0x90]),
			new(0x0014B6BB, [0xEB, 0x41]),
			new(0x0014B71B, [0xEB, 0x17]),
			new(0x0014B750, [0x33, 0xF6, 0x90]),
			new(0x0014C393, [0xEB, 0x0C]),
			new(0x0014C3A9, [0xEB, 0x1E]),
			new(0x0014C500, [0x33, 0xC9, 0x90]),
			new(0x0014CBA6, [0xEB, 0x1C]),
			new(0x0014CBD5, [0x90, 0x90]),
			new(0x0014D213, [0xEB, 0x21]),
			new(0x0014D25F, [0xEB, 0x14]),
			new(0x0014D296, [0xEB, 0x42]),
			new(0x0014D3BE, [0xEB, 0x3C]),
			new(0x0014D43E, [0xEB, 0x19]),
			new(0x0014D47A, [0x90, 0x90]),
			new(0x0015E7AF, [0xEB, 0x14]),
			new(0x0015E7EC, [0x33, 0xC0]),
			new(0x001644A1, [0xEB, 0x15]),
			new(0x0016450D, [0xEB, 0x1E]),
			new(0x0016453B, [0x33, 0xC9, 0x90]),
			new(0x0016EDD3, [0xEB, 0x0C]),
			new(0x0016EDF1, [0xEB, 0x1E]),
			new(0x0016EE14, [0x33, 0xC0]),
			new(0x00175D37, [0xEB, 0x21]),
			new(0x00175D6D, [0xEB, 0x3D]),
			new(0x0017676A, [0xEB, 0x1A]),
			new(0x001767AF, [0xEB, 0x15]),
			new(0x001767C6, [0x33, 0xF6, 0x90]),
			new(0x0017A419, [0xEB, 0x15]),
			new(0x0017A467, [0xEB, 0x1F]),
			new(0x0017A4AC, [0x90, 0x90]),
			new(0x0017A905, [0xEB, 0x24]),
			new(0x0017A94C, [0x90, 0x90]),
			new(0x0017A9C7, [0xEB, 0x1B]),
			new(0x0017AA0D, [0xEB, 0x15]),
			new(0x0017AA6A, [0x33, 0xC9, 0x90]),
			new(0x0017AB02, [0xEB, 0x16]),
			new(0x0017AB2A, [0x33, 0xD2, 0x90]),
			new(0x0017ABC2, [0xEB, 0x3B]),
			new(0x0017AC3A, [0xEB, 0x14]),
			new(0x0017AC60, [0xEB, 0x14]),
			new(0x0017AC91, [0x33, 0xC9, 0x90]),
			new(0x0017AE78, [0xEB, 0x1C]),
			new(0x0017AEA7, [0x90, 0x90]),
			new(0x0017AF44, [0xEB, 0x16]),
			new(0x0017AF6C, [0x33, 0xC9, 0x90]),
			new(0x0017E000, [0xEB, 0x16]),
			new(0x0017E02A, [0x33, 0xD2, 0x90]),
			new(0x0017E448, [0xEB, 0x1A]),
			new(0x0017E475, [0xEB, 0x38]),
			new(0x0017F743, [0xEB, 0x26]),
			new(0x0017F77C, [0x90, 0x90]),
			new(0x001840C4, [0xEB, 0x28]),
			new(0x001840FF, [0x90, 0x90]),
			new(0x00184208, [0xEB, 0x1F]),
			new(0x0018422C, [0xEB, 0x33]),
			new(0x00184329, [0xEB, 0x1D]),
			new(0x00184348, [0x33, 0xC0, 0x90]),
			new(0x00186150, [0xEB, 0x24]),
			new(0x00186187, [0xEB, 0x3B]),
			new(0x0018DDAE, [0xEB, 0x19]),
			new(0x0018DDC9, [0x33, 0xD2, 0x90]),
			new(0x001972D4, [0xEB, 0x27]),
			new(0x0019734C, [0x33, 0xF6, 0x90]),
			new(0x0019A18D, [0xEB, 0x21]),
			new(0x0019A1B0, [0x33, 0xF6, 0x90]),
			new(0x0019C0B8, [0xEB, 0x1C]),
			new(0x0019C199, [0x33, 0xD2]),
			new(0x0019D8F0, [0xEB, 0x0C]),
			new(0x0019D900, [0xEB, 0x1C]),
			new(0x0019D92C, [0x33, 0xC9, 0x90]),
			new(0x001A4E15, [0xEB, 0x0F]),
			new(0x001A4E44, [0x33, 0xC9, 0x90]),
			new(0x001AB27D, [0xEB, 0x1A]),
			new(0x001AB2A7, [0x33, 0xD2, 0x90]),
			new(0x001C2535, [0xEB, 0x21]),
			new(0x001C255B, [0x33, 0xC0, 0x90]),
			new(0x001C2725, [0xEB, 0x18]),
			new(0x001C2742, [0x33, 0xC0, 0x90]),
			new(0x001C283E, [0xEB, 0x1C]),
			new(0x001C298E, [0x33, 0xC9, 0x90]),
			new(0x001C2E51, [0xEB, 0x26]),
			new(0x001C2E8A, [0x90, 0x90]),
			new(0x001C485C, [0xEB, 0x17]),
			new(0x001C4875, [0x33, 0xC9, 0x90]),
			new(0x001C559B, [0xEB, 0x14]),
			new(0x001C55D2, [0xEB, 0x42]),
			new(0x001C67F9, [0xEB, 0x1B]),
			new(0x001C6829, [0x90, 0x90]),
			new(0x001C8ABD, [0xEB, 0x1F]),
			new(0x001C8AFF, [0xEB, 0x56]),
			new(0x001C9062, [0xEB, 0x1B]),
			new(0x001C90A0, [0x90, 0x90, 0x90, 0x90, 0x90, 0x90]),
			new(0x001CCF17, [0xEB, 0x22]),
			new(0x001CCF49, [0x33, 0xC9, 0x90]),
			new(0x001CF098, [0xEB, 0x1B]),
			new(0x001CF106, [0x33, 0xD2, 0x90]),
			new(0x001D0D97, [0xEB, 0x0C]),
			new(0x001D0DD0, [0xEB, 0x19]),
			new(0x001D0E09, [0xEB, 0x49]),
			new(0x001D1D9D, [0xEB, 0x1F]),
			new(0x001D1DCC, [0x33, 0xC0, 0x90]),
			new(0x001D50FE, [0xEB, 0x1B]),
			new(0x001D5143, [0xEB, 0x15]),
			new(0x001D516E, [0x90, 0x90]),
			new(0x001DC787, [0xEB, 0x25]),
			new(0x001DC7DF, [0x33, 0xC9, 0x90]),
			new(0x001DCEAC, [0xEB, 0x19]),
			new(0x001DCED8, [0xEB, 0x32]),
			new(0x001E1251, [0xEB, 0x50]),
			new(0x001E12C3, [0xEB, 0x14]),
			new(0x001E1306, [0xEB, 0x2F]),
			new(0x001E2382, [0xEB, 0x25]),
			new(0x001E23EF, [0xEB, 0x3D]),
			new(0x001E2672, [0xEB, 0x3C]),
			new(0x001E26EB, [0xEB, 0x19]),
			new(0x001E2714, [0x33, 0xC0, 0x90]),
			new(0x001E27D1, [0xEB, 0x0C]),
			new(0x001E2826, [0xEB, 0x19]),
			new(0x001E2844, [0x33, 0xC0]),
			new(0x001E28E0, [0xEB, 0x16]),
			new(0x001E28FB, [0xEB, 0x45]),
			new(0x001E307D, [0xEB, 0x02]),
			new(0x001E3104, [0x33, 0xD2, 0x90]),
			new(0x001E8911, [0xEB, 0x19]),
			new(0x001E8950, [0x33, 0xC9, 0x90]),
			new(0x001EEDDC, [0xEB, 0x0C]),
			new(0x001EEE0C, [0xEB, 0x1D]),
			new(0x001EEE47, [0x33, 0xC9, 0x90]),
			new(0x001F0365, [0xEB, 0x49]),
			new(0x001F03D2, [0xEB, 0x16]),
			new(0x001F03F9, [0x33, 0xF6, 0x90]),
			new(0x001FCC18, [0xEB, 0x14]),
			new(0x001FCCA0, [0xEB, 0x14]),
			new(0x001FCCC4, [0x33, 0xC0, 0x90]),
			new(0x001FCDEE, [0xEB, 0x0C]),
			new(0x001FCDFF, [0xEB, 0x1C]),
			new(0x001FCE3C, [0x33, 0xD2]),
			new(0x001FCEF4, [0xEB, 0x20]),
			new(0x001FCF3E, [0xEB, 0x34]),
			new(0x001FCFBE, [0xEB, 0x14]),
			new(0x001FCFD4, [0x33, 0xC9, 0x90]),
			new(0x001FEAD1, [0xEB, 0x19]),
			new(0x001FEAEF, [0xEB, 0x35]),
			new(0x0020029A, [0xEB, 0x14]),
			new(0x002005B2, [0xEB, 0x22]),
			new(0x002005F4, [0x90, 0x90]),
			new(0x00207973, [0xEB, 0x3A]),
			new(0x002079E2, [0xEB, 0x1C]),
			new(0x00207A21, [0x90, 0x90, 0x90, 0x90, 0x90, 0x90]),
			new(0x00207F09, [0xEB, 0x15]),
			new(0x00207F2B, [0xEB, 0x18]),
			new(0x00207F58, [0x90, 0x90]),
			new(0x0020C204, [0xEB, 0x17]),
			new(0x0020C23E, [0x90, 0x90, 0x90, 0x90, 0x90, 0x90]),
			new(0x0020C808, [0xEB, 0x1A]),
			new(0x0020C832, [0x33, 0xC0, 0x90]),
			new(0x0020C973, [0xEB, 0x1C]),
			new(0x0020C9C3, [0x33, 0xC0, 0x90]),
			new(0x0020F293, [0xEB, 0x1D]),
			new(0x0020F2DA, [0xEB, 0x14]),
			new(0x0020F2F0, [0x33, 0xF6, 0x90]),
			new(0x002167DF, [0xEB, 0x14]),
			new(0x00216803, [0x33, 0xC9, 0x90]),
			new(0x00216A2D, [0xEB, 0x0C]),
			new(0x00216A82, [0xEB, 0x1B]),
			new(0x00216AAF, [0x33, 0xC0, 0x90]),
			new(0x00216E86, [0xEB, 0x15]),
			new(0x00216EB2, [0xEB, 0x19]),
			new(0x00216EDE, [0xEB, 0x38]),
			new(0x00216F66, [0xEB, 0x17]),
			new(0x00216FAE, [0xEB, 0x42]),
			new(0x00217062, [0xEB, 0x18]),
			new(0x0021708C, [0x33, 0xC9, 0x90]),
			new(0x00219951, [0xEB, 0x36]),
			new(0x002199B9, [0xEB, 0x1B]),
			new(0x00219A12, [0x33, 0xC0, 0x90]),
			new(0x0021C406, [0xEB, 0x23]),
			new(0x0021C464, [0xEB, 0x0C]),
			new(0x0021C496, [0x33, 0xF6, 0x90]),
			new(0x0021CE2B, [0xEB, 0x14]),
			new(0x0021CE8B, [0xEB, 0x16]),
			new(0x0021CEA3, [0x33, 0xC9, 0x90]),
			new(0x0021D55F, [0xEB, 0x15]),
			new(0x0021D57B, [0xEB, 0x1E]),
			new(0x0021D5BC, [0x33, 0xC0]),
			new(0x0021E6BA, [0xEB, 0x1B]),
			new(0x0021E6D9, [0x33, 0xD2, 0x90]),
			new(0x0021E7ED, [0xEB, 0x15]),
			new(0x0021E822, [0x33, 0xC0, 0x90]),
			new(0x0021EA85, [0xEB, 0x42]),
			new(0x0021ECD8, [0xEB, 0x1C]),
			new(0x0021ED30, [0xEB, 0x32]),
			new(0x0021EFBE, [0xEB, 0x0C]),
			new(0x0021F299, [0xEB, 0x16]),
			new(0x0021F2BC, [0xEB, 0x29]),
			new(0x0021F83A, [0xEB, 0x14]),
			new(0x0021F897, [0xEB, 0x1E]),
			new(0x0021F8B7, [0x33, 0xF6, 0x90]),
			new(0x0021FA8E, [0xEB, 0x0F]),
			new(0x0021FAAF, [0x33, 0xC9, 0x90]),
			new(0x002200C8, [0xEB, 0x24]),
			new(0x00220117, [0xEB, 0x0C]),
			new(0x00220128, [0x33, 0xC0]),
			new(0x002203D9, [0xEB, 0x1E]),
			new(0x00220409, [0x33, 0xC9, 0x90]),
			new(0x00220F63, [0xEB, 0x21]),
			new(0x00220F95, [0xEB, 0x36]),
			new(0x00221366, [0xEB, 0x23]),
			new(0x002213A7, [0x33, 0xC0, 0x90]),
			new(0x00221A56, [0xEB, 0x14]),
			new(0x00221AD3, [0xEB, 0x19]),
			new(0x00221B6C, [0x33, 0xD2, 0x90]),
			new(0x00221DBD, [0xEB, 0x0C]),
			new(0x00221DD0, [0xEB, 0x14]),
			new(0x00221E45, [0xEB, 0x42]),
			new(0x00221F3B, [0xEB, 0x21]),
			new(0x00221F6E, [0x33, 0xD2, 0x90]),
			new(0x002223B8, [0xEB, 0x1A]),
			new(0x002223FE, [0x33, 0xC9, 0x90]),
			new(0x002224C8, [0xEB, 0x1A]),
			new(0x0022250E, [0x33, 0xC9, 0x90]),
			new(0x002225C8, [0xEB, 0x1A]),
			new(0x0022260E, [0x33, 0xC9, 0x90]),
			new(0x002226D8, [0xEB, 0x1A]),
			new(0x0022271E, [0x33, 0xC9, 0x90]),
			new(0x002227E8, [0xEB, 0x1A]),
			new(0x0022282E, [0x33, 0xC9, 0x90]),
			new(0x002228F8, [0xEB, 0x1A]),
			new(0x0022293E, [0x33, 0xC9, 0x90]),
			new(0x00222A18, [0xEB, 0x1A]),
			new(0x00222A5E, [0x33, 0xC9, 0x90]),
			new(0x002254F2, [0xEB, 0x15]),
			new(0x0022550C, [0xEB, 0x19]),
			new(0x00225545, [0x33, 0xC0, 0x90]),
			new(0x0022591C, [0xEB, 0x17]),
			new(0x002259CC, [0x33, 0xC0, 0x90]),
			new(0x00227950, [0xEB, 0x15]),
			new(0x002279E9, [0xEB, 0x1C]),
			new(0x00227A3F, [0x33, 0xC0, 0x90]),
			new(0x00229217, [0xEB, 0x1D]),
			new(0x00229244, [0x33, 0xC9, 0x90]),
			new(0x0022985D, [0xEB, 0x20]),
			new(0x0022988F, [0x33, 0xC0, 0x90]),
			new(0x0022A7E6, [0xEB, 0x3E]),
			new(0x0022A861, [0xEB, 0x1E]),
			new(0x0022A892, [0xEB, 0x37]),
			new(0x0022B1D7, [0xEB, 0x34]),
			new(0x0022B24F, [0xEB, 0x16]),
			new(0x0022B278, [0x90, 0x90]),
			new(0x0022B349, [0xEB, 0x1F]),
			new(0x0022B396, [0x33, 0xC9, 0x90]),
			new(0x0022B458, [0xEB, 0x0C]),
			new(0x0022B58E, [0xEB, 0x21]),
			new(0x0022B695, [0x33, 0xC0]),
			new(0x0022CC62, [0xEB, 0x36]),
			new(0x0022CDEB, [0xEB, 0x16]),
			new(0x0022CE7B, [0x33, 0xC0, 0x90]),
			new(0x0022CFC7, [0xEB, 0x22]),
			new(0x0022D0B1, [0x33, 0xC0, 0x90]),
			new(0x00230972, [0xEB, 0x2D]),
			new(0x00230A41, [0xEB, 0x34]),
			new(0x00230ADA, [0xEB, 0x18]),
			new(0x00230B17, [0x33, 0xC0]),
			new(0x00230BA3, [0xEB, 0x0C]),
			new(0x00230BD4, [0xEB, 0x19]),
			new(0x00230BFF, [0x33, 0xC9, 0x90]),
			new(0x00233660, [0xEB, 0x0F]),
			new(0x00233671, [0x33, 0xC9, 0x90]),
			new(0x00237E28, [0xEB, 0x15]),
			new(0x00237F69, [0xEB, 0x20]),
			new(0x00237FB6, [0x90, 0x90, 0x90, 0x90, 0x90, 0x90]),
			new(0x00239340, [0xEB, 0x17]),
			new(0x0023936A, [0x90, 0x90]),
			new(0x0024454B, [0xEB, 0x17]),
			new(0x002445A2, [0xEB, 0x38]),
			new(0x00246782, [0xEB, 0x19]),
			new(0x0024679D, [0x33, 0xD2, 0x90]),
			new(0x00246B75, [0xEB, 0x1D]),
			new(0x00246BB2, [0x33, 0xC9, 0x90]),
			new(0x00246D28, [0xEB, 0x1C]),
			new(0x00246D7F, [0xEB, 0x0C]),
			new(0x00246D9A, [0x33, 0xC0, 0x90]),
			new(0x00246F97, [0xEB, 0x1B]),
			new(0x00246FC5, [0xEB, 0x4D]),
			new(0x00247072, [0xEB, 0x14]),
			new(0x002470A8, [0xEB, 0x1F]),
			new(0x002470EA, [0xEB, 0x36]),
			new(0x00247183, [0xEB, 0x16]),
			new(0x002471D7, [0x33, 0xC9, 0x90]),
			new(0x00247323, [0xEB, 0x0C]),
			new(0x002473C8, [0xEB, 0x17]),
			new(0x002473E4, [0xEB, 0x49]),
			new(0x002474A1, [0xEB, 0x0C]),
			new(0x002474C4, [0xEB, 0x1E]),
			new(0x002474F4, [0x33, 0xC9, 0x90]),
			new(0x002475B3, [0xEB, 0x1B]),
			new(0x0024760B, [0x90, 0x90]),
			new(0x002492D5, [0xEB, 0x1E]),
			new(0x00249304, [0x33, 0xD2]),
			new(0x002493E8, [0xEB, 0x0C]),
			new(0x0024940F, [0xEB, 0x16]),
			new(0x00249445, [0x33, 0xC9, 0x90]),
			new(0x002499E3, [0xEB, 0x16]),
			new(0x00249A1C, [0xEB, 0x45]),
			new(0x00249AF3, [0xEB, 0x17]),
			new(0x00249B1C, [0x33, 0xC9, 0x90]),
			new(0x0024A3BD, [0xEB, 0x18]),
			new(0x0024A58F, [0x33, 0xC0]),
			new(0x0024AB77, [0xEB, 0x22]),
			new(0x0024ABBA, [0x33, 0xC9]),
			new(0x0024BB11, [0xEB, 0x14]),
			new(0x0024BB37, [0x33, 0xC9, 0x90]),
			new(0x0024C9BF, [0xEB, 0x3A]),
			new(0x0024CA28, [0xEB, 0x1C]),
			new(0x0024CA73, [0x33, 0xD2, 0x90]),
			new(0x0024CB43, [0xEB, 0x4E]),
			new(0x0024CBDB, [0xEB, 0x1E]),
			new(0x0024CC0B, [0x33, 0xD2, 0x90]),
			new(0x0024D389, [0xEB, 0x1A]),
			new(0x0024D47B, [0x33, 0xC9, 0x90]),
			new(0x00250C1E, [0xEB, 0x16]),
			new(0x00250C54, [0x33, 0xC9, 0x90]),
			new(0x00250DA7, [0xEB, 0x1B]),
			new(0x00250E0D, [0xEB, 0x0C]),
			new(0x00250E2B, [0x90, 0x90]),
			new(0x00253BED, [0xEB, 0x12]),
			new(0x00253C2D, [0x90, 0x90]),
			new(0x00254D50, [0xEB, 0x25]),
			new(0x00254DD0, [0xEB, 0x15]),
			new(0x00254EA3, [0x90, 0x90]),
			new(0x00255253, [0xEB, 0x23]),
			new(0x002552D7, [0x33, 0xC9, 0x90]),
			new(0x002567FE, [0xEB, 0x14]),
			new(0x00256817, [0x33, 0xC0]),
			new(0x002573A3, [0xEB, 0x15]),
			new(0x0025742B, [0xEB, 0x19]),
			new(0x00257449, [0x33, 0xC0]),
			new(0x0025760E, [0xEB, 0x1C]),
			new(0x00257643, [0x33, 0xFF, 0x90]),
			new(0x002593C2, [0xEB, 0x48]),
			new(0x00259452, [0xEB, 0x22]),
			new(0x002594ED, [0xEB, 0x34]),
			new(0x0025B652, [0xEB, 0x1E]),
			new(0x0025B6A4, [0x33, 0xD2, 0x90]),
			new(0x0025CA6D, [0xEB, 0x0C]),
			new(0x0025CA7D, [0xEB, 0x10]),
			new(0x0025CA8F, [0x33, 0xFF, 0x90]),
			new(0x0025D071, [0xEB, 0x16]),
			new(0x0025D0B5, [0x33, 0xC9, 0x90]),
			new(0x0025D2E8, [0xEB, 0x37]),
			new(0x0025D349, [0xEB, 0x0C]),
			new(0x0025D373, [0xEB, 0x19]),
			new(0x0025D39F, [0x33, 0xD2]),
			new(0x0025D6BE, [0xEB, 0x16]),
			new(0x0025D6E7, [0xEB, 0x34]),
			new(0x0025D7E3, [0xEB, 0x0C]),
			new(0x0025D7F4, [0xEB, 0x21]),
			new(0x0025D833, [0x33, 0xC9, 0x90]),
			new(0x0025DED2, [0xEB, 0x0C]),
			new(0x0025DF20, [0xEB, 0x1C]),
			new(0x0025DF3E, [0x33, 0xC9, 0x90]),
			new(0x0025E457, [0xEB, 0x0C]),
			new(0x0025E46D, [0xEB, 0x15]),
			new(0x0025E4A2, [0x33, 0xC9, 0x90]),
			new(0x0025FFFB, [0xEB, 0x15]),
			new(0x00260059, [0xEB, 0x19]),
			new(0x0026008D, [0x33, 0xFF, 0x90]),
			new(0x00263901, [0xEB, 0x1A]),
			new(0x0026394A, [0x33, 0xC0, 0x90]),
			new(0x00263A6B, [0xEB, 0x14]),
			new(0x00263A84, [0xEB, 0x23]),
			new(0x00263AB7, [0x33, 0xC9, 0x90]),
			new(0x00265261, [0xEB, 0x1E]),
			new(0x00265291, [0x33, 0xC0, 0x90]),
			new(0x00268DBD, [0xEB, 0x0C]),
			new(0x00268DD0, [0xEB, 0x15]),
			new(0x00268DFB, [0x90, 0x90, 0x90, 0x90, 0x90, 0x90]),
			new(0x00292E78, [0xEB, 0x1F]),
			new(0x00292EA7, [0x33, 0xC9, 0x90]),
			new(0x00293B6A, [0xEB, 0x18]),
			new(0x00293C6C, [0xEB, 0x0C]),
			new(0x00293CFB, [0x33, 0xC9, 0x90]),
			new(0x002954DF, [0xEB, 0x0C]),
			new(0x0029551B, [0xEB, 0x1B]),
			new(0x002955A1, [0x33, 0xD2, 0x90]),
			new(0x00295C82, [0xEB, 0x17]),
			new(0x00295D05, [0xEB, 0x4D]),
			new(0x00296275, [0xEB, 0x1E]),
			new(0x002962A5, [0x33, 0xC9, 0x90]),
			new(0x0029B2C3, [0xEB, 0x3E]),
			new(0x0029B347, [0xEB, 0x16]),
			new(0x0029B35F, [0x33, 0xDB, 0x90]),
			new(0x002AD125, [0xEB, 0x19]),
			new(0x002AD153, [0xEB, 0x37]),
			new(0x002AE445, [0xEB, 0x15]),
			new(0x002AE475, [0xEB, 0x0F]),
			new(0x002AE6C2, [0x33, 0xC9, 0x90]),
			new(0x002B1143, [0xEB, 0x3C]),
			new(0x002B11A7, [0xEB, 0x1D]),
			new(0x002B1201, [0x33, 0xD2, 0x90]),
			new(0x002B12AA, [0xEB, 0x1D]),
			new(0x002B12D9, [0x33, 0xC9, 0x90]),
			new(0x002B1369, [0xEB, 0x1B]),
			new(0x002B1389, [0xEB, 0x48]),
			new(0x002B1508, [0xEB, 0x1B]),
			new(0x002B1555, [0x33, 0xC0, 0x90]),
			new(0x002B23DD, [0xEB, 0x0C]),
			new(0x002B2478, [0xEB, 0x1F]),
			new(0x002B24A9, [0x90, 0x90]),
			new(0x002B2545, [0xEB, 0x53]),
			new(0x002B2647, [0xEB, 0x25]),
			new(0x002B267B, [0x90, 0x90]),
			new(0x002B2FFC, [0xEB, 0x13]),
			new(0x002B3014, [0xEB, 0x35]),
			new(0x002B309D, [0xEB, 0x15]),
			new(0x002B30E8, [0xEB, 0x1F]),
			new(0x002B3109, [0x33, 0xD2, 0x90]),
			new(0x002B31AA, [0xEB, 0x0C]),
			new(0x002B31DC, [0xEB, 0x16]),
			new(0x002B3204, [0x33, 0xC9, 0x90]),
			new(0x002B4BC2, [0xEB, 0x21]),
			new(0x002B4C0E, [0xEB, 0x0C]),
			new(0x002B4C2A, [0x33, 0xD2, 0x90]),
			new(0x002B53CD, [0xEB, 0x1A]),
			new(0x002B53FA, [0xEB, 0x35]),
			new(0x002B5E44, [0xEB, 0x1E]),
			new(0x002B5E7E, [0x33, 0xD2, 0x90]),
			new(0x002BD7FF, [0xEB, 0x3D]),
			new(0x002BD86E, [0xEB, 0x0F]),
			new(0x002BD8A0, [0x90, 0x90]),
			new(0x002BD950, [0xEB, 0x1B]),
			new(0x002BD9CA, [0xEB, 0x39]),
			new(0x002BFD87, [0xEB, 0x1B]),
			new(0x002BFDBC, [0x33, 0xC9]),
			new(0x002C1122, [0xEB, 0x22]),
			new(0x002C11DC, [0x33, 0xC9, 0x90]),
			new(0x002C16A6, [0xEB, 0x3E]),
			new(0x002C1717, [0xEB, 0x23]),
			new(0x002C175D, [0xEB, 0x34]),
			new(0x002C1810, [0xEB, 0x21]),
			new(0x002C1842, [0x33, 0xC9]),
			new(0x002C25B1, [0xEB, 0x14]),
			new(0x002C2606, [0xEB, 0x19]),
			new(0x002C264E, [0x33, 0xD2, 0x90]),
			new(0x002C454E, [0xEB, 0x11]),
			new(0x002C45E5, [0x33, 0xC9, 0x90]),
			new(0x002C6B73, [0xEB, 0x1D]),
			new(0x002C6BC0, [0x90, 0x90]),
			new(0x002C7B05, [0xEB, 0x1C]),
			new(0x002C7BEE, [0x33, 0xC9, 0x90]),
			new(0x002CA4A8, [0xEB, 0x1A]),
			new(0x002CA4E4, [0x33, 0xC0]),
			new(0x002CA7F6, [0xEB, 0x1E]),
			new(0x002CA893, [0xEB, 0x0C]),
			new(0x002CA8C5, [0x33, 0xC9, 0x90]),
			new(0x002CAEDA, [0xEB, 0x15]),
			new(0x002CAF04, [0x90, 0x90]),
			new(0x002CAFA5, [0xEB, 0x1D]),
			new(0x002CAFC7, [0xEB, 0x37]),
			new(0x002CBEB6, [0xEB, 0x1C]),
			new(0x002CBF09, [0x33, 0xD2, 0x90]),
			new(0x002CBFC5, [0xEB, 0x55]),
			new(0x002CC0F0, [0xEB, 0x14]),
			new(0x002CC192, [0xEB, 0x18]),
			new(0x002CC250, [0xEB, 0x35]),
			new(0x002CC333, [0xEB, 0x11]),
			new(0x002CC349, [0xEB, 0x31]),
			new(0x002CCAFC, [0xEB, 0x18]),
			new(0x002CCB16, [0x33, 0xD2, 0x90]),
			new(0x002CCC5D, [0xEB, 0x0C]),
			new(0x002CCC6E, [0xEB, 0x1C]),
			new(0x002CCCD6, [0x33, 0xC9, 0x90]),
			new(0x002CD23C, [0xEB, 0x16]),
			new(0x002CD264, [0x33, 0xC9, 0x90]),
			new(0x002CDD4B, [0xEB, 0x1E]),
			new(0x002CDD85, [0x33, 0xD2, 0x90]),
			new(0x002CEC80, [0xEB, 0x1C]),
			new(0x002CECAE, [0x33, 0xC0, 0x90]),
			new(0x002CEF54, [0xEB, 0x1C]),
			new(0x002CEF97, [0x90, 0x90, 0x90, 0x90, 0x90, 0x90]),
			new(0x002CF144, [0xEB, 0x28]),
			new(0x002CF17E, [0x33, 0xD2, 0x90]),
			new(0x002CF9AC, [0xEB, 0x0C]),
			new(0x002CF9E7, [0xEB, 0x1E]),
			new(0x002CFA0A, [0xEB, 0x34]),
			new(0x002CFAA2, [0xEB, 0x3E]),
			new(0x002CFB1A, [0xEB, 0x19]),
			new(0x002CFB45, [0x33, 0xD2, 0x90]),
			new(0x002CFDD8, [0xEB, 0x1C]),
			new(0x002CFE07, [0xEB, 0x31]),
			new(0x002CFF5B, [0xEB, 0x1C]),
			new(0x002CFF87, [0x33, 0xC9, 0x90]),
			new(0x002D0584, [0xEB, 0x1E]),
			new(0x002D05C2, [0x33, 0xD2, 0x90]),
			new(0x002D1108, [0xEB, 0x1C]),
			new(0x002D1129, [0xEB, 0x35]),
			new(0x002D1692, [0xEB, 0x0F]),
			new(0x002D16D3, [0x33, 0xC9, 0x90]),
			new(0x002D2354, [0xEB, 0x23]),
			new(0x002D2419, [0x33, 0xC0, 0x90]),
			new(0x002D28E3, [0xEB, 0x20]),
			new(0x002D2923, [0x33, 0xC9, 0x90]),
			new(0x002D5ADD, [0xEB, 0x1A]),
			new(0x002D5B21, [0xEB, 0x15]),
			new(0x002D5B72, [0x33, 0xD2, 0x90]),
			new(0x002D6622, [0xEB, 0x14]),
			new(0x002D6638, [0x33, 0xD2, 0x90]),
			new(0x002D67EA, [0xEB, 0x1C]),
			new(0x002D681F, [0xEB, 0x4C]),
			new(0x002D6CAF, [0xEB, 0x21]),
			new(0x002D6D03, [0xEB, 0x2F]),
			new(0x002D7740, [0xEB, 0x11]),
			new(0x002D7771, [0x33, 0xC9, 0x90]),
			new(0x002D78E2, [0xEB, 0x4D]),
			new(0x002D79A1, [0xEB, 0x0C]),
			new(0x002D79B2, [0xEB, 0x1E]),
			new(0x002D79E4, [0x33, 0xC9]),
			new(0x002D7BD2, [0xEB, 0x12]),
			new(0x002D7D27, [0x33, 0xC9, 0x90]),
			new(0x002D7F33, [0xEB, 0x14]),
			new(0x002D7F59, [0x33, 0xD2, 0x90]),
			new(0x002D8083, [0xEB, 0x19]),
			new(0x002D80AF, [0xEB, 0x34]),
			new(0x002D866D, [0xEB, 0x15]),
			new(0x002D86B0, [0x33, 0xC9, 0x90]),
			new(0x002D8784, [0xEB, 0x19]),
			new(0x002D87A2, [0x33, 0xC0]),
			new(0x002D8EB7, [0xEB, 0x1E]),
			new(0x002D8EE7, [0xEB, 0x3B]),
			new(0x002D8F73, [0xEB, 0x15]),
			new(0x002D90AF, [0xEB, 0x22]),
			new(0x002D90D9, [0x90, 0x90]),
			new(0x002DA0B1, [0xEB, 0x21]),
			new(0x002DA100, [0xEB, 0x35]),
			new(0x002DA485, [0xEB, 0x1D]),
			new(0x002DA572, [0xEB, 0x3F]),
			new(0x002DA62D, [0xEB, 0x13]),
			new(0x002DA656, [0x90, 0x90]),
			new(0x002DB003, [0xEB, 0x1B]),
			new(0x002DB020, [0x33, 0xC0, 0x90]),
			new(0x002DB0CB, [0xEB, 0x21]),
			new(0x002DB0FC, [0x33, 0xC9, 0x90]),
			new(0x002DB1E7, [0xEB, 0x3A]),
			new(0x002DB26B, [0xEB, 0x0C]),
			new(0x002DB28A, [0xEB, 0x16]),
			new(0x002DB2B3, [0x90, 0x90]),
			new(0x002DBE7F, [0xEB, 0x3B]),
			new(0x002DBFBE, [0xEB, 0x1B]),
			new(0x002DC091, [0x33, 0xC9, 0x90]),
			new(0x002DDBD4, [0xEB, 0x19]),
			new(0x002DDC10, [0xEB, 0x44]),
			new(0x002DDCA3, [0xEB, 0x19]),
			new(0x002DDCDC, [0x33, 0xC9, 0x90]),
			new(0x002DDE2E, [0xEB, 0x16]),
			new(0x002DDE96, [0x33, 0xC9, 0x90]),
			new(0x002DDFC0, [0xEB, 0x1B]),
			new(0x002DDFDD, [0x33, 0xD2, 0x90]),
			new(0x002DE668, [0xEB, 0x4E]),
			new(0x002DE6DB, [0xEB, 0x17]),
			new(0x002DE726, [0x33, 0xC0, 0x90]),
			new(0x002DFC5B, [0xEB, 0x1A]),
			new(0x002DFC87, [0x33, 0xC9, 0x90]),
			new(0x002F9447, [0xEB, 0x1B]),
			new(0x002F94AF, [0x33, 0xC9]),
			new(0x002F952E, [0xEB, 0x1E]),
			new(0x002F957B, [0x33, 0xC9, 0x90]),
			new(0x002F9806, [0xEB, 0x19]),
			new(0x002F984E, [0x33, 0xC9, 0x90]),
			new(0x002F9982, [0xEB, 0x15]),
			new(0x002F99CE, [0xEB, 0x12]),
			new(0x002F99F5, [0x90, 0x90]),
			new(0x002F9C92, [0xEB, 0x15]),
			new(0x002F9CB7, [0x33, 0xD2, 0x90]),
			new(0x002F9DC4, [0xEB, 0x0C]),
			new(0x002F9DD5, [0xEB, 0x29]),
			new(0x002F9E2E, [0x33, 0xC0, 0x90]),
			new(0x002FA4DE, [0xEB, 0x1B]),
			new(0x002FA541, [0xEB, 0x0C]),
			new(0x002FA55F, [0x33, 0xC9, 0x90]),
			new(0x002FB7DD, [0xEB, 0x1F]),
			new(0x002FB80C, [0x33, 0xD2, 0x90]),
			new(0x0031CA6A, [0xEB, 0x1A]),
			new(0x0031CAB9, [0x33, 0xC9, 0x90]),
			new(0x0031D0F6, [0xEB, 0x0C]),
			new(0x0031D122, [0xEB, 0x1E]),
			new(0x0031D142, [0x33, 0xC0, 0x90]),
			new(0x0031D1E8, [0xEB, 0x14]),
			new(0x0031D20E, [0xEB, 0x14]),
			new(0x0031D242, [0x33, 0xC9, 0x90]),
			new(0x0031D2DF, [0xEB, 0x0C]),
			new(0x0031D2EF, [0xEB, 0x1B]),
			new(0x0031D31D, [0x33, 0xD2]),
			new(0x0031DB7E, [0xEB, 0x19]),
			new(0x0031DBC4, [0x33, 0xC9, 0x90]),
			new(0x0032082C, [0xEB, 0x11]),
			new(0x00320864, [0x33, 0xC9, 0x90]),
			new(0x003267C4, [0xEB, 0x19]),
			new(0x003267FC, [0x33, 0xC9, 0x90]),
			new(0x0032695A, [0xEB, 0x13]),
			new(0x00326980, [0x90, 0x90, 0x90, 0x90, 0x90, 0x90]),
			new(0x0032766E, [0xEB, 0x0C]),
			new(0x0032769D, [0xEB, 0x1E]),
			new(0x003276CD, [0x33, 0xC9, 0x90]),
			new(0x0032777B, [0xEB, 0x1E]),
			new(0x003277B0, [0x90, 0x90]),
			new(0x0033CD1B, [0xEB, 0x21]),
			new(0x0033D277, [0x90, 0x90, 0x90, 0x90, 0x90, 0x90]),
			new(0x0033D49D, [0xEB, 0x17]),
			new(0x0033D518, [0xEB, 0x17]),
			new(0x0033D6A2, [0x33, 0xC9, 0x90]),
			new(0x0033E29C, [0xEB, 0x21]),
			new(0x0033E2CF, [0x33, 0xC0, 0x90]),
			new(0x003404CA, [0xEB, 0x4C]),
			new(0x00340578, [0xEB, 0x1F]),
			new(0x003405B3, [0x33, 0xF6, 0x90]),
			new(0x00341A5C, [0xEB, 0x18]),
			new(0x00341B25, [0x33, 0xC9, 0x90]),
			new(0x0034401B, [0xEB, 0x1C]),
			new(0x0034404C, [0xEB, 0x47]),
			new(0x00345848, [0xEB, 0x18]),
			new(0x00345D24, [0x33, 0xC9, 0x90]),
			new(0x00348C1C, [0xEB, 0x1A]),
			new(0x003498EE, [0x33, 0xF6, 0x90]),
			new(0x0035530E, [0xEB, 0x1B]),
			new(0x003582FA, [0x33, 0xC0, 0x90]),
			new(0x003583C9, [0xEB, 0x20]),
			new(0x0035842F, [0x33, 0xC9, 0x90]),
			new(0x0035A9DD, [0xEB, 0x17]),
			new(0x0035AA05, [0x33, 0xC9]),
			new(0x0035ADF9, [0xEB, 0x0C]),
			new(0x0035AE0A, [0xEB, 0x24]),
			new(0x0035AE30, [0x33, 0xF6, 0x90]),
			new(0x0035B6CB, [0xEB, 0x1C]),
			new(0x0035B77E, [0xEB, 0x36]),
			new(0x0035BE41, [0xEB, 0x1C]),
			new(0x0035C7E2, [0x90, 0x90]),
			new(0x0035C88E, [0xEB, 0x15]),
			new(0x0035C8B5, [0xEB, 0x24]),
			new(0x0035C8E9, [0x33, 0xC9, 0x90]),
			new(0x0035C96D, [0xEB, 0x15]),
			new(0x0035C9B1, [0xEB, 0x0C]),
			new(0x0035C9CF, [0xEB, 0x37]),
			new(0x0035CDEA, [0xEB, 0x1D]),
			new(0x0035CE17, [0x33, 0xC9, 0x90]),
			new(0x0035D030, [0xEB, 0x0C]),
			new(0x0035D095, [0xEB, 0x1A]),
			new(0x0035D127, [0x33, 0xD2, 0x90]),
			new(0x0035E847, [0xEB, 0x16]),
			new(0x0035E86F, [0x33, 0xC9, 0x90]),
			new(0x0035E96E, [0xEB, 0x15]),
			new(0x0035E995, [0xEB, 0x1F]),
			new(0x0035E9C6, [0x33, 0xC9, 0x90]),
			new(0x0035EA42, [0xEB, 0x18]),
			new(0x0035EA7D, [0x90, 0x90]),
			new(0x0035EB2C, [0xEB, 0x20]),
			new(0x0035EBE3, [0x33, 0xD2, 0x90]),
			new(0x0035FC8A, [0xEB, 0x1A]),
			new(0x0035FCA6, [0x33, 0xF6, 0x90]),
			new(0x00360104, [0xEB, 0x1F]),
			new(0x0036014D, [0xEB, 0x0C]),
			new(0x00360184, [0xEB, 0x41]),
			new(0x00360232, [0xEB, 0x3C]),
			new(0x00360290, [0xEB, 0x14]),
			new(0x003602C5, [0xEB, 0x35]),
			new(0x00360991, [0xEB, 0x14]),
			new(0x003609B8, [0xEB, 0x37]),
			new(0x0036110E, [0xEB, 0x1E]),
			new(0x0036115F, [0xEB, 0x15]),
			new(0x00361184, [0x33, 0xC0, 0x90]),
			new(0x003623B2, [0xEB, 0x38]),
			new(0x0036242F, [0xEB, 0x15]),
			new(0x0036246F, [0xEB, 0x14]),
			new(0x003624CD, [0x33, 0xC0, 0x90]),
			new(0x00362B4C, [0xEB, 0x0C]),
			new(0x00362B8D, [0xEB, 0x17]),
			new(0x00362BB6, [0x33, 0xC9, 0x90]),
			new(0x00363680, [0xEB, 0x17]),
			new(0x003636D7, [0xEB, 0x20]),
			new(0x00363778, [0x33, 0xD2, 0x90]),
			new(0x00363C3E, [0xEB, 0x1C]),
			new(0x00363C7A, [0x33, 0xC9, 0x90]),
			new(0x003689D5, [0xEB, 0x21]),
			new(0x003689FB, [0x33, 0xC0]),
			new(0x0036AD96, [0xEB, 0x19]),
			new(0x0036ADC2, [0x33, 0xC0]),
			new(0x00370D5A, [0xEB, 0x1D]),
			new(0x00370D99, [0x33, 0xC0, 0x90]),
			new(0x00370E9F, [0x33, 0xC9, 0x90]),
			new(0x003711D4, [0x33, 0xC9, 0x90]),
			new(0x00371253, [0x33, 0xFF, 0x90]),
			new(0x0037166D, [0xEB, 0x38]),
			new(0x003723C3, [0xEB, 0x18]),
			new(0x003723DF, [0x33, 0xC0, 0x90]),
			new(0x003724F3, [0x33, 0xC0, 0x90]),
			new(0x00372C02, [0x33, 0xC9, 0x90]),
			new(0x00372CBD, [0x33, 0xD2, 0x90]),
			new(0x00372DFA, [0x33, 0xC9, 0x90]),
			new(0x00372EAD, [0x33, 0xFF, 0x90]),
			new(0x003730C0, [0x33, 0xC0, 0x90]),
			new(0x0037311D, [0x33, 0xC0, 0x90]),
			new(0x00373238, [0x33, 0xC0, 0x90]),
			new(0x00373292, [0x33, 0xD2, 0x90]),
			new(0x0037330C, [0x33, 0xC9, 0x90]),
			new(0x0037335D, [0x33, 0xDB, 0x90]),
			new(0x00373C1F, [0xEB, 0x1B]),
			new(0x00373C64, [0xEB, 0x18]),
			new(0x00373C8E, [0x33, 0xC0, 0x90]),
			new(0x003746DC, [0xEB, 0x36]),
			new(0x003750F4, [0x33, 0xC9, 0x90, 0x90, 0x90, 0x90]),
			new(0x0037556F, [0xEB, 0x1A]),
			new(0x003755B6, [0x33, 0xC9, 0x90]),
			new(0x0037FEE5, [0xEB, 0x1B]),
			new(0x0037FF39, [0xEB, 0x3F]),
			new(0x00382934, [0xEB, 0x23]),
			new(0x00382959, [0x33, 0xFF, 0x90]),
			new(0x003829F3, [0xEB, 0x4D]),
			new(0x00382AB1, [0xEB, 0x0C]),
			new(0x00382AC8, [0xEB, 0x1C]),
			new(0x00382B33, [0x33, 0xC9, 0x90]),
			new(0x00382C28, [0xEB, 0x1C]),
			new(0x00382C56, [0x33, 0xC9, 0x90]),
			new(0x00382DEC, [0xEB, 0x15]),
			new(0x00382ED9, [0xEB, 0x19]),
			new(0x00382F02, [0x33, 0xD2, 0x90]),
			new(0x00383077, [0xEB, 0x15]),
			new(0x00383096, [0xEB, 0x21]),
			new(0x003830C7, [0x33, 0xD2, 0x90]),
			new(0x0038315B, [0xEB, 0x19]),
			new(0x00383176, [0x33, 0xD2, 0x90]),
			new(0x00383587, [0xEB, 0x20]),
			new(0x003835C5, [0x33, 0xD2, 0x90]),
			new(0x0038522D, [0xEB, 0x0C]),
			new(0x00385243, [0xEB, 0x10]),
			new(0x00385265, [0x33, 0xD2, 0x90]),
			new(0x003854E3, [0xEB, 0x14]),
			new(0x00385521, [0xEB, 0x14]),
			new(0x0038555B, [0x33, 0xFF, 0x90]),
			new(0x003874C3, [0xEB, 0x0C]),
			new(0x00387507, [0xEB, 0x25]),
			new(0x0038754E, [0x33, 0xC0, 0x90]),
			new(0x00387579, [0x33, 0xC9, 0x90]),
			new(0x003875AF, [0x33, 0xC0, 0x90]),
			new(0x00387601, [0x33, 0xF6, 0x90]),
			new(0x00387B4A, [0xEB, 0x13]),
			new(0x00387B7F, [0x33, 0xC0]),
			new(0x00387C9A, [0xEB, 0x0C]),
			new(0x00387CAB, [0xEB, 0x17]),
			new(0x00387CF8, [0xEB, 0x41]),
			new(0x00388663, [0xEB, 0x37]),
			new(0x003886D0, [0xEB, 0x18]),
			new(0x00388708, [0x33, 0xC9, 0x90]),
			new(0x003887B7, [0xEB, 0x0C]),
			new(0x003887DC, [0xEB, 0x1D]),
			new(0x00388815, [0x33, 0xC9, 0x90]),
			new(0x0038ABC6, [0xEB, 0x23]),
			new(0x0038ABFE, [0x90, 0x90, 0x90, 0x90, 0x90, 0x90]),
			new(0x0038CEFE, [0xEB, 0x17]),
			new(0x0038CF1A, [0x33, 0xC0, 0x90]),
			new(0x0038F6B1, [0xEB, 0x16]),
			new(0x0038F718, [0xEB, 0x39]),
			new(0x00392817, [0xEB, 0x1A]),
			new(0x00392836, [0x33, 0xD2, 0x90]),
			new(0x00398CE8, [0xEB, 0x14]),
			new(0x00398D24, [0xEB, 0x16]),
			new(0x00398D5A, [0x33, 0xC9, 0x90]),
			new(0x00399BE0, [0xEB, 0x1B]),
			new(0x00399BFD, [0x33, 0xC0, 0x90]),
			new(0x0039A1B9, [0xEB, 0x19]),
			new(0x0039A1E4, [0x33, 0xC0, 0x90]),
			new(0x0039A2FC, [0xEB, 0x16]),
			new(0x0039A320, [0x33, 0xF6, 0x90]),
			new(0x0039BA9B, [0xEB, 0x18]),
			new(0x0039BAB8, [0xEB, 0x24]),
			new(0x0039BADE, [0x33, 0xFF, 0x90]),
			new(0x0039BBB1, [0xEB, 0x17]),
			new(0x0039BBCD, [0xEB, 0x37]),
			new(0x0039C4F8, [0xEB, 0x16]),
			new(0x0039C5AF, [0x33, 0xC0, 0x90]),
			new(0x0039E0DB, [0xEB, 0x19]),
			new(0x0039E10E, [0xEB, 0x36]),
			new(0x0039E50B, [0xEB, 0x19]),
			new(0x0039E534, [0x33, 0xC0, 0x90]),
			new(0x0039EAC8, [0xEB, 0x29]),
			new(0x0039EB1E, [0xEB, 0x0C]),
			new(0x0039EB39, [0x33, 0xC0, 0x90]),
			new(0x003A23CE, [0xEB, 0x1B]),
			new(0x003A2427, [0x90, 0x90]),
			new(0x003A3C6E, [0xEB, 0x15]),
			new(0x003A3C88, [0xEB, 0x26]),
			new(0x003A3CDC, [0x33, 0xD2, 0x90]),
			new(0x003A3E3F, [0xEB, 0x19]),
			new(0x003A3E78, [0x33, 0xD2, 0x90]),
			new(0x003A41F2, [0xEB, 0x15]),
			new(0x003A4227, [0x33, 0xC9, 0x90]),
			new(0x003A4425, [0xEB, 0x20]),
			new(0x003A44FE, [0x90, 0x90]),
			new(0x003A4C3D, [0xEB, 0x14]),
			new(0x003A4C81, [0x33, 0xC9, 0x90]),
			new(0x003A4E6C, [0xEB, 0x1D]),
			new(0x003A4EAA, [0x33, 0xC9, 0x90]),
			new(0x003A8567, [0xEB, 0x22]),
			new(0x003A859B, [0x33, 0xC0, 0x90]),
			new(0x003A88A7, [0xEB, 0x20]),
			new(0x003A88D9, [0x33, 0xC9, 0x90]),
			new(0x003ABA1E, [0xEB, 0x14]),
			new(0x003ABAFB, [0x33, 0xDB, 0x90]),
			new(0x003AF700, [0xEB, 0x18]),
			new(0x003AF743, [0xEB, 0x0C]),
			new(0x003AF754, [0x33, 0xC0, 0x90]),
			new(0x003B272D, [0xEB, 0x0C]),
			new(0x003B278A, [0xEB, 0x1C]),
			new(0x003B27C9, [0x90, 0x90]),
			new(0x003B28D1, [0xEB, 0x2C]),
			new(0x003B29B9, [0xEB, 0x0F]),
			new(0x003B2C78, [0x33, 0xF6, 0x90]),
			new(0x003B2D61, [0xEB, 0x48]),
			new(0x003B2DD7, [0xEB, 0x20]),
			new(0x003B2E29, [0x33, 0xC0]),
			new(0x003B37F6, [0xEB, 0x24]),
			new(0x003B3831, [0x33, 0xC9, 0x90]),
			new(0x003B44AB, [0xEB, 0x1E]),
			new(0x003B45EC, [0xEB, 0x34]),
			new(0x003B6048, [0xEB, 0x19]),
			new(0x003B61A8, [0x90, 0x90]),
			new(0x003B7345, [0xEB, 0x1C]),
			new(0x003B749E, [0xEB, 0x36]),
			new(0x003B7B20, [0xEB, 0x16]),
			new(0x003B7B4B, [0x33, 0xC0, 0x90]),
			new(0x003B9467, [0xEB, 0x15]),
			new(0x003B94C4, [0xEB, 0x27]),
			new(0x003B9504, [0xEB, 0x3E]),
			new(0x003B9952, [0xEB, 0x18]),
			new(0x003B997B, [0x33, 0xC0]),
			new(0x003BAF21, [0xEB, 0x37]),
			new(0x003BAF82, [0xEB, 0x0C]),
			new(0x003BAFD2, [0xEB, 0x19]),
			new(0x003BB003, [0x90, 0x90]),
			new(0x003BB183, [0xEB, 0x1B]),
			new(0x003BB1D1, [0x33, 0xC0, 0x90]),
			new(0x003BD392, [0xEB, 0x12]),
			new(0x003BD3C4, [0x33, 0xC9, 0x90]),
			new(0x003BF491, [0xEB, 0x40]),
			new(0x003BF4F9, [0xEB, 0x1A]),
			new(0x003BF533, [0x33, 0xD2, 0x90]),
			new(0x003BF7B9, [0xEB, 0x16]),
			new(0x003BF7E1, [0x33, 0xC0, 0x90]),
			new(0x003BFA30, [0xEB, 0x4F]),
			new(0x003BFACE, [0xEB, 0x18]),
			new(0x003BFAF9, [0x90, 0x90, 0x90, 0x90, 0x90, 0x90]),
			new(0x003BFEE2, [0xEB, 0x19]),
			new(0x003BFF25, [0xEB, 0x15]),
			new(0x003BFF3F, [0xEB, 0x3F]),
			new(0x003C018D, [0xEB, 0x1F]),
			new(0x003C01AE, [0x33, 0xC9, 0x90]),
			new(0x003C07E3, [0xEB, 0x1E]),
			new(0x003C0829, [0x33, 0xC0]),
			new(0x003C0AA0, [0xEB, 0x1C]),
			new(0x003C0AC1, [0x33, 0xC0]),
			new(0x003C6566, [0xEB, 0x52]),
			new(0x003C65F1, [0xEB, 0x14]),
			new(0x003C662D, [0xEB, 0x16]),
			new(0x003C6893, [0x33, 0xD2, 0x90]),
			new(0x003CD820, [0xEB, 0x14]),
			new(0x003CD846, [0x33, 0xC9, 0x90]),
			new(0x003CDBC5, [0xEB, 0x22]),
			new(0x003CDC03, [0x90, 0x90]),
			new(0x003CF6AD, [0xEB, 0x15]),
			new(0x003CF6EB, [0xEB, 0x35]),
			new(0x003D8757, [0xEB, 0x28]),
			new(0x003D87E9, [0x33, 0xC0, 0x90]),
			new(0x003DC622, [0xEB, 0x4A]),
			new(0x003DC6A0, [0xEB, 0x14]),
			new(0x003DC6C9, [0x90, 0x90]),
			new(0x003E3CFA, [0xEB, 0x14]),
			new(0x003E3D20, [0xEB, 0x1E]),
			new(0x003E3D51, [0x90, 0x90]),
			new(0x003E4984, [0xEB, 0x1D]),
			new(0x003E49A3, [0x33, 0xD2, 0x90, 0x90, 0x90, 0x90]),
			new(0x003E9A43, [0xEB, 0x0C]),
			new(0x003E9A62, [0xEB, 0x22]),
			new(0x003E9AC6, [0x90, 0x90, 0x90, 0x90, 0x90, 0x90]),
			new(0x003E9C4F, [0xEB, 0x14]),
			new(0x003E9C77, [0x33, 0xC9, 0x90]),
			new(0x003E9D1D, [0xEB, 0x0C]),
			new(0x003E9D33, [0xEB, 0x17]),
			new(0x003E9D6A, [0x33, 0xC9, 0x90]),
			new(0x003E9F2F, [0xEB, 0x14]),
			new(0x003E9FFB, [0xEB, 0x1C]),
			new(0x003EA036, [0x33, 0xF6, 0x90]),
			new(0x003EA8BB, [0xEB, 0x0C]),
			new(0x003EA940, [0xEB, 0x1E]),
			new(0x003EA970, [0x33, 0xC0, 0x90]),
			new(0x003EC443, [0xEB, 0x3F]),
			new(0x003EC4B0, [0xEB, 0x17]),
			new(0x003EC519, [0x33, 0xD2]),
			new(0x003EDD40, [0xEB, 0x15]),
			new(0x003EDD7F, [0xEB, 0x11]),
			new(0x003EDDAF, [0x33, 0xD2, 0x90]),
			new(0x003EE057, [0xEB, 0x1D]),
			new(0x003EE087, [0x90, 0x90]),
			new(0x003F5B58, [0xEB, 0x15]),
			new(0x003F5B97, [0xEB, 0x20]),
			new(0x003F5BE8, [0x90, 0x90]),
			new(0x0040EB5F, [0xEB, 0x16]),
			new(0x0040EB88, [0x90, 0x90, 0x90, 0x90, 0x90, 0x90]),
			new(0x0041587A, [0xEB, 0x0C]),
			new(0x00415890, [0xEB, 0x1A]),
			new(0x004158CA, [0x33, 0xC0, 0x90]),
			new(0x0041772D, [0xEB, 0x14]),
			new(0x004177BC, [0xEB, 0x16]),
			new(0x004177D7, [0x90, 0x90, 0x90, 0x90, 0x90, 0x90]),
			new(0x0041E976, [0xEB, 0x21]),
			new(0x0041E9BC, [0x33, 0xC9, 0x90]),
			new(0x00420CA5, [0xEB, 0x50]),
			new(0x00420D5E, [0xEB, 0x13]),
			new(0x00420DF3, [0x33, 0xC9]),
			new(0x0042E2C2, [0xEB, 0x17]),
			new(0x0042E2EA, [0x33, 0xC9]),
			new(0x0042E390, [0xEB, 0x0C]),
			new(0x0042E3A3, [0xEB, 0x17]),
			new(0x0042E3E8, [0x33, 0xC9, 0x90]),
			new(0x0042E482, [0xEB, 0x19]),
			new(0x0042E4AB, [0x33, 0xC9, 0x90]),
			new(0x0042E673, [0xEB, 0x23]),
			new(0x0042E6A9, [0x33, 0xD2, 0x90]),
			new(0x0043149C, [0xEB, 0x18]),
			new(0x004314E5, [0xEB, 0x14]),
			new(0x00431505, [0x90, 0x90]),
			new(0x004316F9, [0xEB, 0x20]),
			new(0x00431749, [0x90, 0x90]),
			new(0x00431929, [0xEB, 0x1B]),
			new(0x00431957, [0xEB, 0x3F]),
			new(0x004323A3, [0xEB, 0x4A]),
			new(0x00432409, [0xEB, 0x14]),
			new(0x00432444, [0x90, 0x90, 0x90, 0x90, 0x90, 0x90]),
			new(0x00432B71, [0xEB, 0x10]),
			new(0x00432B93, [0x33, 0xC9, 0x90]),
			new(0x00433DA0, [0xEB, 0x0C]),
			new(0x00433DD6, [0xEB, 0x23]),
			new(0x00433E1B, [0xEB, 0x39]),
			new(0x00437F82, [0xEB, 0x15]),
			new(0x00437FB5, [0xEB, 0x19]),
			new(0x00438014, [0x33, 0xC0, 0x90]),
			new(0x0043832B, [0xEB, 0x17]),
			new(0x00438344, [0x33, 0xD2, 0x90]),
			new(0x00438823, [0xEB, 0x0C]),
			new(0x0043884F, [0xEB, 0x17]),
			new(0x0043887F, [0xEB, 0x39]),
			new(0x0043EDA3, [0xEB, 0x37]),
			new(0x0043EE1C, [0xEB, 0x1A]),
			new(0x0043EE48, [0x33, 0xD2, 0x90]),
			new(0x0043EF21, [0xEB, 0x16]),
			new(0x0043EF58, [0x90, 0x90]),
			new(0x0043F6BA, [0xEB, 0x16]),
			new(0x0043F76F, [0x90, 0x90]),
			new(0x004411EB, [0xEB, 0x3D]),
			new(0x00441248, [0xEB, 0x1A]),
			new(0x004412B3, [0x33, 0xD2, 0x90]),
			new(0x00441C60, [0xEB, 0x18]),
			new(0x00441CA1, [0x90, 0x90]),
			new(0x00441D52, [0xEB, 0x4E]),
			new(0x00441E0A, [0xEB, 0x0C]),
			new(0x00441E1D, [0xEB, 0x1E]),
			new(0x00441E8B, [0x90, 0x90]),
			new(0x00444F54, [0xEB, 0x23]),
			new(0x00444FA3, [0xEB, 0x2E]),
			new(0x0044676D, [0xEB, 0x3E]),
			new(0x0044682F, [0xEB, 0x1C]),
			new(0x00446850, [0x33, 0xC0]),
			new(0x0044D122, [0xEB, 0x0C]),
			new(0x0044D57D, [0xEB, 0x28]),
			new(0x0044D5CE, [0x33, 0xD2]),
			new(0x0044F347, [0xEB, 0x20]),
			new(0x0044F39D, [0x33, 0xC0, 0x90]),
			new(0x0044F49D, [0xEB, 0x1D]),
			new(0x0044F4BC, [0x33, 0xD2, 0x90]),
			new(0x0044F59D, [0xEB, 0x18]),
			new(0x0044F5C5, [0x33, 0xC0, 0x90]),
			new(0x0044F635, [0xEB, 0x0C]),
			new(0x0044F65F, [0xEB, 0x19]),
			new(0x0044F67D, [0x90, 0x90, 0x90, 0x90, 0x90, 0x90]),
			new(0x0044F82E, [0xEB, 0x3A]),
			new(0x0044F8A6, [0xEB, 0x1A]),
			new(0x0044F8D2, [0x33, 0xD2, 0x90]),
			new(0x0044F90B, [0x33, 0xC9, 0x90]),
			new(0x0044F975, [0x33, 0xD2, 0x90]),
			new(0x0044F9EE, [0x33, 0xFF, 0x90]),
			new(0x0044FAE2, [0xEB, 0x15]),
			new(0x0044FB24, [0xEB, 0x16]),
			new(0x0044FB3F, [0x90, 0x90]),
			new(0x0045398F, [0xEB, 0x0C]),
			new(0x004539D1, [0xEB, 0x10]),
			new(0x004539F4, [0xEB, 0x37]),
			new(0x00453AD8, [0xEB, 0x1C]),
			new(0x00453B7C, [0xEB, 0x0C]),
			new(0x00453B8A, [0x33, 0xF6, 0x90]),
			new(0x004540F8, [0xEB, 0x4A]),
			new(0x00454167, [0xEB, 0x19]),
			new(0x004541B5, [0x90, 0x90, 0x90, 0x90, 0x90, 0x90]),
			new(0x00454931, [0xEB, 0x14]),
			new(0x00454952, [0x33, 0xC9, 0x90]),
			new(0x0045AAE6, [0xEB, 0x0C]),
			new(0x0045AB28, [0xEB, 0x22]),
			new(0x0045AB62, [0x90, 0x90, 0x90, 0x90, 0x90, 0x90]),
			new(0x0045AEE5, [0xEB, 0x21]),
			new(0x0045AF0B, [0x90, 0x90, 0x90, 0x90, 0x90, 0x90]),
			new(0x0045D879, [0xEB, 0x19]),
			new(0x0045D8A4, [0x33, 0xC9, 0x90]),
			new(0x0045EEE6, [0xEB, 0x0C]),
			new(0x0045EEF7, [0xEB, 0x20]),
			new(0x0045EF77, [0x33, 0xC9, 0x90]),
			new(0x0045FB3E, [0xEB, 0x1E]),
			new(0x0045FB5E, [0x33, 0xF6, 0x90]),
			new(0x00463C58, [0xEB, 0x15]),
			new(0x00463C74, [0xEB, 0x25]),
			new(0x00463CB9, [0x33, 0xC0, 0x90]),
			new(0x00463E6E, [0xEB, 0x1B]),
			new(0x00463EB1, [0x33, 0xC9]),
			new(0x004643E6, [0xEB, 0x1C]),
			new(0x00464435, [0x33, 0xFF, 0x90]),
			new(0x00464B1C, [0xEB, 0x0C]),
			new(0x00464D89, [0xEB, 0x16]),
			new(0x00464DD1, [0x33, 0xC0, 0x90]),
			new(0x00465089, [0xEB, 0x0C]),
			new(0x00465099, [0xEB, 0x20]),
			new(0x004650DC, [0xEB, 0x33]),
			new(0x004653A0, [0xEB, 0x16]),
			new(0x004653EA, [0x33, 0xC9, 0x90]),
			new(0x00465676, [0xEB, 0x19]),
			new(0x00465691, [0x33, 0xD2, 0x90]),
			new(0x004668E4, [0xEB, 0x1F]),
			new(0x00466914, [0x33, 0xC0]),
			new(0x0046D0B3, [0xEB, 0x1A]),
			new(0x0046D0DD, [0x33, 0xD2, 0x90]),
			new(0x0046D223, [0xEB, 0x46]),
			new(0x0046D2A2, [0xEB, 0x22]),
			new(0x0046D2D7, [0xEB, 0x34]),
			new(0x0046DABA, [0xEB, 0x3B]),
			new(0x0046DB1E, [0xEB, 0x14]),
			new(0x0046DB98, [0xEB, 0x15]),
			new(0x0046DBAF, [0x33, 0xF6, 0x90]),
			new(0x0046EDF1, [0xEB, 0x14]),
			new(0x0046EE30, [0xEB, 0x14]),
			new(0x0046EE54, [0x33, 0xC9, 0x90]),
			new(0x0047389B, [0xEB, 0x21]),
			new(0x004738E6, [0xEB, 0x14]),
			new(0x0047392F, [0x33, 0xC9, 0x90]),
			new(0x00474905, [0xEB, 0x15]),
			new(0x0047495B, [0xEB, 0x17]),
			new(0x00474974, [0x33, 0xC0, 0x90]),
			new(0x0047A75F, [0xEB, 0x1B]),
			new(0x0047A799, [0xEB, 0x41]),
			new(0x0047A8F9, [0xEB, 0x0C]),
			new(0x0047A975, [0xEB, 0x1D]),
			new(0x0047A9B2, [0x33, 0xC9, 0x90]),
			new(0x0047B0AA, [0xEB, 0x1F]),
			new(0x0047B118, [0xEB, 0x0C]),
			new(0x0047B126, [0x33, 0xFF, 0x90]),
			new(0x00483105, [0xEB, 0x15]),
			new(0x0048313E, [0xEB, 0x19]),
			new(0x00483183, [0x33, 0xC9, 0x90]),
			new(0x00483739, [0xEB, 0x1B]),
			new(0x00483758, [0x33, 0xD2, 0x90]),
			new(0x004882AE, [0xEB, 0x15]),
			new(0x004882E4, [0xEB, 0x23]),
			new(0x00488317, [0x33, 0xD2, 0x90]),
			new(0x004883A1, [0xEB, 0x19]),
			new(0x004883EF, [0xEB, 0x42]),
			new(0x00488487, [0xEB, 0x15]),
			new(0x004884DB, [0xEB, 0x1E]),
			new(0x0048850A, [0x33, 0xD2]),
			new(0x004887A0, [0xEB, 0x1B]),
			new(0x004887E0, [0x33, 0xC9]),
			new(0x00489996, [0xEB, 0x0C]),
			new(0x00489B2D, [0xEB, 0x23]),
			new(0x00489CF5, [0x33, 0xC0, 0x90]),
			new(0x00489FDE, [0xEB, 0x2C]),
			new(0x0048A00F, [0x33, 0xD2, 0x90]),
			new(0x0048A435, [0xEB, 0x0C]),
			new(0x0048A461, [0xEB, 0x15]),
			new(0x0048A488, [0x33, 0xC9, 0x90]),
			new(0x0048C40C, [0xEB, 0x1A]),
			new(0x0048C428, [0x33, 0xDB, 0x90]),
			new(0x0048C4D9, [0xEB, 0x1B]),
			new(0x0048C569, [0x33, 0xD2]),
			new(0x0048C679, [0xEB, 0x14]),
			new(0x0048C69F, [0xEB, 0x14]),
			new(0x0048C6C5, [0x33, 0xC9, 0x90]),
			new(0x0048C799, [0xEB, 0x1A]),
			new(0x0048C7C6, [0xEB, 0x2F]),
			new(0x0048C8EB, [0xEB, 0x0C]),
			new(0x0048C901, [0xEB, 0x13]),
			new(0x0048C926, [0x33, 0xD2, 0x90]),
			new(0x0048E35B, [0xEB, 0x1C]),
			new(0x0048E411, [0x33, 0xD2, 0x90]),
			new(0x0048F47E, [0xEB, 0x1E]),
			new(0x0048F525, [0x33, 0xC9, 0x90]),
			new(0x0048F56E, [0x33, 0xC9, 0x90]),
			new(0x00490BF4, [0xEB, 0x1C]),
			new(0x00490C20, [0x33, 0xD2, 0x90]),
			new(0x0049179A, [0xEB, 0x19]),
			new(0x004917D6, [0x90, 0x90]),
			new(0x00491F0B, [0xEB, 0x17]),
			new(0x00491F43, [0x90, 0x90, 0x90, 0x90, 0x90, 0x90]),
			new(0x00492195, [0xEB, 0x15]),
			new(0x004921ED, [0xEB, 0x14]),
			new(0x00492210, [0x33, 0xD2, 0x90]),
			new(0x00492745, [0xEB, 0x1E]),
			new(0x00492765, [0x33, 0xF6, 0x90]),
			new(0x0049296B, [0xEB, 0x18]),
			new(0x00492993, [0x33, 0xFF, 0x90]),
			new(0x00492C44, [0xEB, 0x19]),
			new(0x00492C70, [0x90, 0x90]),
			new(0x00492D5F, [0xEB, 0x16]),
			new(0x00492DA3, [0x33, 0xC9, 0x90]),
			new(0x00492EFC, [0xEB, 0x14]),
			new(0x00492F49, [0xEB, 0x23]),
			new(0x00492F71, [0x33, 0xC0]),
			new(0x004931E3, [0xEB, 0x4B]),
			new(0x0049326F, [0xEB, 0x1B]),
			new(0x0049329F, [0x90, 0x90]),
			new(0x00493399, [0xEB, 0x18]),
			new(0x004933FA, [0xEB, 0x1B]),
			new(0x00493438, [0x90, 0x90, 0x90, 0x90, 0x90, 0x90]),
			new(0x00494068, [0xEB, 0x1D]),
			new(0x004940A4, [0xEB, 0x46]),
			new(0x0049415B, [0xEB, 0x15]),
			new(0x00494181, [0x33, 0xC9]),
			new(0x0049456B, [0xEB, 0x0C]),
			new(0x00494587, [0xEB, 0x1B]),
			new(0x004945C2, [0x33, 0xC0, 0x90]),
			new(0x00494BCC, [0xEB, 0x0C]),
			new(0x00494BDC, [0xEB, 0x1D]),
			new(0x00494C0E, [0x90, 0x90, 0x90, 0x90, 0x90, 0x90]),
			new(0x00496F0A, [0xEB, 0x15]),
			new(0x00496F21, [0x33, 0xD2, 0x90]),
			new(0x00498479, [0xEB, 0x38]),
			new(0x00498579, [0xEB, 0x1A]),
			new(0x0049863E, [0x33, 0xC0, 0x90]),
			new(0x0049877B, [0xEB, 0x0C]),
			new(0x004987A9, [0xEB, 0x22]),
			new(0x004987DE, [0x90, 0x90]),
			new(0x004988D6, [0xEB, 0x0C]),
			new(0x0049891F, [0xEB, 0x2A]),
			new(0x00498958, [0x33, 0xF6, 0x90]),
			new(0x00498AB3, [0xEB, 0x1B]),
			new(0x00498ADF, [0x33, 0xC9]),
			new(0x004990C3, [0xEB, 0x1E]),
			new(0x0049913F, [0x33, 0xC0, 0x90]),
			new(0x004991BB, [0xEB, 0x17]),
			new(0x004991E6, [0x33, 0xFF, 0x90]),
			new(0x0049A31D, [0xEB, 0x1D]),
			new(0x0049A33F, [0x33, 0xC0, 0x90]),
			new(0x0049B5AB, [0xEB, 0x1C]),
			new(0x0049B5CC, [0x90, 0x90]),
			new(0x0049BF60, [0xEB, 0x17]),
			new(0x0049BFA9, [0x33, 0xC9, 0x90]),
			new(0x0049C501, [0xEB, 0x1C]),
			new(0x0049C51F, [0x33, 0xD2, 0x90]),
			new(0x0049C77F, [0xEB, 0x14]),
			new(0x0049C795, [0x33, 0xD2, 0x90]),
			new(0x0049CEEF, [0xEB, 0x0C]),
			new(0x0049D097, [0xEB, 0x16]),
			new(0x0049D0CF, [0xEB, 0x3C]),
			new(0x0049D183, [0xEB, 0x15]),
			new(0x0049D1BB, [0x33, 0xC9]),
			new(0x0049D711, [0xEB, 0x14]),
			new(0x0049D727, [0x33, 0xC0, 0x90]),
			new(0x0049DF54, [0xEB, 0x0C]),
			new(0x0049DF83, [0xEB, 0x16]),
			new(0x0049DFDA, [0x90, 0x90]),
			new(0x0049EC8D, [0xEB, 0x12]),
			new(0x0049ECB8, [0x33, 0xC0, 0x90]),
			new(0x0049F423, [0xEB, 0x0C]),
			new(0x0049F46A, [0xEB, 0x1A]),
			new(0x0049F486, [0x33, 0xD2, 0x90]),
			new(0x004B962A, [0xEB, 0x15]),
			new(0x004B9735, [0xEB, 0x27]),
			new(0x004B9780, [0xEB, 0x54]),
			new(0x004BDEAE, [0xEB, 0x19]),
			new(0x004BDEF2, [0xEB, 0x0C]),
			new(0x004BDF0E, [0x33, 0xC9, 0x90]),
			new(0x004BDFCE, [0xEB, 0x1E]),
			new(0x004BDFF1, [0xEB, 0x38]),
			new(0x004BE41D, [0xEB, 0x15]),
			new(0x004BE4B4, [0xEB, 0x20]),
			new(0x004BE561, [0x33, 0xF6, 0x90]),
			new(0x004BE8C8, [0xEB, 0x15]),
			new(0x004BE8E2, [0xEB, 0x23]),
			new(0x004BE907, [0x33, 0xFF, 0x90]),
			new(0x004C0734, [0xEB, 0x22]),
			new(0x004C0775, [0x33, 0xD2, 0x90]),
			new(0x004C0A5E, [0xEB, 0x1B]),
			new(0x004C0B99, [0x33, 0xC0, 0x90]),
			new(0x004C100A, [0xEB, 0x14]),
			new(0x004C103D, [0xEB, 0x1C]),
			new(0x004C105E, [0x33, 0xC0]),
			new(0x004C11F1, [0xEB, 0x15]),
			new(0x004C1251, [0xEB, 0x14]),
			new(0x004C126A, [0x33, 0xC0]),
			new(0x004C14B3, [0xEB, 0x21]),
			new(0x004C14E6, [0x33, 0xC0, 0x90]),
			new(0x004C2042, [0xEB, 0x1E]),
			new(0x004C2070, [0x33, 0xC0, 0x90]),
			new(0x004C22B8, [0xEB, 0x1C]),
			new(0x004C22D9, [0xEB, 0x4F]),
			new(0x004C2A2A, [0xEB, 0x0C]),
			new(0x004C2A75, [0xEB, 0x22]),
			new(0x004C2ABF, [0x90, 0x90]),
			new(0x004C2BB3, [0xEB, 0x3F]),
			new(0x004C2C2E, [0xEB, 0x20]),
			new(0x004C2C98, [0x33, 0xF6, 0x90]),
			new(0x004C2D82, [0xEB, 0x14]),
			new(0x004C2DCC, [0x33, 0xC0, 0x90]),
			new(0x004C2EA2, [0xEB, 0x46]),
			new(0x004C2FF7, [0xEB, 0x0C]),
			new(0x004C3033, [0xEB, 0x10]),
			new(0x004C3045, [0x33, 0xF6, 0x90]),
			new(0x004C3143, [0xEB, 0x0C]),
			new(0x004C315E, [0xEB, 0x14]),
			new(0x004C3190, [0x33, 0xD2, 0x90]),
			new(0x004C330F, [0xEB, 0x15]),
			new(0x004C335B, [0x33, 0xC9, 0x90]),
			new(0x004C33EE, [0xEB, 0x16]),
			new(0x004C3425, [0x33, 0xC0, 0x90]),
			new(0x004C35B2, [0xEB, 0x3C]),
			new(0x004C3625, [0xEB, 0x1D]),
			new(0x004C3686, [0x90, 0x90]),
			new(0x004C435F, [0xEB, 0x1A]),
			new(0x004C437B, [0x33, 0xF6, 0x90]),
			new(0x004C47DD, [0xEB, 0x48]),
			new(0x004C49E6, [0xEB, 0x1D]),
			new(0x004C4A3E, [0xEB, 0x15]),
			new(0x004C4A6F, [0x90, 0x90]),
			new(0x004C4B95, [0xEB, 0x0C]),
			new(0x004C4BCE, [0xEB, 0x14]),
			new(0x004C4BE4, [0x33, 0xF6, 0x90]),
			new(0x004C4E1D, [0xEB, 0x1B]),
			new(0x004C4E64, [0xEB, 0x34]),
			new(0x004C4F50, [0xEB, 0x20]),
			new(0x004C4FA8, [0xEB, 0x0C]),
			new(0x004C5111, [0x90, 0x90, 0x90, 0x90, 0x90, 0x90]),
			new(0x004C5814, [0xEB, 0x25]),
			new(0x004C585E, [0x33, 0xD2]),
			new(0x004C7AAE, [0xEB, 0x3A]),
			new(0x004C7B12, [0xEB, 0x0C]),
			new(0x004C7C5D, [0xEB, 0x17]),
			new(0x004C7C96, [0x33, 0xC0, 0x90]),
			new(0x004C7E57, [0xEB, 0x1D]),
			new(0x004C7E87, [0xEB, 0x2B]),
			new(0x004C972D, [0xEB, 0x1C]),
			new(0x004C9766, [0x33, 0xC0, 0x90]),
			new(0x004C9BB7, [0xEB, 0x20]),
			new(0x004C9D03, [0xEB, 0x48]),
			new(0x004C9E57, [0xEB, 0x15]),
			new(0x004C9EAE, [0xEB, 0x1E]),
			new(0x004C9ECE, [0x33, 0xD2, 0x90]),
			new(0x004C9F8B, [0xEB, 0x15]),
			new(0x004C9FCB, [0xEB, 0x1B]),
			new(0x004CA00A, [0x33, 0xC9, 0x90]),
			new(0x004CA405, [0xEB, 0x0C]),
			new(0x004CA492, [0xEB, 0x17]),
			new(0x004CA4AB, [0x33, 0xDB, 0x90]),
			new(0x004CACDA, [0xEB, 0x14]),
			new(0x004CAD2B, [0xEB, 0x16]),
			new(0x004CADBB, [0xEB, 0x2D]),
			new(0x004CB004, [0xEB, 0x15]),
			new(0x004CB030, [0xEB, 0x1E]),
			new(0x004CB07A, [0x33, 0xC9]),
			new(0x004CC51B, [0xEB, 0x15]),
			new(0x004CC558, [0xEB, 0x24]),
			new(0x004CC59C, [0x33, 0xC0, 0x90]),
			new(0x004CC9D2, [0xEB, 0x14]),
			new(0x004CCA23, [0xEB, 0x31]),
			new(0x004CCAB4, [0xEB, 0x55]),
			new(0x004CCB41, [0xEB, 0x15]),
			new(0x004CCB78, [0xEB, 0x1F]),
			new(0x004CCBB7, [0x33, 0xC9, 0x90]),
			new(0x004CDF74, [0xEB, 0x25]),
			new(0x004CDF9E, [0x90, 0x90]),
			new(0x004CE731, [0x90, 0x90]),
			new(0x004CE775, [0x33, 0xC9, 0x90]),
			new(0x004CEA4D, [0xEB, 0x15]),
			new(0x004CEAC3, [0xEB, 0x02]),
			new(0x004CEAFF, [0x33, 0xC0, 0x90]),
			new(0x004D42B4, [0xEB, 0x15]),
			new(0x004D4308, [0x90, 0x90]),
			new(0x004D436D, [0x33, 0xC0, 0x90]),
			new(0x004E22FB, [0xEB, 0x22]),
			new(0x004E2342, [0x90, 0x90]),
			new(0x004E60D6, [0xEB, 0x02]),
			new(0x004E611C, [0xEB, 0x2F]),
			new(0x004E6D84, [0x90, 0x90]),
			new(0x004E6DB0, [0x33, 0xC9, 0x90]),
			new(0x004EE52E, [0xEB, 0x02]),
			new(0x004EE59E, [0x33, 0xC9, 0x90]),
			new(0x004EE7E7, [0xEB, 0x02]),
			new(0x004EF336, [0x33, 0xD2, 0x90]),
			new(0x004EFECA, [0x90, 0x90]),
			new(0x004F08A2, [0x90, 0x90]),
			new(0x0050266B, [0xEB, 0x15]),
			new(0x005026BB, [0xEB, 0x02]),
			new(0x005028B3, [0xEB, 0x31]),
			new(0x00502A60, [0xEB, 0x02]),
			new(0x00502B6D, [0x33, 0xC9, 0x90]),
			new(0x00502C40, [0x90, 0x90]),
			new(0x00502CA3, [0x33, 0xD2, 0x90]),
			new(0x00503265, [0x90, 0x90]),
			new(0x005032AE, [0x33, 0xC0, 0x90]),
			new(0x00505B1D, [0xEB, 0x1F]),
			new(0x00505B4F, [0xEB, 0x3E]),
			new(0x00505C1D, [0xEB, 0x15]),
			new(0x00505C57, [0x90, 0x90]),
			new(0x005060BC, [0xEB, 0x1D]),
			new(0x005060F6, [0x33, 0xD2]),
			new(0x00506F36, [0xEB, 0x15]),
			new(0x00506F55, [0xEB, 0x1F]),
			new(0x00506F97, [0xEB, 0x37]),
			new(0x00508251, [0xEB, 0x21]),
			new(0x00508295, [0xEB, 0x3B]),
			new(0x005083D3, [0xEB, 0x1E]),
			new(0x0050843A, [0x33, 0xC9, 0x90]),
			new(0x0050B399, [0xEB, 0x1B]),
			new(0x0050B405, [0xEB, 0x0C]),
			new(0x0050B419, [0x33, 0xDB, 0x90]),
			new(0x0050CD68, [0xEB, 0x1C]),
			new(0x0050CDA4, [0x33, 0xC9, 0x90]),
			new(0x00511280, [0xEB, 0x1B]),
			new(0x005112AD, [0x33, 0xC0, 0x90]),
			new(0x0051A6A8, [0xEB, 0x1E]),
			new(0x0051A6D8, [0x33, 0xC9, 0x90]),
			new(0x0051E253, [0xEB, 0x21]),
			new(0x0051E29D, [0x33, 0xC9, 0x90]),
			new(0x0051E35E, [0xEB, 0x16]),
			new(0x0051E39B, [0x33, 0xC9, 0x90]),
			new(0x0051E51F, [0xEB, 0x17]),
			new(0x0051E573, [0x33, 0xD2, 0x90]),
			new(0x00520199, [0xEB, 0x4D]),
			new(0x0052022B, [0xEB, 0x24]),
			new(0x00520254, [0x90, 0x90, 0x90, 0x90, 0x90, 0x90]),
			new(0x00520E08, [0xEB, 0x15]),
			new(0x00520E72, [0xEB, 0x22]),
			new(0x00520ECA, [0x33, 0xC9, 0x90]),
			new(0x00522B51, [0xEB, 0x48]),
			new(0x00522BD5, [0xEB, 0x1D]),
			new(0x00522C07, [0x90, 0x90, 0x90, 0x90, 0x90, 0x90]),
			new(0x005230C5, [0xEB, 0x22]),
			new(0x00523118, [0x33, 0xDB, 0x90]),
			new(0x00529032, [0xEB, 0x3D]),
			new(0x00529141, [0xEB, 0x22]),
			new(0x00529233, [0x33, 0xD2]),
			new(0x005292EA, [0xEB, 0x18]),
			new(0x00529314, [0x33, 0xC0, 0x90]),
			new(0x005376F8, [0xEB, 0x1C]),
			new(0x00537930, [0x33, 0xD2]),
			new(0x00538F81, [0xEB, 0x19]),
			new(0x00538F9C, [0x33, 0xDB, 0x90]),
			new(0x0053D1AD, [0xEB, 0x1E]),
			new(0x0053D1E0, [0x90, 0x90, 0x90, 0x90, 0x90, 0x90]),
			new(0x0053D362, [0xEB, 0x15]),
			new(0x0053D3CB, [0x33, 0xD2, 0x90]),
			new(0x0053D546, [0xEB, 0x1C]),
			new(0x0053D5A8, [0x33, 0xC9, 0x90]),
			new(0x0054094D, [0xEB, 0x1C]),
			new(0x0054097C, [0xEB, 0x44]),
			new(0x00542E2D, [0xEB, 0x1D]),
			new(0x00542EFA, [0x90, 0x90, 0x90, 0x90, 0x90, 0x90]),
			new(0x0054ADC7, [0xEB, 0x21]),
			new(0x0054AE42, [0x33, 0xC9]),
			new(0x0054F6E9, [0xEB, 0x1C]),
			new(0x0054F727, [0x33, 0xD2, 0x90]),
			new(0x00552A79, [0xEB, 0x16]),
			new(0x00552A94, [0x33, 0xC0, 0x90]),
			new(0x005537B4, [0xEB, 0x21]),
			new(0x00553CCD, [0xEB, 0x14]),
			new(0x00554897, [0x33, 0xFF, 0x90]),
			new(0x00555D7E, [0xEB, 0x1E]),
			new(0x00555DDE, [0x33, 0xD2, 0x90]),
			new(0x0055BDB8, [0xEB, 0x24]),
			new(0x0055BE20, [0xEB, 0x30]),
			new(0x0055BEDB, [0xEB, 0x1C]),
			new(0x0055BF21, [0xEB, 0x14]),
			new(0x0055BF3A, [0x33, 0xC0]),
			new(0x0055CE42, [0xEB, 0x22]),
			new(0x0055CE66, [0x33, 0xF6, 0x90]),
			new(0x0055CF2B, [0xEB, 0x0C]),
			new(0x0055CF49, [0xEB, 0x1E]),
			new(0x0055CF87, [0x33, 0xC9, 0x90]),
			new(0x0055D01F, [0xEB, 0x3C]),
			new(0x0055D0A3, [0xEB, 0x0C]),
			new(0x0055D0D0, [0xEB, 0x1E]),
			new(0x0055D0F3, [0x33, 0xD2]),
			new(0x00560803, [0xEB, 0x1C]),
			new(0x00560886, [0xEB, 0x14]),
			new(0x0056089C, [0x33, 0xDB, 0x90]),
			new(0x005625A4, [0xEB, 0x25]),
			new(0x005625E9, [0x33, 0xC9, 0x90]),
			new(0x00562B48, [0xEB, 0x1A]),
			new(0x00562B67, [0xEB, 0x45]),
			new(0x00562D08, [0xEB, 0x1A]),
			new(0x00562D53, [0xEB, 0x34]),
			new(0x00562DE6, [0xEB, 0x55]),
			new(0x00562EAD, [0xEB, 0x19]),
			new(0x00562F24, [0x33, 0xD2, 0x90]),
			new(0x005643D4, [0xEB, 0x34]),
			new(0x0056445D, [0xEB, 0x17]),
			new(0x00564484, [0x33, 0xC9, 0x90]),
			new(0x0056530D, [0xEB, 0x19]),
			new(0x00565328, [0x33, 0xF6, 0x90]),
			new(0x00565F7D, [0xEB, 0x17]),
			new(0x00566003, [0xEB, 0x15]),
			new(0x00566038, [0x33, 0xC9, 0x90]),
			new(0x00566756, [0xEB, 0x1C]),
			new(0x0056678A, [0x90, 0x90]),
			new(0x005673EF, [0xEB, 0x1B]),
			new(0x0056741A, [0x33, 0xC9, 0x90]),
			new(0x00567679, [0xEB, 0x15]),
			new(0x005676B3, [0xEB, 0x1B]),
			new(0x005676D3, [0x33, 0xC0, 0x90]),
			new(0x00568766, [0xEB, 0x0C]),
			new(0x005688A7, [0xEB, 0x26]),
			new(0x00568929, [0x33, 0xC0]),
			new(0x0056DDC0, [0xEB, 0x20]),
			new(0x0056DDF3, [0x33, 0xD2]),
			new(0x0056E5B2, [0xEB, 0x22]),
			new(0x0056E896, [0x33, 0xD2, 0x90]),
			new(0x0056F9FE, [0xEB, 0x1E]),
			new(0x0056FCE2, [0x33, 0xC9, 0x90]),
			new(0x00574B6B, [0xEB, 0x18]),
			new(0x00574B94, [0x33, 0xC9]),
			new(0x0057503C, [0xEB, 0x1D]),
			new(0x0057506E, [0x90, 0x90]),
			new(0x0057514F, [0xEB, 0x0C]),
			new(0x00575177, [0xEB, 0x1A]),
			new(0x005751A6, [0x90, 0x90]),
			new(0x00575B5A, [0xEB, 0x1B]),
			new(0x00575BEC, [0x90, 0x90]),
			new(0x00575E76, [0xEB, 0x20]),
			new(0x00575EB6, [0x33, 0xD2, 0x90]),
			new(0x00575FBC, [0xEB, 0x17]),
			new(0x00575FE7, [0x33, 0xD2]),
			new(0x00576065, [0xEB, 0x14]),
			new(0x005760A1, [0xEB, 0x16]),
			new(0x005760C7, [0x33, 0xF6, 0x90]),
			new(0x005761B6, [0xEB, 0x21]),
			new(0x005761EC, [0xEB, 0x36]),
			new(0x00579829, [0xEB, 0x18]),
			new(0x00579854, [0x33, 0xD2, 0x90]),
			new(0x00579A52, [0xEB, 0x1A]),
			new(0x00579A7E, [0x33, 0xC9, 0x90]),
			new(0x0057B78F, [0xEB, 0x3B]),
			new(0x0057B874, [0xEB, 0x20]),
			new(0x0057B8ED, [0x33, 0xC0]),
			new(0x0057B97E, [0xEB, 0x0C]),
			new(0x0057B994, [0xEB, 0x25]),
			new(0x0057B9E9, [0x90, 0x90]),
			new(0x0057BA7D, [0xEB, 0x1A]),
			new(0x0057BA99, [0x33, 0xD2, 0x90]),
			new(0x0057BB57, [0xEB, 0x20]),
			new(0x0057BBAE, [0x90, 0x90, 0x90, 0x90, 0x90, 0x90]),
			new(0x0057BD03, [0xEB, 0x11]),
			new(0x0057BD22, [0x33, 0xD2, 0x90]),
			new(0x0057CEBD, [0xEB, 0x0C]),
			new(0x0057CEED, [0xEB, 0x1A]),
			new(0x0057CF2A, [0x33, 0xC0, 0x90]),
			new(0x0057EEA3, [0xEB, 0x1A]),
			new(0x0057EFEA, [0x33, 0xC9, 0x90]),
			new(0x00580500, [0xEB, 0x0C]),
			new(0x0058051B, [0xEB, 0x17]),
			new(0x00580572, [0x90, 0x90, 0x90, 0x90, 0x90, 0x90]),
			new(0x00580CA7, [0xEB, 0x20]),
			new(0x00580CD9, [0x33, 0xC9, 0x90]),
			new(0x00580DCF, [0xEB, 0x1B]),
			new(0x00580E2A, [0x90, 0x90]),
			new(0x00580FEB, [0xEB, 0x17]),
			new(0x00581004, [0x33, 0xFF, 0x90]),
			new(0x00581152, [0xEB, 0x15]),
			new(0x005812B9, [0xEB, 0x1B]),
			new(0x005812EC, [0x33, 0xC9]),
			new(0x005836FE, [0xEB, 0x23]),
			new(0x00583743, [0x33, 0xC0, 0x90]),
			new(0x0058525F, [0xEB, 0x19]),
			new(0x005852D0, [0xEB, 0x0F]),
			new(0x005852E4, [0x33, 0xC0]),
			new(0x0058609B, [0xEB, 0x15]),
			new(0x005860B2, [0x33, 0xC0, 0x90]),
			new(0x00586252, [0xEB, 0x48]),
			new(0x0058636A, [0xEB, 0x1A]),
			new(0x0058642C, [0x90, 0x90, 0x90, 0x90, 0x90, 0x90]),
			new(0x00586598, [0xEB, 0x16]),
			new(0x005865E5, [0xEB, 0x39]),
			new(0x0058669D, [0xEB, 0x17]),
			new(0x005866C3, [0x33, 0xD2, 0x90]),
			new(0x00586942, [0xEB, 0x1E]),
			new(0x00586965, [0xEB, 0x34]),
			new(0x00586A4A, [0xEB, 0x17]),
			new(0x00586E52, [0xEB, 0x33]),
			new(0x00588459, [0xEB, 0x19]),
			new(0x005884AC, [0x33, 0xF6, 0x90]),
			new(0x00588525, [0x33, 0xC0, 0x90]),
			new(0x00588869, [0x33, 0xC0, 0x90]),
			new(0x00588AFE, [0x33, 0xD2, 0x90]),
			new(0x00588B95, [0x33, 0xF6, 0x90]),
			new(0x0058A6A5, [0xEB, 0x1D]),
			new(0x0058A6FC, [0x90, 0x90]),
			new(0x0058AB98, [0xEB, 0x0C]),
			new(0x0058AD29, [0xEB, 0x1D]),
			new(0x0058AD5B, [0x33, 0xC9, 0x90]),
			new(0x0058B234, [0xEB, 0x10]),
			new(0x0058B271, [0xEB, 0x37]),
			new(0x0058BA1C, [0xEB, 0x0C]),
			new(0x0058BA32, [0xEB, 0x1C]),
			new(0x0058BA50, [0x33, 0xC0, 0x90]),
			new(0x0058BC77, [0xEB, 0x24]),
			new(0x0058BCB3, [0x90, 0x90, 0x90, 0x90, 0x90, 0x90]),
			new(0x0058C2EE, [0xEB, 0x16]),
			new(0x0058C323, [0x33, 0xC0, 0x90]),
			new(0x0058C46E, [0xEB, 0x18]),
			new(0x0058C488, [0x33, 0xC9, 0x90]),
			new(0x0058C75B, [0xEB, 0x21]),
			new(0x0058C78C, [0x33, 0xC9, 0x90]),
			new(0x0058C838, [0xEB, 0x22]),
			new(0x0058C88E, [0xEB, 0x14]),
			new(0x0058C8BC, [0x33, 0xC9, 0x90]),
			new(0x0058C958, [0xEB, 0x20]),
			new(0x0058C9E9, [0x33, 0xD2, 0x90]),
			new(0x0058EC72, [0xEB, 0x1F]),
			new(0x0058ECD6, [0xEB, 0x0C]),
			new(0x0058EDD2, [0x33, 0xC0, 0x90]),
			new(0x00590023, [0xEB, 0x37]),
			new(0x005900B5, [0xEB, 0x14]),
			new(0x005900CE, [0xEB, 0x1C]),
			new(0x0059011B, [0x33, 0xC9, 0x90]),
			new(0x005908AE, [0xEB, 0x15]),
			new(0x00590907, [0xEB, 0x22]),
			new(0x00590936, [0x33, 0xC9]),
			new(0x00590C53, [0xEB, 0x16]),
			new(0x00590C87, [0x33, 0xC0, 0x90]),
			new(0x005925A4, [0xEB, 0x3E]),
			new(0x0059260C, [0xEB, 0x0C]),
			new(0x00592661, [0xEB, 0x21]),
			new(0x00592711, [0x33, 0xC9, 0x90]),
			new(0x0059533B, [0xEB, 0x21]),
			new(0x0059536F, [0x33, 0xC9]),
			new(0x00595428, [0xEB, 0x1B]),
			new(0x00595455, [0x33, 0xC9, 0x90]),
			new(0x005955C8, [0xEB, 0x0C]),
			new(0x0059565F, [0xEB, 0x21]),
			new(0x00595682, [0x33, 0xC0, 0x90]),
			new(0x00595A5D, [0xEB, 0x1B]),
			new(0x00595A8D, [0x90, 0x90]),
			new(0x00595BF6, [0xEB, 0x1E]),
			new(0x00595C27, [0xEB, 0x41]),
			new(0x00596B1F, [0xEB, 0x51]),
			new(0x00596BAF, [0xEB, 0x19]),
			new(0x00596BEA, [0x33, 0xC0, 0x90]),
			new(0x00596DB4, [0x33, 0xC0, 0x90]),
			new(0x00596EE7, [0xEB, 0x1E]),
			new(0x00596F07, [0x33, 0xC9, 0x90]),
			new(0x00596FC1, [0xEB, 0x19]),
			new(0x00596FEC, [0x33, 0xC9, 0x90]),
			new(0x00597113, [0xEB, 0x14]),
			new(0x0059713A, [0x33, 0xD2]),
			new(0x00597D43, [0xEB, 0x40]),
			new(0x00597DCF, [0xEB, 0x0F]),
			new(0x00597DEF, [0x33, 0xD2]),
			new(0x00597E7A, [0xEB, 0x15]),
			new(0x00597F8E, [0xEB, 0x48]),
			new(0x00599EDF, [0xEB, 0x1B]),
			new(0x00599F0C, [0x33, 0xC0, 0x90]),
			new(0x0059A393, [0xEB, 0x19]),
			new(0x0059A408, [0x33, 0xC9, 0x90]),
			new(0x0059B4E5, [0xEB, 0x14]),
			new(0x0059B507, [0xEB, 0x1B]),
			new(0x0059B524, [0x33, 0xDB, 0x90]),
			new(0x0059FA48, [0xEB, 0x1A]),
			new(0x0059FA83, [0x33, 0xC9, 0x90]),
			new(0x0059FBF3, [0xEB, 0x15]),
			new(0x0059FC15, [0xEB, 0x19]),
			new(0x0059FC33, [0xEB, 0x45]),
			new(0x0059FED0, [0xEB, 0x19]),
			new(0x0059FEFC, [0xEB, 0x4C]),
			new(0x0059FFBB, [0xEB, 0x4F]),
			new(0x005A0049, [0xEB, 0x1A]),
			new(0x005A0074, [0x33, 0xC0]),
			new(0x005A1568, [0xEB, 0x1C]),
			new(0x005A1596, [0x33, 0xD2, 0x90]),
			new(0x005A211F, [0xEB, 0x1B]),
			new(0x005A213C, [0x33, 0xC0, 0x90]),
			new(0x005A21E8, [0xEB, 0x15]),
			new(0x005A222A, [0xEB, 0x18]),
			new(0x005A2254, [0x33, 0xD2, 0x90]),
			new(0x005A25B2, [0xEB, 0x19]),
			new(0x005A25DD, [0x33, 0xC9, 0x90]),
			new(0x005A7D76, [0xEB, 0x19]),
			new(0x005A7DAF, [0x33, 0xC0, 0x90]),
			new(0x005ADF65, [0xEB, 0x15]),
			new(0x005ADF86, [0xEB, 0x22]),
			new(0x005AE11E, [0x90, 0x90]),
			new(0x005B16F5, [0xEB, 0x21]),
			new(0x005B174F, [0xEB, 0x0C]),
			new(0x005B17AF, [0x33, 0xD2, 0x90]),
			new(0x005B199A, [0xEB, 0x15]),
			new(0x005B19B8, [0xEB, 0x1A]),
			new(0x005B19F8, [0x33, 0xD2, 0x90]),
			new(0x005B1B1B, [0xEB, 0x1E]),
			new(0x005B1B5B, [0x33, 0xC0]),
			new(0x005B1C56, [0xEB, 0x17]),
			new(0x005B1CC4, [0xEB, 0x0C]),
			new(0x005B1CD9, [0x33, 0xC9, 0x90]),
			new(0x005B2510, [0xEB, 0x3B]),
			new(0x005B257A, [0xEB, 0x1D]),
			new(0x005B2633, [0xEB, 0x0C]),
			new(0x005B265C, [0xEB, 0x5A]),
			new(0x005B3EFE, [0xEB, 0x22]),
			new(0x005B3F43, [0xEB, 0x48]),
			new(0x005B76A3, [0xEB, 0x15]),
			new(0x005B770D, [0xEB, 0x1B]),
			new(0x005B777A, [0x90, 0x90, 0x90, 0x90, 0x90, 0x90]),
			new(0x005B80AC, [0xEB, 0x19]),
			new(0x005B80D8, [0x33, 0xD2]),
			new(0x005B94E5, [0xEB, 0x27]),
			new(0x005B952C, [0x33, 0xC9, 0x90]),
			new(0x005B95BA, [0xEB, 0x1C]),
			new(0x005B95F6, [0x33, 0xC9]),
			new(0x005B96AD, [0xEB, 0x17]),
			new(0x005B96E9, [0x33, 0xC0, 0x90]),
			new(0x005BB4B5, [0xEB, 0x0C]),
			new(0x005BB4F6, [0xEB, 0x1E]),
			new(0x005BB537, [0xEB, 0x35]),
			new(0x005BB5FC, [0xEB, 0x1B]),
			new(0x005BB651, [0x33, 0xC9]),
			new(0x005BB6F5, [0xEB, 0x16]),
			new(0x005BB72E, [0x90, 0x90]),
			new(0x005BB808, [0xEB, 0x1F]),
			new(0x005BB829, [0x33, 0xD2, 0x90]),
			new(0x005BB965, [0xEB, 0x1C]),
			new(0x005BB983, [0x33, 0xD2, 0x90]),
			new(0x005BBA40, [0xEB, 0x24]),
			new(0x005BBA79, [0x90, 0x90]),
			new(0x005BBB45, [0xEB, 0x1F]),
			new(0x005BBBA2, [0x33, 0xFF, 0x90]),
			new(0x005BBC6F, [0xEB, 0x16]),
			new(0x005BBC98, [0x90, 0x90]),
			new(0x005BBEBF, [0xEB, 0x0C]),
			new(0x005BBF0D, [0xEB, 0x1A]),
			new(0x005BBF29, [0x33, 0xD2, 0x90]),
			new(0x005BC025, [0xEB, 0x21]),
			new(0x005BC07C, [0xEB, 0x0C]),
			new(0x005BC0B8, [0x33, 0xFF, 0x90]),
			new(0x005BC177, [0xEB, 0x1D]),
			new(0x005BC1B4, [0x33, 0xC9, 0x90]),
			new(0x005BC30B, [0xEB, 0x1A]),
			new(0x005BC352, [0x33, 0xFF, 0x90]),
			new(0x005BC568, [0xEB, 0x19]),
			new(0x005BC594, [0x90, 0x90]),
			new(0x005BC675, [0xEB, 0x1D]),
			new(0x005BC6A5, [0xEB, 0x3E]),
			new(0x005BC7BF, [0xEB, 0x0C]),
			new(0x005BC81A, [0xEB, 0x22]),
			new(0x005BC844, [0x90, 0x90]),
			new(0x005BC8D4, [0xEB, 0x0C]),
			new(0x005BC939, [0xEB, 0x1B]),
			new(0x005BC9B8, [0x33, 0xC9, 0x90]),
			new(0x005BCC99, [0xEB, 0x1B]),
			new(0x005BCD3F, [0x33, 0xD2]),
			new(0x005BD91C, [0xEB, 0x24]),
			new(0x005BD96B, [0x33, 0xC0, 0x90]),
			new(0x005BDADC, [0xEB, 0x1C]),
			new(0x005BDB1C, [0xEB, 0x38]),
			new(0x005BF3BA, [0xEB, 0x0C]),
			new(0x005BF3D2, [0xEB, 0x14]),
			new(0x005BF475, [0x33, 0xC9, 0x90]),
			new(0x005BF804, [0xEB, 0x3C]),
			new(0x005BF86A, [0xEB, 0x15]),
			new(0x005BF8C4, [0xEB, 0x1C]),
			new(0x005BF8F1, [0x33, 0xC0]),
			new(0x005C41E3, [0xEB, 0x1C]),
			new(0x005C4204, [0x33, 0xC0]),
			new(0x005C5CB3, [0xEB, 0x16]),
			new(0x005C5CFB, [0x33, 0xC9, 0x90]),
			new(0x005C71FF, [0xEB, 0x14]),
			new(0x005C7228, [0x33, 0xC9, 0x90]),
			new(0x005C7484, [0xEB, 0x20]),
			new(0x005C74B4, [0x33, 0xC0, 0x90]),
			new(0x005C758D, [0xEB, 0x15]),
			new(0x005C75B3, [0x33, 0xC9]),
			new(0x005C7805, [0xEB, 0x24]),
			new(0x005C7849, [0x33, 0xC9, 0x90]),
			new(0x005C805B, [0xEB, 0x1C]),
			new(0x005C8088, [0x33, 0xC9]),
			new(0x005CA061, [0xEB, 0x19]),
			new(0x005CA08D, [0x33, 0xC0]),
			new(0x005CD063, [0xEB, 0x17]),
			new(0x005CD08D, [0x33, 0xC0]),
			new(0x005CD17B, [0xEB, 0x3A]),
			new(0x005CD200, [0xEB, 0x14]),
			new(0x005CD24E, [0x33, 0xD2, 0x90]),
			new(0x005D3C64, [0xEB, 0x3D]),
			new(0x005D3CD2, [0xEB, 0x22]),
			new(0x005D3D04, [0x33, 0xD2, 0x90]),
			new(0x005D4AE0, [0xEB, 0x0C]),
			new(0x005D4B07, [0xEB, 0x1D]),
			new(0x005D4B3B, [0x33, 0xF6, 0x90]),
			new(0x005D611F, [0xEB, 0x1F]),
			new(0x005D6168, [0x33, 0xC9, 0x90]),
			new(0x005DAEE2, [0xEB, 0x19]),
			new(0x005DAF1A, [0xEB, 0x3D]),
			new(0x005DB162, [0xEB, 0x3D]),
			new(0x005DB20F, [0xEB, 0x14]),
			new(0x005DB25D, [0xEB, 0x16]),
			new(0x005DB2CA, [0x33, 0xC9, 0x90]),
			new(0x005DD0CA, [0xEB, 0x3E]),
			new(0x005DD13A, [0xEB, 0x1E]),
			new(0x005DD16A, [0x33, 0xC0, 0x90]),
			new(0x005E561E, [0xEB, 0x3C]),
			new(0x005E568C, [0xEB, 0x16]),
			new(0x005E56B2, [0x33, 0xC0, 0x90]),
			new(0x005E7328, [0xEB, 0x1F]),
			new(0x005E7369, [0xEB, 0x37]),
			new(0x005E7580, [0xEB, 0x14]),
			new(0x005E75C0, [0xEB, 0x15]),
			new(0x005E75E7, [0x33, 0xC0, 0x90]),
			new(0x005E7D64, [0xEB, 0x34]),
			new(0x005E7DB7, [0xEB, 0x1F]),
			new(0x005E7DF2, [0x90, 0x90, 0x90, 0x90, 0x90, 0x90]),
			new(0x005E7EC8, [0x90, 0x90]),
			new(0x005E8AC7, [0xEB, 0x16]),
			new(0x005E8C88, [0x33, 0xFF, 0x90]),
			new(0x005E9C23, [0xEB, 0x0C]),
			new(0x005E9C62, [0xEB, 0x16]),
			new(0x005E9C9B, [0xEB, 0x3F]),
			new(0x005E9F52, [0xEB, 0x21]),
			new(0x005EA043, [0x90, 0x90]),
			new(0x005EABA5, [0xEB, 0x1D]),
			new(0x005EABC7, [0x90, 0x90, 0x90, 0x90, 0x90, 0x90]),
			new(0x005ED238, [0xEB, 0x20]),
			new(0x005ED293, [0x33, 0xD2, 0x90]),
			new(0x005ED5AE, [0xEB, 0x46]),
			new(0x005ED646, [0xEB, 0x0F]),
			new(0x005ED65A, [0xEB, 0x15]),
			new(0x005ED6A0, [0xEB, 0x37]),
			new(0x005EDEC9, [0xEB, 0x1E]),
			new(0x005EDF1B, [0x33, 0xC9, 0x90]),
			new(0x005EDFE7, [0xEB, 0x22]),
			new(0x005EE00E, [0x90, 0x90]),
			new(0x005EE0E7, [0xEB, 0x1C]),
			new(0x005EE13E, [0xEB, 0x0C]),
			new(0x005EE14C, [0x33, 0xF6, 0x90]),
			new(0x005EEE4E, [0xEB, 0x14]),
			new(0x005EEE8D, [0xEB, 0x15]),
			new(0x005EEEBF, [0x33, 0xC9, 0x90]),
			new(0x005EEF77, [0xEB, 0x1C]),
			new(0x005EEFA3, [0x33, 0xC9, 0x90]),
			new(0x005EF078, [0xEB, 0x1C]),
			new(0x005EF0D1, [0x33, 0xC9, 0x90]),
			new(0x005EF165, [0xEB, 0x14]),
			new(0x005EF196, [0xEB, 0x26]),
			new(0x005EF1CD, [0x33, 0xD2]),
			new(0x005EF278, [0xEB, 0x1F]),
			new(0x005EF2DD, [0x33, 0xD2, 0x90]),
			new(0x005EF36E, [0xEB, 0x38]),
			new(0x005EF71B, [0xEB, 0x19]),
			new(0x005EF9C6, [0x33, 0xC0, 0x90]),
			new(0x005F02A8, [0xEB, 0x38]),
			new(0x005F0302, [0xEB, 0x1E]),
			new(0x005F034E, [0x33, 0xD2, 0x90]),
			new(0x005F064E, [0xEB, 0x14]),
			new(0x005F0684, [0x33, 0xC0]),
			new(0x005F1D94, [0xEB, 0x1E]),
			new(0x005F1DD0, [0x33, 0xC0, 0x90]),
			new(0x005F1E84, [0xEB, 0x1E]),
			new(0x005F1EB2, [0x33, 0xD2, 0x90]),
			new(0x005F324B, [0xEB, 0x3C]),
			new(0x005F32A9, [0xEB, 0x19]),
			new(0x005F32E1, [0x90, 0x90, 0x90, 0x90, 0x90, 0x90]),
			new(0x005F6966, [0xEB, 0x1C]),
			new(0x005F69D7, [0x33, 0xD2, 0x90]),
			new(0x005FA96C, [0xEB, 0x16]),
			new(0x005FA9AE, [0x33, 0xC0]),
			new(0x005FE6F9, [0xEB, 0x36]),
			new(0x005FE762, [0xEB, 0x1B]),
			new(0x005FE77F, [0x33, 0xC0, 0x90]),
			new(0x005FEA37, [0xEB, 0x21]),
			new(0x005FEAEC, [0x33, 0xC0, 0x90]),
			new(0x0061044A, [0xEB, 0x0C]),
			new(0x0061047E, [0xEB, 0x16]),
			new(0x006104B2, [0x33, 0xC9, 0x90]),
			new(0x0061220E, [0xEB, 0x1E]),
			new(0x00612241, [0xEB, 0x34]),
			new(0x00612353, [0xEB, 0x1B]),
			new(0x00612380, [0x33, 0xC0, 0x90]),
			new(0x0061246D, [0xEB, 0x27]),
			new(0x00612619, [0xEB, 0x40]),
			new(0x0061282F, [0xEB, 0x16]),
			new(0x00612900, [0x33, 0xF6, 0x90]),
			new(0x006129A1, [0xEB, 0x0C]),
			new(0x006129CD, [0xEB, 0x15]),
			new(0x006129F2, [0x33, 0xC9, 0x90]),
			new(0x00613892, [0xEB, 0x22]),
			new(0x006138F5, [0xEB, 0x15]),
			new(0x00613913, [0x33, 0xC9, 0x90]),
			new(0x00614E9B, [0xEB, 0x15]),
			new(0x00614EB5, [0xEB, 0x21]),
			new(0x00614EF9, [0x90, 0x90]),
			new(0x00614F98, [0xEB, 0x15]),
			new(0x00614FDC, [0x33, 0xC9, 0x90]),
			new(0x006150FC, [0xEB, 0x0C]),
			new(0x0061513C, [0xEB, 0x11]),
			new(0x0061515F, [0x33, 0xC9, 0x90]),
			new(0x006153EA, [0xEB, 0x44]),
			new(0x00615466, [0xEB, 0x14]),
			new(0x0061550D, [0xEB, 0x1F]),
			new(0x0061552E, [0x33, 0xFF, 0x90]),
			new(0x00615615, [0xEB, 0x1B]),
			new(0x00615650, [0x33, 0xC9, 0x90]),
			new(0x00617193, [0xEB, 0x14]),
			new(0x006171C9, [0xEB, 0x1B]),
			new(0x00617204, [0x33, 0xC9, 0x90]),
			new(0x0061735E, [0xEB, 0x19]),
			new(0x006173A3, [0xEB, 0x14]),
			new(0x006173D3, [0x33, 0xD2, 0x90]),
			new(0x00618F26, [0xEB, 0x23]),
			new(0x00618F69, [0x33, 0xC9, 0x90]),
			new(0x006197D5, [0xEB, 0x1E]),
			new(0x00619826, [0xEB, 0x33]),
			new(0x006198D6, [0xEB, 0x0C]),
			new(0x006198E7, [0xEB, 0x1D]),
			new(0x00619917, [0x90, 0x90]),
			new(0x0061A2AC, [0xEB, 0x21]),
			new(0x0061A2D2, [0x33, 0xD2]),
			new(0x0061C37F, [0xEB, 0x16]),
			new(0x0061C3C7, [0x33, 0xC9, 0x90]),
			new(0x0061C5AB, [0xEB, 0x1D]),
			new(0x0061C5EC, [0xEB, 0x36]),
			new(0x0061C69A, [0xEB, 0x1F]),
			new(0x0061C6D8, [0x33, 0xD2]),
			new(0x00625D12, [0xEB, 0x15]),
			new(0x00625D44, [0x33, 0xC9, 0x90]),
			new(0x00627484, [0xEB, 0x3B]),
			new(0x0062755C, [0xEB, 0x13]),
			new(0x006275B0, [0xEB, 0x34]),
			new(0x00627A9B, [0xEB, 0x1B]),
			new(0x00627ABB, [0x90, 0x90]),
			new(0x0062CC4A, [0xEB, 0x20]),
			new(0x0062CCA3, [0xEB, 0x15]),
			new(0x0062CCC8, [0x33, 0xC0, 0x90]),
			new(0x0062D07B, [0xEB, 0x0C]),
			new(0x0062D08C, [0xEB, 0x1B]),
			new(0x0062D150, [0xEB, 0x71]),
			new(0x00630A32, [0xEB, 0x22]),
			new(0x00630A73, [0x33, 0xF6, 0x90]),
			new(0x00634E99, [0xEB, 0x1F]),
			new(0x00634ECD, [0x33, 0xC9, 0x90]),
			new(0x00636FBB, [0xEB, 0x0C]),
			new(0x00636FDF, [0xEB, 0x0F]),
			new(0x00636FFE, [0x33, 0xC9, 0x90]),
			new(0x0063798E, [0xEB, 0x16]),
			new(0x006379C3, [0x33, 0xC9, 0x90]),
			new(0x00637A81, [0xEB, 0x0C]),
			new(0x00637AA7, [0xEB, 0x20]),
			new(0x00637AC9, [0x33, 0xC0, 0x90]),
			new(0x00637EB8, [0xEB, 0x15]),
			new(0x00637F02, [0xEB, 0x1D]),
			new(0x006383BF, [0x33, 0xC0]),
			new(0x00638B32, [0xEB, 0x4E]),
			new(0x00638BC4, [0xEB, 0x19]),
			new(0x00638BF0, [0xEB, 0x32]),
			new(0x00639B6F, [0xEB, 0x15]),
			new(0x00639B97, [0x33, 0xC0]),
			new(0x0063C771, [0xEB, 0x19]),
			new(0x0063C79D, [0x90, 0x90, 0x90, 0x90, 0x90, 0x90]),
			new(0x00648164, [0xEB, 0x20]),
			new(0x006481AA, [0x33, 0xD2, 0x90]),
			new(0x00648A46, [0xEB, 0x26]),
			new(0x00648A98, [0xEB, 0x15]),
			new(0x00648AAF, [0x33, 0xF6, 0x90]),
			new(0x00649CCA, [0xEB, 0x1C]),
			new(0x00649CF9, [0x33, 0xC0]),
			new(0x00657485, [0xEB, 0x39]),
			new(0x006574FE, [0xEB, 0x16]),
			new(0x00657527, [0xEB, 0x35]),
			new(0x00659835, [0xEB, 0x21]),
			new(0x00659866, [0x33, 0xD2, 0x90]),
			new(0x00659DEE, [0xEB, 0x1D]),
			new(0x00659E0D, [0x33, 0xF6, 0x90]),
			new(0x0065A1A4, [0xEB, 0x19]),
			new(0x0065A1DF, [0xEB, 0x36]),
			new(0x0065A874, [0xEB, 0x1C]),
			new(0x0065A8B0, [0x33, 0xC9, 0x90]),
			new(0x0065B51D, [0xEB, 0x15]),
			new(0x0065B537, [0x90, 0x90]),
			new(0x0065B6B2, [0xEB, 0x0C]),
			new(0x0065B6E1, [0xEB, 0x14]),
			new(0x0065B718, [0xEB, 0x33]),
			new(0x00666D8C, [0xEB, 0x18]),
			new(0x00666DB6, [0x33, 0xC0, 0x90]),
			new(0x00684F0E, [0xEB, 0x19]),
			new(0x00684F3C, [0x33, 0xD2, 0x90]),
			new(0x0068521F, [0xEB, 0x1B]),
			new(0x00685261, [0x33, 0xC9, 0x90]),
			new(0x0068556E, [0xEB, 0x16]),
			new(0x0068559C, [0x33, 0xD2, 0x90]),
			new(0x00685DB8, [0xEB, 0x1A]),
			new(0x00685E02, [0x33, 0xC9, 0x90]),
			new(0x00686F90, [0xEB, 0x19]),
			new(0x00686FBE, [0x90, 0x90]),
			new(0x006871F4, [0xEB, 0x20]),
			new(0x00687229, [0x90, 0x90]),
			new(0x0068768A, [0xEB, 0x1A]),
			new(0x006876B9, [0xEB, 0x38]),
			new(0x0068D440, [0xEB, 0x16]),
			new(0x0068D4BC, [0x33, 0xD2, 0x90]),
			new(0x0068EB37, [0xEB, 0x15]),
			new(0x0068EC28, [0xEB, 0x1F]),
			new(0x0068EC7B, [0x33, 0xD2]),
			new(0x0068F5E2, [0xEB, 0x15]),
			new(0x0068F61D, [0xEB, 0x19]),
			new(0x0068F646, [0x33, 0xC9, 0x90]),
			new(0x0068FB7F, [0xEB, 0x15]),
			new(0x0068FBE1, [0xEB, 0x19]),
			new(0x0068FC0F, [0x90, 0x90, 0x90, 0x90, 0x90, 0x90]),
			new(0x0068FE58, [0xEB, 0x1E]),
			new(0x0068FE96, [0x33, 0xC9, 0x90]),
			new(0x00696913, [0xEB, 0x0C]),
			new(0x00696A0E, [0xEB, 0x17]),
			new(0x00696A80, [0x33, 0xD2, 0x90]),
			new(0x00698283, [0xEB, 0x49]),
			new(0x00698379, [0xEB, 0x23]),
			new(0x006983AC, [0x33, 0xD2, 0x90]),
			new(0x006987D4, [0xEB, 0x23]),
			new(0x006988A6, [0x33, 0xC9, 0x90]),
			new(0x00698B8A, [0xEB, 0x21]),
			new(0x00698D14, [0x33, 0xD2, 0x90]),
			new(0x00699C74, [0xEB, 0x25]),
			new(0x00699CAD, [0x33, 0xC0, 0x90]),
			new(0x0069A73E, [0xEB, 0x1C]),
			new(0x0069A77A, [0x33, 0xC0, 0x90]),
			new(0x0069B3E2, [0xEB, 0x4B]),
			new(0x0069B468, [0xEB, 0x1F]),
			new(0x0069B489, [0x33, 0xD2, 0x90]),
			new(0x0069B605, [0xEB, 0x0C]),
			new(0x0069B645, [0xEB, 0x24]),
			new(0x0069B679, [0x33, 0xD2, 0x90]),
			new(0x0069B72D, [0xEB, 0x1F]),
			new(0x0069B74E, [0x33, 0xD2, 0x90]),
			new(0x0069B849, [0xEB, 0x19]),
			new(0x0069B885, [0xEB, 0x34]),
			new(0x0069BE8E, [0xEB, 0x14]),
			new(0x0069BEC6, [0xEB, 0x42]),
			new(0x0069BFF6, [0xEB, 0x0C]),
			new(0x0069C042, [0xEB, 0x1E]),
			new(0x0069C0DB, [0xEB, 0x3A]),
			new(0x0069D162, [0xEB, 0x19]),
			new(0x0069D18D, [0x33, 0xD2, 0x90]),
			new(0x0069D207, [0xEB, 0x22]),
			new(0x0069D253, [0xEB, 0x15]),
			new(0x0069D27E, [0x33, 0xF6, 0x90]),
			new(0x0069D949, [0xEB, 0x16]),
			new(0x0069D97F, [0x33, 0xC9, 0x90]),
			new(0x0069EA03, [0xEB, 0x1B]),
			new(0x0069EA41, [0x90, 0x90]),
			new(0x0069ECFA, [0xEB, 0x20]),
			new(0x0069ED2C, [0x33, 0xC0, 0x90]),
			new(0x0069EDD6, [0xEB, 0x3E]),
			new(0x0069EE38, [0xEB, 0x1B]),
			new(0x0069EE66, [0x33, 0xC9, 0x90]),
			new(0x006A09D1, [0xEB, 0x1B]),
			new(0x006A0AFE, [0x33, 0xC9, 0x90]),
			new(0x006A1599, [0xEB, 0x20]),
			new(0x006A15CB, [0x33, 0xC9, 0x90]),
			new(0x006A164D, [0xEB, 0x3E]),
			new(0x006AB62F, [0xEB, 0x14]),
			new(0x006AB7C5, [0x33, 0xC0, 0x90]),
			new(0x006AC0B7, [0xEB, 0x0C]),
			new(0x006AC0D8, [0xEB, 0x1E]),
			new(0x006AC0FE, [0xEB, 0x35]),
			new(0x006AD843, [0xEB, 0x3B]),
			new(0x006AD8DA, [0xEB, 0x1D]),
			new(0x006AD9E0, [0x33, 0xD2, 0x90]),
			new(0x006DA6B4, [0xEB, 0x19]),
			new(0x006DA702, [0x33, 0xC9, 0x90]),
			new(0x006DA7A6, [0xEB, 0x15]),
			new(0x006DA7D2, [0xEB, 0x19]),
			new(0x006DA81F, [0x33, 0xC9, 0x90]),
			new(0x006DA89D, [0xEB, 0x1A]),
			new(0x006DA8C7, [0x33, 0xC9, 0x90]),
			new(0x006DBFAE, [0xEB, 0x19]),
			new(0x006DBFD9, [0x33, 0xC9, 0x90]),
			new(0x006DC11F, [0xEB, 0x16]),
			new(0x006DC145, [0x33, 0xC0, 0x90]),
			new(0x006DC21B, [0xEB, 0x19]),
			new(0x006DC257, [0x33, 0xC9, 0x90]),
			new(0x006DD474, [0xEB, 0x34]),
			new(0x006DD4D7, [0xEB, 0x25]),
			new(0x006DD51D, [0x33, 0xC0, 0x90]),
			new(0x006DD756, [0xEB, 0x1C]),
			new(0x006DD792, [0x33, 0xC0, 0x90]),
			new(0x006E11E3, [0xEB, 0x26]),
			new(0x006E1242, [0xEB, 0x15]),
			new(0x006E1286, [0x33, 0xC9, 0x90]),
			new(0x006E13DD, [0xEB, 0x21]),
			new(0x006E14E6, [0xEB, 0x0C]),
			new(0x006E14F4, [0x33, 0xF6, 0x90]),
			new(0x006E31A7, [0xEB, 0x20]),
			new(0x006E3215, [0x90, 0x90]),
			new(0x006E32C3, [0xEB, 0x47]),
			new(0x006E3342, [0xEB, 0x29]),
			new(0x006E337E, [0x90, 0x90]),
			new(0x006E4773, [0xEB, 0x14]),
			new(0x006E47A3, [0xEB, 0x19]),
			new(0x006E47F2, [0x33, 0xC0, 0x90]),
			new(0x006F7940, [0xEB, 0x0C]),
			new(0x006F796F, [0xEB, 0x1B]),
			new(0x006F798F, [0x33, 0xC0]),
			new(0x006FE980, [0xEB, 0x1B]),
			new(0x006FE9BB, [0x33, 0xD2, 0x90]),
			new(0x00701980, [0xEB, 0x4C]),
			new(0x00701A99, [0xEB, 0x14]),
			new(0x00701ABF, [0x33, 0xD2, 0x90]),
			new(0x00701B51, [0xEB, 0x3C]),
			new(0x00701C60, [0xEB, 0x0F]),
			new(0x00701C74, [0x33, 0xD2]),
			new(0x00701CF0, [0xEB, 0x12]),
			new(0x00701D22, [0x33, 0xD2, 0x90]),
			new(0x0070409D, [0xEB, 0x1E]),
			new(0x007040CB, [0x33, 0xC9, 0x90]),
			new(0x00704248, [0xEB, 0x21]),
			new(0x0070426B, [0x33, 0xC0, 0x90]),
			new(0x007078F8, [0xEB, 0x1D]),
			new(0x0070794E, [0x33, 0xC9, 0x90]),
			new(0x00709465, [0xEB, 0x1E]),
			new(0x007094BA, [0x33, 0xD2, 0x90]),
			new(0x0070A7B5, [0xEB, 0x24]),
			new(0x0070A7FC, [0x33, 0xD2]),
			new(0x0071B18B, [0xEB, 0x19]),
			new(0x0071B1B9, [0xEB, 0x2F]),
			new(0x0071F3E4, [0xEB, 0x15]),
			new(0x0071F42A, [0xEB, 0x1D]),
			new(0x0071F467, [0x33, 0xC9, 0x90]),
			new(0x00742B3E, [0xEB, 0x0C]),
			new(0x00742B6C, [0xEB, 0x16]),
			new(0x00742B98, [0x33, 0xD2, 0x90]),
			new(0x00745274, [0xEB, 0x1B]),
			new(0x007452BF, [0x33, 0xC9, 0x90]),
			new(0x00746A3D, [0xEB, 0x1A]),
			new(0x00746A67, [0x33, 0xD2, 0x90]),
			new(0x00746B1D, [0xEB, 0x1C]),
			new(0x00746B3B, [0x33, 0xC9, 0x90]),
			new(0x00746C33, [0xEB, 0x44]),
			new(0x00746CA4, [0xEB, 0x15]),
			new(0x00746CF6, [0xEB, 0x15]),
			new(0x00746D3E, [0x33, 0xC9, 0x90]),
			new(0x00747903, [0xEB, 0x15]),
			new(0x00747980, [0xEB, 0x19]),
			new(0x007479AB, [0x33, 0xC0, 0x90]),
			new(0x00747BC2, [0xEB, 0x19]),
			new(0x00747BEE, [0x33, 0xC0]),
			new(0x00747E1A, [0xEB, 0x3F]),
			new(0x00747F2C, [0xEB, 0x18]),
			new(0x00747F49, [0x33, 0xD2]),
			new(0x00748C56, [0xEB, 0x23]),
			new(0x00748C89, [0x33, 0xD2, 0x90]),
			new(0x0074E1B1, [0xEB, 0x0C]),
			new(0x0074E1EC, [0xEB, 0x1E]),
			new(0x0074E20F, [0x33, 0xC9]),
			new(0x0074E4C2, [0xEB, 0x19]),
			new(0x0074E4FE, [0x90, 0x90]),
			new(0x0074F68D, [0xEB, 0x1C]),
			new(0x0074F6AE, [0xEB, 0x34]),
			new(0x00756433, [0xEB, 0x26]),
			new(0x00756469, [0x33, 0xC9, 0x90]),
			new(0x00763CB9, [0xEB, 0x1B]),
			new(0x00763CF4, [0x33, 0xD2, 0x90]),
			new(0x00768FF2, [0xEB, 0x16]),
			new(0x0076902B, [0xEB, 0x41]),
			new(0x0076BCDE, [0xEB, 0x16]),
			new(0x0076BD20, [0xEB, 0x14]),
			new(0x0076BD5A, [0x33, 0xF6, 0x90]),
			new(0x0076D67F, [0xEB, 0x1A]),
			new(0x0076D69B, [0x33, 0xC0, 0x90]),
			new(0x0076D7D0, [0xEB, 0x0C]),
			new(0x0076D7F0, [0xEB, 0x1E]),
			new(0x0076D821, [0x90, 0x90]),
			new(0x007708D7, [0xEB, 0x20]),
			new(0x0077090B, [0x33, 0xC9]),
			new(0x00773A7E, [0xEB, 0x17]),
			new(0x00773AB5, [0x33, 0xD2, 0x90]),
			new(0x00776D89, [0xEB, 0x1B]),
			new(0x00776DA9, [0x33, 0xC0]),
			new(0x00776F5F, [0xEB, 0x23]),
			new(0x00776FA5, [0x90, 0x90]),
			new(0x00778C82, [0xEB, 0x3B]),
			new(0x00778CF4, [0xEB, 0x19]),
			new(0x00778D91, [0x33, 0xC9, 0x90]),
			new(0x007B707E, [0xEB, 0x1B]),
			new(0x007B709B, [0x33, 0xF6, 0x90]),
			new(0x007B7485, [0xEB, 0x0C]),
			new(0x007B74CA, [0xEB, 0x1C]),
			new(0x007B74FB, [0xEB, 0x34]),
			new(0x007B7587, [0xEB, 0x20]),
			new(0x007B75BA, [0xEB, 0x37]),
			new(0x007B7657, [0xEB, 0x25]),
			new(0x007B7691, [0x90, 0x90]),
			new(0x007B883C, [0xEB, 0x18]),
			new(0x007B8869, [0x90, 0x90]),
			new(0x007B8902, [0xEB, 0x1E]),
			new(0x007B8922, [0x33, 0xF6, 0x90]),
			new(0x007B8994, [0xEB, 0x1B]),
			new(0x007B89F3, [0x33, 0xC0, 0x90]),
			new(0x007B8A7B, [0xEB, 0x17]),
			new(0x007B8AB3, [0x33, 0xC9, 0x90]),
			new(0x007B8B59, [0xEB, 0x23]),
			new(0x007B8B7E, [0x33, 0xC0, 0x90]),
			new(0x007B8CE5, [0xEB, 0x20]),
			new(0x007B8D07, [0x33, 0xD2, 0x90]),
			new(0x007B8E72, [0xEB, 0x10]),
			new(0x007B8E92, [0x33, 0xD2, 0x90]),
			new(0x007B9FBA, [0xEB, 0x18]),
			new(0x007B9FF5, [0x33, 0xC9, 0x90]),
			new(0x007BAB0C, [0xEB, 0x1B]),
			new(0x007BAB4A, [0x33, 0xC9, 0x90]),
			new(0x007BB731, [0xEB, 0x21]),
			new(0x007BB762, [0x33, 0xDB, 0x90]),
			new(0x007BDC53, [0xEB, 0x19]),
			new(0x007BDC98, [0xEB, 0x14]),
			new(0x007BDCCC, [0x33, 0xC9, 0x90]),
			new(0x007BDE58, [0xEB, 0x4A]),
			new(0x007BDEC7, [0xEB, 0x18]),
			new(0x007BDEEF, [0x33, 0xD2, 0x90]),
			new(0x007BE0A9, [0xEB, 0x23]),
			new(0x007BE0E0, [0x33, 0xC0, 0x90]),
			new(0x007BE157, [0x33, 0xFF, 0x90]),
			new(0x007C03EA, [0xEB, 0x18]),
			new(0x007C0414, [0x33, 0xC9, 0x90]),
			new(0x007C7C4D, [0xEB, 0x1E]),
			new(0x007C7C6D, [0x33, 0xC0, 0x90]),
			new(0x007C7D20, [0xEB, 0x19]),
			new(0x007C7D49, [0x33, 0xC9, 0x90]),
			new(0x007C7F21, [0xEB, 0x19]),
			new(0x007C7F4A, [0x33, 0xC9, 0x90]),
			new(0x007C98F1, [0xEB, 0x0C]),
			new(0x007C992B, [0xEB, 0x18]),
			new(0x007C9953, [0x33, 0xC9, 0x90]),
			new(0x007C9A37, [0xEB, 0x26]),
			new(0x007C9A5F, [0x33, 0xD2, 0x90]),
			new(0x007CB709, [0xEB, 0x21]),
			new(0x007CB784, [0x90, 0x90]),
			new(0x007CE2A9, [0xEB, 0x1E]),
			new(0x007CE2D9, [0x33, 0xC9, 0x90]),
			new(0x007CE376, [0xEB, 0x17]),
			new(0x007CE3AD, [0x33, 0xD2, 0x90]),
			new(0x007CED99, [0xEB, 0x1C]),
			new(0x007CEDD4, [0x33, 0xD2, 0x90]),
			new(0x007CFB8C, [0xEB, 0x1D]),
			new(0x007CFBD3, [0xEB, 0x0C]),
			new(0x007CFBEF, [0x33, 0xC9, 0x90]),
			new(0x007CFCA4, [0xEB, 0x1E]),
			new(0x007CFCE2, [0x33, 0xC9, 0x90]),
			new(0x007D07DA, [0xEB, 0x0C]),
			new(0x007D07FD, [0xEB, 0x1F]),
			new(0x007D082C, [0x33, 0xD2, 0x90]),
			new(0x007D4B13, [0xEB, 0x1D]),
			new(0x007D4BD8, [0x33, 0xC0, 0x90]),
			new(0x007D5E44, [0xEB, 0x38]),
			new(0x007D5EA9, [0xEB, 0x0C]),
			new(0x007D5EDF, [0xEB, 0x18]),
			new(0x007D5F17, [0x33, 0xC9, 0x90]),
			new(0x007D8017, [0xEB, 0x1B]),
			new(0x007D8042, [0x33, 0xC9, 0x90]),
			new(0x007D8183, [0xEB, 0x40]),
			new(0x007D9974, [0xEB, 0x1B]),
			new(0x007D9A05, [0x33, 0xC9, 0x90]),
			new(0x007D9F96, [0xEB, 0x21]),
			new(0x007D9FBC, [0x90, 0x90]),
			new(0x007DB942, [0xEB, 0x1F]),
			new(0x007DB995, [0xEB, 0x18]),
			new(0x007DB9AF, [0x33, 0xC9, 0x90]),
			new(0x007DDB52, [0xEB, 0x4B]),
			new(0x007DDCFE, [0xEB, 0x1B]),
			new(0x007DDDA6, [0x33, 0xD2, 0x90]),
			new(0x007DDEB0, [0xEB, 0x0C]),
			new(0x007DDEC1, [0xEB, 0x1C]),
			new(0x007DDF16, [0x33, 0xDB, 0x90]),
			new(0x007DE0B3, [0xEB, 0x15]),
			new(0x007DE13D, [0xEB, 0x1C]),
			new(0x007DE1AA, [0x33, 0xC9, 0x90]),
			new(0x007DEC8F, [0xEB, 0x25]),
			new(0x007DEE59, [0xEB, 0x0C]),
			new(0x007DEE6A, [0x33, 0xC0, 0x90]),
			new(0x007DF153, [0xEB, 0x1D]),
			new(0x007DF182, [0x33, 0xC0, 0x90]),
			new(0x007DF635, [0xEB, 0x19]),
			new(0x007DF65E, [0x33, 0xF6, 0x90]),
			new(0x007E12D7, [0xEB, 0x16]),
			new(0x007E130D, [0x33, 0xD2, 0x90]),
			new(0x007E1DCA, [0xEB, 0x1F]),
			new(0x007E1DEB, [0x33, 0xF6, 0x90]),
			new(0x007E1E84, [0xEB, 0x0C]),
			new(0x007E1EC8, [0xEB, 0x1F]),
			new(0x007E1F07, [0x33, 0xC9, 0x90]),
			new(0x007E1F94, [0xEB, 0x14]),
			new(0x007E1FD1, [0xEB, 0x1B]),
			new(0x007E1FFF, [0x33, 0xC0]),
			new(0x007E274C, [0xEB, 0x0C]),
			new(0x007E2778, [0xEB, 0x20]),
			new(0x007E27A8, [0x33, 0xC9, 0x90]),
			new(0x007E2967, [0xEB, 0x1D]),
			new(0x007E2999, [0x33, 0xC9, 0x90]),
			new(0x007E2B8F, [0xEB, 0x2A]),
			new(0x007E2BCB, [0x33, 0xC9, 0x90]),
			new(0x007E2E15, [0xEB, 0x1D]),
			new(0x007E2E34, [0x33, 0xC0, 0x90]),
			new(0x007E31C7, [0xEB, 0x25]),
			new(0x007E3202, [0xEB, 0x39]),
			new(0x007E34D5, [0xEB, 0x4F]),
			new(0x007E3615, [0xEB, 0x1A]),
			new(0x007E364F, [0x33, 0xD2, 0x90]),
			new(0x007E383B, [0xEB, 0x21]),
			new(0x007E387F, [0xEB, 0x35]),
			new(0x007E4DD1, [0xEB, 0x1E]),
			new(0x007E4E10, [0xEB, 0x31]),
			new(0x007E4E9B, [0xEB, 0x1C]),
			new(0x007E4F25, [0xEB, 0x15]),
			new(0x007E4F79, [0x33, 0xC0, 0x90]),
			new(0x007E5773, [0xEB, 0x15]),
			new(0x007E57F8, [0xEB, 0x1A]),
			new(0x007E5824, [0x33, 0xC9, 0x90]),
			new(0x007E8251, [0xEB, 0x0C]),
			new(0x007E827D, [0xEB, 0x1E]),
			new(0x007E82AC, [0x33, 0xD2]),
			new(0x007E9788, [0xEB, 0x0C]),
			new(0x007E9802, [0xEB, 0x2A]),
			new(0x007E9842, [0x90, 0x90]),
			new(0x007EC7E3, [0xEB, 0x23]),
			new(0x007EC826, [0x33, 0xC9, 0x90]),
			new(0x007F272C, [0xEB, 0x16]),
			new(0x007F2754, [0x33, 0xC9, 0x90]),
			new(0x007F46BC, [0xEB, 0x1C]),
			new(0x007F4761, [0x90, 0x90]),
			new(0x007F49BF, [0xEB, 0x0F]),
			new(0x007F4A23, [0x90, 0x90]),
			new(0x007F4D8C, [0xEB, 0x1C]),
			new(0x007F4DC8, [0x33, 0xC9, 0x90]),
			new(0x007F4E70, [0xEB, 0x15]),
			new(0x007F4E8A, [0xEB, 0x18]),
			new(0x007F4EB5, [0xEB, 0x3B]),
			new(0x007F5066, [0xEB, 0x1E]),
			new(0x007F50A7, [0xEB, 0x45]),
			new(0x007F51CF, [0xEB, 0x19]),
			new(0x007F51EA, [0x33, 0xC0, 0x90]),
			new(0x007F525F, [0xEB, 0x16]),
			new(0x007F52A4, [0x33, 0xD2, 0x90]),
			new(0x007F5A02, [0xEB, 0x1D]),
			new(0x007F5C58, [0xEB, 0x15]),
			new(0x007F5CB5, [0x33, 0xD2, 0x90]),
			new(0x007F5D55, [0xEB, 0x1D]),
			new(0x007F5D81, [0x33, 0xD2, 0x90]),
			new(0x007F6E3D, [0xEB, 0x1C]),
			new(0x007F6E6E, [0x90, 0x90]),
			new(0x007F72E1, [0xEB, 0x14]),
			new(0x007F732C, [0xEB, 0x47]),
			new(0x007F7543, [0xEB, 0x21]),
			new(0x007F7591, [0x33, 0xC0, 0x90]),
			new(0x007F7EDA, [0xEB, 0x18]),
			new(0x007F7F12, [0x33, 0xC9, 0x90]),
			new(0x007F8000, [0xEB, 0x1A]),
			new(0x007F801F, [0x33, 0xC0]),
			new(0x007F80EA, [0xEB, 0x1A]),
			new(0x007F8106, [0x33, 0xF6, 0x90]),
			new(0x007F866A, [0xEB, 0x1A]),
			new(0x007F869A, [0xEB, 0x35]),
			new(0x007FD6DD, [0xEB, 0x36]),
			new(0x007FD74E, [0xEB, 0x1C]),
			new(0x007FD78A, [0x33, 0xD2, 0x90]),
			new(0x007FD830, [0xEB, 0x0C]),
			new(0x007FD86A, [0xEB, 0x1F]),
			new(0x007FD8AC, [0xEB, 0x49]),
			new(0x007FE26A, [0xEB, 0x18]),
			new(0x007FE295, [0xEB, 0x55]),
			new(0x007FE650, [0xEB, 0x15]),
			new(0x007FE675, [0x33, 0xD2, 0x90]),
			new(0x008001F2, [0xEB, 0x22]),
			new(0x00800224, [0x33, 0xC9, 0x90]),
			new(0x008030B0, [0xEB, 0x16]),
			new(0x008030EC, [0x33, 0xC9, 0x90]),
			new(0x008031C5, [0xEB, 0x39]),
			new(0x0080322C, [0xEB, 0x1E]),
			new(0x00803269, [0x33, 0xF6, 0x90]),
			new(0x00804762, [0xEB, 0x36]),
			new(0x008047BC, [0xEB, 0x20]),
			new(0x00804813, [0x33, 0xD2, 0x90]),
			new(0x008048EA, [0xEB, 0x1A]),
			new(0x00804919, [0xEB, 0x42]),
			new(0x00804C4B, [0xEB, 0x1C]),
			new(0x00804C86, [0x33, 0xC9]),
			new(0x0080AC05, [0xEB, 0x14]),
			new(0x0080ACB6, [0xEB, 0x14]),
			new(0x0080ACCC, [0x33, 0xF6, 0x90]),
			new(0x0080ADFA, [0xEB, 0x0F]),
			new(0x0080AE25, [0xEB, 0x1E]),
			new(0x0080AE48, [0x33, 0xC0, 0x90]),
			new(0x0080AFCC, [0xEB, 0x18]),
			new(0x0080AFE9, [0x33, 0xC0]),
			new(0x0080C1C3, [0xEB, 0x17]),
			new(0x0080C1ED, [0x33, 0xC0, 0x90]),
			new(0x0080ED95, [0xEB, 0x1D]),
			new(0x0080EDB4, [0x33, 0xF6, 0x90]),
			new(0x0080EE45, [0xEB, 0x14]),
			new(0x0080EE83, [0xEB, 0x0C]),
			new(0x0080EEAF, [0x33, 0xC9, 0x90]),
			new(0x0080EF50, [0xEB, 0x19]),
			new(0x0080EF88, [0x33, 0xD2]),
			new(0x0080F111, [0xEB, 0x0C]),
			new(0x0080F12D, [0xEB, 0x17]),
			new(0x0080F159, [0xEB, 0x3F]),
			new(0x0080F772, [0xEB, 0x0C]),
			new(0x0080F785, [0xEB, 0x1D]),
			new(0x0080F7B4, [0x33, 0xC9, 0x90]),
			new(0x0080F885, [0xEB, 0x3B]),
			new(0x0080F90E, [0xEB, 0x18]),
			new(0x0080F936, [0x33, 0xC0, 0x90]),
			new(0x0080FA74, [0xEB, 0x14]),
			new(0x0080FA9A, [0x33, 0xC9, 0x90]),
			new(0x00810A10, [0xEB, 0x16]),
			new(0x00810A45, [0x33, 0xD2, 0x90]),
			new(0x00810B3D, [0xEB, 0x1C]),
			new(0x00810B7C, [0x90, 0x90]),
			new(0x00810C00, [0xEB, 0x21]),
			new(0x00810C23, [0x33, 0xC9, 0x90]),
			new(0x008111F1, [0xEB, 0x14]),
			new(0x00811224, [0x33, 0xF6, 0x90]),
			new(0x00815386, [0xEB, 0x14]),
			new(0x008153AC, [0xEB, 0x1B]),
			new(0x008153E7, [0x33, 0xC9, 0x90]),
			new(0x0081627E, [0xEB, 0x1B]),
			new(0x0081629B, [0x33, 0xC0, 0x90]),
			new(0x0081632B, [0xEB, 0x3F]),
			new(0x008163A9, [0xEB, 0x16]),
			new(0x008163DD, [0x33, 0xD2, 0x90]),
			new(0x008164C7, [0xEB, 0x15]),
			new(0x0081650D, [0xEB, 0x15]),
			new(0x00816534, [0x33, 0xC9, 0x90]),
			new(0x00816633, [0xEB, 0x14]),
			new(0x00816672, [0xEB, 0x2C]),
			new(0x00817FB8, [0xEB, 0x1F]),
			new(0x00817FEC, [0x90, 0x90]),
			new(0x00819316, [0xEB, 0x21]),
			new(0x00819349, [0x33, 0xC9, 0x90]),
			new(0x00819B45, [0xEB, 0x15]),
			new(0x00819B63, [0xEB, 0x14]),
			new(0x00819B79, [0x33, 0xC0, 0x90]),
			new(0x0081A71F, [0xEB, 0x1D]),
			new(0x0081A75E, [0x33, 0xDB, 0x90, 0x90, 0x90, 0x90]),
			new(0x0081BCBC, [0xEB, 0x22]),
			new(0x0081BCFF, [0x33, 0xC9]),
			new(0x0081DFF5, [0xEB, 0x1E]),
			new(0x0081E085, [0x33, 0xC9, 0x90]),
			new(0x00823AC5, [0xEB, 0x22]),
			new(0x00823AEC, [0xEB, 0x43]),
			new(0x0082E28B, [0xEB, 0x24]),
			new(0x0082E52A, [0x33, 0xFF, 0x90]),
			new(0x00838E64, [0xEB, 0x0F]),
			new(0x00838FC7, [0x33, 0xFF, 0x90]),
			new(0x008393E3, [0xEB, 0x3D]),
			new(0x00839466, [0xEB, 0x15]),
			new(0x0083948D, [0xEB, 0x17]),
			new(0x008394E4, [0xEB, 0x37]),
			new(0x00839572, [0xEB, 0x1B]),
			new(0x008395BF, [0xEB, 0x0C]),
			new(0x008395D0, [0x90, 0x90]),
			new(0x00839662, [0xEB, 0x12]),
			new(0x00839686, [0x33, 0xC9, 0x90]),
			new(0x00839792, [0xEB, 0x19]),
			new(0x008397AD, [0x33, 0xD2, 0x90]),
			new(0x00839B03, [0xEB, 0x15]),
			new(0x00839B2A, [0x33, 0xD2, 0x90]),
			new(0x00839CD9, [0xEB, 0x20]),
			new(0x00839D26, [0x33, 0xD2, 0x90]),
			new(0x00839DBB, [0xEB, 0x36]),
			new(0x00839E28, [0xEB, 0x24]),
			new(0x00839E4E, [0x33, 0xC0, 0x90]),
			new(0x0083A015, [0xEB, 0x14]),
			new(0x0083A039, [0xEB, 0x23]),
			new(0x0083A06E, [0x33, 0xC9, 0x90]),
			new(0x0083AAA5, [0xEB, 0x24]),
			new(0x0083AACB, [0x33, 0xC0, 0x90]),
			new(0x0083AB73, [0xEB, 0x0C]),
			new(0x0083AB9C, [0xEB, 0x11]),
			new(0x0083ABBD, [0x33, 0xD2, 0x90]),
			new(0x0083AFD3, [0xEB, 0x15]),
			new(0x0083AFF8, [0xEB, 0x1A]),
			new(0x0083B032, [0x33, 0xC9, 0x90]),
			new(0x0083B17E, [0xEB, 0x19]),
			new(0x0083B1BA, [0x90, 0x90]),
			new(0x0083B9A1, [0xEB, 0x52]),
			new(0x0083BA32, [0xEB, 0x11]),
			new(0x0083BA6B, [0xEB, 0x38]),
			new(0x0083C114, [0xEB, 0x23]),
			new(0x0083C158, [0x90, 0x90]),
			new(0x0083DB26, [0xEB, 0x16]),
			new(0x0083DB4D, [0x33, 0xD2]),
			new(0x0083DC26, [0xEB, 0x21]),
			new(0x0083DC58, [0x33, 0xC9]),
			new(0x0083EA38, [0xEB, 0x1F]),
			new(0x0083EA76, [0xEB, 0x36]),
			new(0x00841D10, [0xEB, 0x15]),
			new(0x00841D45, [0x33, 0xC9, 0x90]),
			new(0x00842639, [0xEB, 0x20]),
			new(0x008429C3, [0x90, 0x90]),
			new(0x00842BA0, [0xEB, 0x11]),
			new(0x00842BFF, [0xEB, 0x15]),
			new(0x00842C1D, [0x33, 0xC9, 0x90]),
			new(0x00842C94, [0xEB, 0x1A]),
			new(0x00842CB0, [0x33, 0xC0, 0x90]),
			new(0x00842E7A, [0xEB, 0x0C]),
			new(0x00842EA3, [0xEB, 0x1F]),
			new(0x00842EC7, [0x90, 0x90, 0x90, 0x90, 0x90, 0x90]),
			new(0x00842FD9, [0xEB, 0x1A]),
			new(0x00843005, [0x33, 0xC9, 0x90]),
			new(0x00845386, [0xEB, 0x1C]),
			new(0x008453CF, [0x33, 0xC9]),
			new(0x00849B7F, [0xEB, 0x1B]),
			new(0x00849CD3, [0x33, 0xC0, 0x90]),
			new(0x00849E64, [0xEB, 0x23]),
			new(0x00849E98, [0x33, 0xC9]),
			new(0x0084A5EF, [0xEB, 0x0C]),
			new(0x0084A60C, [0xEB, 0x16]),
			new(0x0084A654, [0x33, 0xC9, 0x90]),
			new(0x0084F935, [0xEB, 0x1E]),
			new(0x0084F955, [0x33, 0xD2, 0x90]),
			new(0x00850F70, [0xEB, 0x15]),
			new(0x00851079, [0xEB, 0x19]),
			new(0x008510B4, [0x90, 0x90]),
			new(0x00851346, [0xEB, 0x0C]),
			new(0x0085137F, [0xEB, 0x14]),
			new(0x00851398, [0xEB, 0x33]),
			new(0x008515BA, [0xEB, 0x14]),
			new(0x008515E8, [0xEB, 0x20]),
			new(0x0085160A, [0x33, 0xC0, 0x90]),
			new(0x008538BE, [0xEB, 0x19]),
			new(0x008538FA, [0xEB, 0x40]),
			new(0x00853AA7, [0xEB, 0x3D]),
			new(0x00853B13, [0xEB, 0x23]),
			new(0x00853B5D, [0x33, 0xC9, 0x90]),
			new(0x00853CC3, [0x33, 0xFF, 0x90]),
			new(0x00853EB1, [0xEB, 0x0C]),
			new(0x00853EFD, [0xEB, 0x1D]),
			new(0x00853F3C, [0x33, 0xC0, 0x90]),
			new(0x00854080, [0x33, 0xF6, 0x90]),
			new(0x008545EA, [0xEB, 0x50]),
			new(0x0085468B, [0xEB, 0x17]),
			new(0x008549FB, [0x33, 0xD2]),
			new(0x00854B69, [0xEB, 0x1B]),
			new(0x00854B8A, [0x33, 0xC0, 0x90]),
			new(0x008551C1, [0xEB, 0x15]),
			new(0x008551D8, [0x33, 0xC9, 0x90]),
			new(0x00855801, [0xEB, 0x12]),
			new(0x00855847, [0xEB, 0x0C]),
			new(0x00855884, [0x33, 0xC9, 0x90]),
			new(0x00856190, [0xEB, 0x19]),
			new(0x008561E7, [0x90, 0x90, 0x90, 0x90, 0x90, 0x90]),
			new(0x00856504, [0xEB, 0x17]),
			new(0x0085655D, [0x33, 0xC0, 0x90]),
			new(0x008565D7, [0x33, 0xC0, 0x90]),
			new(0x00856660, [0xEB, 0x19]),
			new(0x00856689, [0x33, 0xC9, 0x90]),
			new(0x0085815C, [0xEB, 0x0C]),
			new(0x0085818A, [0xEB, 0x1A]),
			new(0x008581C4, [0x33, 0xC0, 0x90]),
			new(0x00858584, [0xEB, 0x0C]),
			new(0x008585E2, [0xEB, 0x1B]),
			new(0x00858605, [0x90, 0x90]),
			new(0x00858783, [0xEB, 0x50]),
			new(0x008587FB, [0xEB, 0x19]),
			new(0x00858843, [0x33, 0xC0]),
			new(0x00858900, [0xEB, 0x10]),
			new(0x00858930, [0x33, 0xC9, 0x90]),
			new(0x0085972E, [0xEB, 0x4C]),
			new(0x008597C3, [0xEB, 0x24]),
			new(0x008597FF, [0xEB, 0x35]),
			new(0x0085A561, [0xEB, 0x1B]),
			new(0x0085A58E, [0x33, 0xD2, 0x90]),
			new(0x0085A5B7, [0x33, 0xF6, 0x90]),
			new(0x0085A9D2, [0xEB, 0x22]),
			new(0x0085AA07, [0x33, 0xC0]),
			new(0x0085AB0F, [0xEB, 0x19]),
			new(0x0085AB54, [0x33, 0xFF, 0x90]),
			new(0x0085B1AD, [0xEB, 0x26]),
			new(0x0085B1F3, [0x33, 0xC9, 0x90]),
			new(0x0085C741, [0xEB, 0x27]),
			new(0x0085D992, [0x90, 0x90]),
			new(0x0085DF0E, [0xEB, 0x24]),
			new(0x0085DF66, [0x33, 0xC9]),
			new(0x0085EA60, [0xEB, 0x1B]),
			new(0x0085EA8B, [0x33, 0xC9, 0x90]),
			new(0x0085EDF9, [0xEB, 0x23]),
			new(0x0085EE2C, [0x33, 0xD2, 0x90]),
			new(0x0085F14A, [0xEB, 0x1F]),
			new(0x0085F17B, [0x33, 0xC9, 0x90]),
			new(0x0085F25B, [0xEB, 0x1C]),
			new(0x0085F27C, [0xEB, 0x36]),
			new(0x00862248, [0xEB, 0x14]),
			new(0x0086227F, [0x90, 0x90, 0x90, 0x90, 0x90, 0x90]),
			new(0x00862BC4, [0xEB, 0x37]),
			new(0x00862CA9, [0xEB, 0x14]),
			new(0x00862D36, [0xEB, 0x18]),
			new(0x00862D82, [0xEB, 0x2F]),
			new(0x00862F5E, [0xEB, 0x14]),
			new(0x00862FFB, [0xEB, 0x0C]),
			new(0x00863056, [0x90, 0x90]),
			new(0x00863135, [0xEB, 0x1B]),
			new(0x00863155, [0x33, 0xC0]),
			new(0x008631CE, [0xEB, 0x11]),
			new(0x008631FD, [0x33, 0xC9, 0x90]),
			new(0x008632E3, [0xEB, 0x15]),
			new(0x0086330A, [0xEB, 0x18]),
			new(0x00863367, [0x33, 0xC9, 0x90]),
			new(0x00863435, [0xEB, 0x0C]),
			new(0x00863466, [0xEB, 0x16]),
			new(0x008634A0, [0x33, 0xD2]),
			new(0x00863915, [0xEB, 0x21]),
			new(0x0086395C, [0x33, 0xC0, 0x90]),
			new(0x0086EE06, [0xEB, 0x17]),
			new(0x0086EE43, [0x33, 0xD2, 0x90]),
			new(0x0086EEC5, [0xEB, 0x22]),
			new(0x0086EEF7, [0x33, 0xC0, 0x90]),
			new(0x0086EF72, [0xEB, 0x16]),
			new(0x0086EF8D, [0x33, 0xC9]),
			new(0x0086EFFA, [0xEB, 0x13]),
			new(0x0086F02D, [0xEB, 0x38]),
			new(0x0086F227, [0xEB, 0x15]),
			new(0x0086F269, [0xEB, 0x20]),
			new(0x0086F2C2, [0x33, 0xD2, 0x90]),
			new(0x0086F4ED, [0xEB, 0x1F]),
			new(0x0086F51E, [0x33, 0xC9, 0x90]),
			new(0x0086F600, [0xEB, 0x1B]),
			new(0x0086F62D, [0x33, 0xC9, 0x90]),
			new(0x0086F855, [0x90, 0x90, 0x90, 0x90, 0x90, 0x90]),
			new(0x0086F89F, [0x33, 0xC0]),
			new(0x0086FBB2, [0xEB, 0x3C]),
			new(0x0086FC71, [0xEB, 0x0C]),
			new(0x0086FCB8, [0xEB, 0x1A]),
			new(0x0086FCE7, [0x33, 0xD2, 0x90]),
			new(0x0086FE55, [0xEB, 0x24]),
			new(0x0086FE7B, [0x33, 0xC0, 0x90]),
			new(0x0086FF63, [0xEB, 0x14]),
			new(0x0086FF7C, [0xEB, 0x19]),
			new(0x0086FFB8, [0x90, 0x90, 0x90, 0x90, 0x90, 0x90]),
			new(0x0087010D, [0xEB, 0x17]),
			new(0x00870139, [0xEB, 0x38]),
			new(0x008704F3, [0xEB, 0x1B]),
			new(0x00870530, [0x90, 0x90]),
			new(0x008705B8, [0xEB, 0x15]),
			new(0x00870604, [0xEB, 0x20]),
			new(0x00870626, [0x33, 0xF6, 0x90]),
			new(0x008706F4, [0xEB, 0x21]),
			new(0x00870727, [0x33, 0xC0, 0x90]),
			new(0x0087078D, [0xEB, 0x1A]),
			new(0x008707C7, [0x33, 0xD2, 0x90]),
			new(0x0087085C, [0xEB, 0x17]),
			new(0x00870884, [0x33, 0xC0]),
			new(0x00870926, [0xEB, 0x1C]),
			new(0x00870944, [0x33, 0xC9, 0x90]),
			new(0x008709D2, [0xEB, 0x19]),
			new(0x00870A0E, [0x90, 0x90]),
			new(0x00870ACB, [0xEB, 0x0C]),
			new(0x00870AE9, [0xEB, 0x19]),
			new(0x00870B24, [0x33, 0xC0, 0x90]),
			new(0x00870B41, [0x33, 0xC9, 0x90]),
			new(0x00870B5D, [0x33, 0xC9, 0x90]),
			new(0x00870B7B, [0x33, 0xC9, 0x90]),
			new(0x00870BCD, [0x33, 0xC9, 0x90]),
			new(0x00870C00, [0x33, 0xC0, 0x90]),
			new(0x00870C32, [0x33, 0xC9, 0x90]),
			new(0x00870C62, [0x33, 0xF6, 0x90]),
			new(0x00870DAC, [0xEB, 0x15]),
			new(0x00870DE9, [0xEB, 0x1E]),
			new(0x00870E0B, [0x33, 0xC0, 0x90]),
			new(0x00870E22, [0x33, 0xC9, 0x90]),
			new(0x00870E2D, [0x33, 0xF6, 0x90]),
			new(0x00870EDA, [0xEB, 0x0C]),
			new(0x00870F55, [0xEB, 0x16]),
			new(0x00870F6D, [0x33, 0xF6, 0x90]),
			new(0x00872654, [0xEB, 0x0C]),
			new(0x00872688, [0xEB, 0x21]),
			new(0x008726C9, [0x33, 0xC9, 0x90]),
			new(0x008728CE, [0xEB, 0x14]),
			new(0x00872902, [0x33, 0xD2, 0x90]),
			new(0x0087299A, [0xEB, 0x1D]),
			new(0x008729CA, [0x90, 0x90]),
			new(0x00872AB1, [0xEB, 0x19]),
			new(0x00872ACC, [0x33, 0xD2, 0x90]),
			new(0x00872C8A, [0xEB, 0x21]),
			new(0x00872CCB, [0x33, 0xC0, 0x90]),
			new(0x00872F01, [0xEB, 0x21]),
			new(0x00872F27, [0x90, 0x90, 0x90, 0x90, 0x90, 0x90]),
			new(0x008730C4, [0xEB, 0x15]),
			new(0x0087310E, [0xEB, 0x11]),
			new(0x00873142, [0x33, 0xD2, 0x90]),
			new(0x00873637, [0xEB, 0x3C]),
			new(0x008736DD, [0xEB, 0x15]),
			new(0x00873725, [0x33, 0xD2, 0x90]),
			new(0x008738AB, [0xEB, 0x15]),
			new(0x00873908, [0xEB, 0x1F]),
			new(0x0087398F, [0x33, 0xC0, 0x90]),
			new(0x00873BA2, [0xEB, 0x2A]),
			new(0x00873C4E, [0xEB, 0x15]),
			new(0x00873CA8, [0x90, 0x90]),
			new(0x00873DA5, [0xEB, 0x1B]),
			new(0x00873DEA, [0xEB, 0x0C]),
			new(0x00873DF8, [0x33, 0xF6, 0x90]),
			new(0x0087403F, [0xEB, 0x18]),
			new(0x00874059, [0x33, 0xF6, 0x90]),
			new(0x00874176, [0xEB, 0x16]),
			new(0x0087450A, [0x33, 0xD2, 0x90]),
			new(0x008746BA, [0xEB, 0x15]),
			new(0x008746F0, [0xEB, 0x1D]),
			new(0x0087473B, [0x33, 0xC0, 0x90]),
			new(0x00874883, [0xEB, 0x26]),
			new(0x008748C2, [0x33, 0xC9, 0x90]),
			new(0x008749B5, [0xEB, 0x1E]),
			new(0x008749D5, [0x33, 0xFF, 0x90]),
			new(0x00874A84, [0xEB, 0x20]),
			new(0x00874AB6, [0x33, 0xC9, 0x90]),
			new(0x00874B36, [0xEB, 0x1C]),
			new(0x00874B57, [0xEB, 0x4A]),
			new(0x00874E53, [0xEB, 0x3F]),
			new(0x00874EC8, [0xEB, 0x1C]),
			new(0x00874EE6, [0x33, 0xD2, 0x90]),
			new(0x008751A8, [0xEB, 0x16]),
			new(0x008751EC, [0x33, 0xC0, 0x90]),
			new(0x008752C9, [0x33, 0xF6, 0x90]),
			new(0x0087546C, [0xEB, 0x19]),
			new(0x008754AF, [0xEB, 0x0C]),
			new(0x008754DE, [0xEB, 0x45]),
			new(0x008758D0, [0xEB, 0x1C]),
			new(0x008758FC, [0x33, 0xC9, 0x90]),
			new(0x00875D22, [0xEB, 0x37]),
			new(0x00875DC0, [0xEB, 0x1A]),
			new(0x00875DDF, [0x33, 0xC0, 0x90]),
			new(0x008778F9, [0xEB, 0x0C]),
			new(0x00877990, [0xEB, 0x21]),
			new(0x008779D7, [0x33, 0xC0, 0x90]),
			new(0x00877C05, [0xEB, 0x21]),
			new(0x00878761, [0x90, 0x90]),
			new(0x00878884, [0xEB, 0x16]),
			new(0x008788AD, [0xEB, 0x44]),
			new(0x00879837, [0xEB, 0x0C]),
			new(0x00879861, [0xEB, 0x14]),
			new(0x00879877, [0x33, 0xF6, 0x90]),
			new(0x0087B591, [0xEB, 0x0F]),
			new(0x0087B5C3, [0xEB, 0x40]),
			new(0x0087B784, [0xEB, 0x20]),
			new(0x0087B7C4, [0x90, 0x90]),
			new(0x0087B8B4, [0xEB, 0x1C]),
			new(0x0087B8D2, [0x33, 0xC9, 0x90]),
			new(0x0087B97D, [0xEB, 0x17]),
			new(0x0087B9B7, [0xEB, 0x51]),
			new(0x0087D5A3, [0xEB, 0x17]),
			new(0x0087D69E, [0x33, 0xC0, 0x90]),
			new(0x0087D8B6, [0xEB, 0x1D]),
			new(0x0087D8F3, [0x33, 0xC0, 0x90]),
			new(0x0087DD7D, [0xEB, 0x1F]),
			new(0x0087DDD4, [0xEB, 0x35]),
			new(0x0087DF01, [0xEB, 0x16]),
			new(0x0087DF27, [0x33, 0xD2, 0x90]),
			new(0x0087DFE0, [0xEB, 0x1C]),
			new(0x0087E00E, [0x33, 0xC0, 0x90]),
			new(0x0087E5A4, [0xEB, 0x23]),
			new(0x0087E5D9, [0x33, 0xC9, 0x90]),
			new(0x0087E63B, [0xEB, 0x1F]),
			new(0x0087E67A, [0x33, 0xC9, 0x90]),
			new(0x0087E8E5, [0xEB, 0x0C]),
			new(0x0087E93F, [0xEB, 0x19]),
			new(0x0087E968, [0x33, 0xC9, 0x90]),
			new(0x0087EC33, [0xEB, 0x15]),
			new(0x0087EC57, [0x33, 0xD2, 0x90]),
			new(0x0087EEAE, [0xEB, 0x16]),
			new(0x0087EEDD, [0x90, 0x90]),
			new(0x0087EF92, [0xEB, 0x24]),
			new(0x0087EFC8, [0x33, 0xC9, 0x90]),
			new(0x0087F064, [0xEB, 0x1E]),
			new(0x0087F0BD, [0xEB, 0x0C]),
			new(0x0087F0DB, [0xEB, 0x37]),
			new(0x0087F1F1, [0xEB, 0x1E]),
			new(0x0087F222, [0x33, 0xC0]),
			new(0x0087F36D, [0xEB, 0x17]),
			new(0x0087F386, [0x33, 0xC9, 0x90]),
			new(0x0087F6D9, [0xEB, 0x20]),
			new(0x0087F714, [0x90, 0x90]),
			new(0x0087F8C4, [0xEB, 0x0C]),
			new(0x0087F969, [0xEB, 0x17]),
			new(0x0087F997, [0x33, 0xC9, 0x90]),
			new(0x0087FB97, [0xEB, 0x1D]),
			new(0x0087FBC4, [0x33, 0xC9, 0x90]),
			new(0x0087FCF7, [0xEB, 0x40]),
			new(0x0087FD80, [0xEB, 0x1C]),
			new(0x0087FDAE, [0x33, 0xC0, 0x90, 0x90, 0x90, 0x90]),
			new(0x008801A6, [0xEB, 0x4D]),
			new(0x008802A2, [0xEB, 0x14]),
			new(0x008802DE, [0x33, 0xC9, 0x90]),
			new(0x0088076D, [0xEB, 0x17]),
			new(0x008807AE, [0xEB, 0x0C]),
			new(0x008807D2, [0x90, 0x90]),
			new(0x008810A0, [0xEB, 0x1B]),
			new(0x008810D1, [0x33, 0xC9, 0x90]),
			new(0x008811D0, [0xEB, 0x26]),
			new(0x00881208, [0x33, 0xC0, 0x90]),
			new(0x0088125E, [0x33, 0xC9, 0x90]),
			new(0x0088132A, [0x33, 0xD2, 0x90]),
			new(0x00881401, [0x33, 0xC9, 0x90]),
			new(0x008815F6, [0x33, 0xC9, 0x90]),
			new(0x00881644, [0x33, 0xD2, 0x90]),
			new(0x00881689, [0x33, 0xD2, 0x90]),
			new(0x00881711, [0x33, 0xC0, 0x90]),
			new(0x0088128F, [0x33, 0xF6, 0x90]),
			new(0x008818FD, [0xEB, 0x2B]),
			new(0x00881ABB, [0x33, 0xF6, 0x90]),
			new(0x00881BB6, [0xEB, 0x16]),
			new(0x00881BDC, [0x33, 0xC0, 0x90]),
			new(0x00881D9B, [0xEB, 0x1C]),
			new(0x00881DD9, [0x33, 0xC9]),
			new(0x00881F82, [0xEB, 0x38]),
			new(0x00881FDF, [0xEB, 0x14]),
			new(0x00882021, [0x33, 0xC9]),
			new(0x008821FF, [0xEB, 0x23]),
			new(0x00882237, [0xEB, 0x43]),
			new(0x00883E57, [0xEB, 0x3C]),
			new(0x00883EDD, [0xEB, 0x1A]),
			new(0x00883F09, [0x33, 0xC9, 0x90, 0x90, 0x90, 0x90]),
			new(0x00883F8B, [0x33, 0xC0, 0x90, 0x90, 0x90, 0x90]),
			new(0x00883FBD, [0x33, 0xF6, 0x90, 0x90, 0x90, 0x90]),
			new(0x008840EE, [0xEB, 0x19]),
			new(0x0088411C, [0x90, 0x90]),
			new(0x0088649A, [0xEB, 0x0C]),
			new(0x0088674B, [0xEB, 0x1C]),
			new(0x00886A25, [0xEB, 0x41]),
			new(0x00886FBA, [0xEB, 0x1A]),
			new(0x008870E7, [0x33, 0xC0, 0x90]),
			new(0x008874BA, [0xEB, 0x1C]),
			new(0x008874F6, [0x33, 0xC9, 0x90]),
			new(0x00887A0E, [0xEB, 0x0C]),
			new(0x00887A58, [0xEB, 0x1F]),
			new(0x00887A9A, [0x90, 0x90]),
			new(0x00887D6C, [0xEB, 0x1E]),
			new(0x00887D9C, [0x33, 0xC0, 0x90]),
			new(0x00887F9C, [0xEB, 0x0C]),
			new(0x00887FCE, [0xEB, 0x23]),
			new(0x00888011, [0x33, 0xC9, 0x90]),
			new(0x0088821E, [0xEB, 0x15]),
			new(0x00888276, [0x33, 0xD2, 0x90]),
			new(0x00888393, [0xEB, 0x11]),
			new(0x008883A6, [0x33, 0xF6, 0x90]),
			new(0x00888C8E, [0xEB, 0x18]),
			new(0x00888CE7, [0x33, 0xC9, 0x90]),
			new(0x00888D82, [0xEB, 0x35]),
			new(0x00888DED, [0xEB, 0x17]),
			new(0x00888E24, [0x33, 0xC9, 0x90]),
			new(0x00888FA5, [0xEB, 0x0C]),
			new(0x0088901B, [0xEB, 0x12]),
			new(0x008890A7, [0x33, 0xD2, 0x90]),
			new(0x008892BA, [0xEB, 0x1C]),
			new(0x008892E9, [0xEB, 0x37]),
			new(0x008894F3, [0xEB, 0x30]),
			new(0x0088954D, [0xEB, 0x36]),
			new(0x00889B82, [0xEB, 0x34]),
			new(0x00889BEE, [0xEB, 0x10]),
			new(0x00889C20, [0x33, 0xD2, 0x90]),
			new(0x00889D6D, [0x33, 0xFF, 0x90]),
			new(0x0088B448, [0xEB, 0x0C]),
			new(0x0088B47C, [0xEB, 0x20]),
			new(0x0088B4BC, [0x33, 0xC9, 0x90]),
			new(0x0088B60D, [0xEB, 0x19]),
			new(0x0088B674, [0x33, 0xC0, 0x90]),
			new(0x0088B6E2, [0xEB, 0x19]),
			new(0x0088B745, [0xEB, 0x32]),
			new(0x0088BFE1, [0xEB, 0x19]),
			new(0x0088C026, [0x33, 0xC9, 0x90]),
			new(0x0088C52D, [0xEB, 0x40]),
			new(0x0088C598, [0xEB, 0x0C]),
			new(0x0088C5D0, [0xEB, 0x14]),
			new(0x0088C5E6, [0x33, 0xC9, 0x90]),
			new(0x0088C733, [0xEB, 0x0C]),
			new(0x0088C743, [0xEB, 0x14]),
			new(0x0088C76C, [0x90, 0x90]),
			new(0x0088C7F2, [0xEB, 0x14]),
			new(0x0088C862, [0xEB, 0x1B]),
			new(0x0088C8BD, [0x33, 0xC0, 0x90]),
			new(0x0088CA08, [0xEB, 0x1A]),
			new(0x0088CA32, [0x33, 0xD2, 0x90]),
			new(0x0088CC74, [0xEB, 0x14]),
			new(0x0088CCC8, [0xEB, 0x0C]),
			new(0x0088CD29, [0x33, 0xD2, 0x90]),
			new(0x0088D69E, [0xEB, 0x0C]),
			new(0x0088D6F1, [0xEB, 0x17]),
			new(0x0088D71A, [0x33, 0xD2, 0x90]),
			new(0x0088D7E0, [0xEB, 0x0F]),
			new(0x0088D7F1, [0x33, 0xC0, 0x90]),
			new(0x0088DCEC, [0xEB, 0x18]),
			new(0x0088DD3C, [0xEB, 0x14]),
			new(0x0088DD52, [0x33, 0xF6, 0x90]),
			new(0x0088DE2E, [0xEB, 0x14]),
			new(0x0088DE52, [0x33, 0xC9, 0x90]),
			new(0x0088EA03, [0xEB, 0x26]),
			new(0x0088EAA2, [0x33, 0xDB, 0x90]),
			new(0x0088EBAE, [0xEB, 0x0C]),
			new(0x0088EBF7, [0xEB, 0x1D]),
			new(0x0088EC24, [0x33, 0xD2, 0x90]),
			new(0x0088F1B3, [0xEB, 0x1B]),
			new(0x0088F1D0, [0x33, 0xDB, 0x90]),
			new(0x0088F3BA, [0xEB, 0x0C]),
			new(0x0088F4D6, [0xEB, 0x26]),
			new(0x0088F511, [0x33, 0xD2, 0x90]),
			new(0x0089042E, [0xEB, 0x15]),
			new(0x0089046C, [0x33, 0xC0, 0x90]),
			new(0x00890724, [0xEB, 0x1E]),
			new(0x00890851, [0x33, 0xC0, 0x90]),
			new(0x00890F48, [0xEB, 0x28]),
			new(0x00890FF8, [0x33, 0xC0, 0x90]),
			new(0x008917AD, [0xEB, 0x25]),
			new(0x00891F9C, [0x90, 0x90, 0x90, 0x90, 0x90, 0x90]),
			new(0x008931AF, [0xEB, 0x18]),
			new(0x00893214, [0x33, 0xC0]),
			new(0x008933E2, [0x90, 0x90, 0x90, 0x90, 0x90, 0x90]),
			new(0x008933F6, [0x33, 0xC0, 0x90]),
			new(0x0089350B, [0xEB, 0x15]),
			new(0x00893638, [0xEB, 0x24]),
			new(0x008936F9, [0x90, 0x90]),
			new(0x0089D4E6, [0xEB, 0x15]),
			new(0x0089D505, [0xEB, 0x16]),
			new(0x0089D52D, [0x33, 0xC9, 0x90]),
			new(0x0089D608, [0xEB, 0x26]),
			new(0x0089D68C, [0x33, 0xD2, 0x90]),
			new(0x0089D92B, [0xEB, 0x18]),
			new(0x0089D956, [0x33, 0xC0]),
			new(0x0089DA6C, [0xEB, 0x18]),
			new(0x0089DAA4, [0x33, 0xC9, 0x90]),
			new(0x0089DB80, [0xEB, 0x19]),
			new(0x0089DBDE, [0x33, 0xC9, 0x90]),
			new(0x0089DE2E, [0xEB, 0x1B]),
			new(0x0089DE69, [0x33, 0xC9, 0x90]),
			new(0x0089DF16, [0xEB, 0x1D]),
			new(0x0089DF53, [0x33, 0xC9, 0x90]),
			new(0x0089DFE2, [0xEB, 0x3D]),
			new(0x0089E04D, [0xEB, 0x18]),
			new(0x0089E06A, [0xEB, 0x32]),
			new(0x0089E106, [0xEB, 0x23]),
			new(0x0089E149, [0x33, 0xC9, 0x90]),
			new(0x0089E1DE, [0xEB, 0x19]),
			new(0x0089E207, [0x33, 0xC9, 0x90]),
			new(0x008A10E1, [0xEB, 0x3A]),
			new(0x008A2DBE, [0xEB, 0x14]),
			new(0x008A2DD4, [0x33, 0xD2, 0x90]),
			new(0x008A2E8D, [0xEB, 0x0C]),
			new(0x008A2EA3, [0xEB, 0x16]),
			new(0x008A2EBE, [0xEB, 0x35]),
			new(0x008A37F7, [0xEB, 0x1F]),
			new(0x008A383B, [0x33, 0xC9, 0x90]),
			new(0x008A391E, [0xEB, 0x1F]),
			new(0x008A3960, [0xEB, 0x35]),
			new(0x008A3C4B, [0xEB, 0x0C]),
			new(0x008A3C70, [0xEB, 0x1E]),
			new(0x008A3CC4, [0x33, 0xC9, 0x90]),
			new(0x008A3EC1, [0xEB, 0x0F]),
			new(0x008A3EF2, [0xEB, 0x4A]),
			new(0x008A41EF, [0xEB, 0x19]),
			new(0x008A4231, [0x33, 0xC9]),
			new(0x008A42D2, [0xEB, 0x38]),
			new(0x008A434C, [0xEB, 0x14]),
			new(0x008A4395, [0xEB, 0x1D]),
			new(0x008A43C2, [0x33, 0xC0, 0x90]),
			new(0x008A4692, [0xEB, 0x3A]),
			new(0x008A4714, [0xEB, 0x20]),
			new(0x008A4745, [0x33, 0xC9]),
			new(0x008A6943, [0xEB, 0x21]),
			new(0x008A6992, [0xEB, 0x14]),
			new(0x008A69B5, [0x33, 0xC0, 0x90]),
			new(0x008A6A92, [0xEB, 0x29]),
			new(0x008A6ACD, [0x33, 0xC0, 0x90]),
			new(0x008A6C49, [0xEB, 0x16]),
			new(0x008A6C6F, [0x33, 0xC9, 0x90]),
			new(0x008A6E66, [0xEB, 0x1C]),
			new(0x008A6E84, [0x33, 0xDB, 0x90]),
			new(0x008A75EA, [0xEB, 0x16]),
			new(0x008A7620, [0x33, 0xD2, 0x90]),
			new(0x008A8D19, [0xEB, 0x1E]),
			new(0x008A8D4C, [0xEB, 0x2F]),
			new(0x008A8E2C, [0xEB, 0x0C]),
			new(0x008A8E60, [0xEB, 0x14]),
			new(0x008A8E98, [0x33, 0xC0, 0x90]),
			new(0x008A8FC0, [0xEB, 0x16]),
			new(0x008A8FE9, [0x33, 0xF6, 0x90]),
			new(0x008A9160, [0xEB, 0x16]),
			new(0x008A91A0, [0xEB, 0x0C]),
			new(0x008A91C9, [0x33, 0xC9]),
			new(0x008A92A5, [0xEB, 0x15]),
			new(0x008A92DC, [0xEB, 0x21]),
			new(0x008A931D, [0x33, 0xC9, 0x90]),
			new(0x008A943F, [0xEB, 0x18]),
			new(0x008A9536, [0xEB, 0x0C]),
			new(0x008A9547, [0x33, 0xD2]),
			new(0x008A95F5, [0xEB, 0x19]),
			new(0x008A962E, [0x33, 0xC9, 0x90]),
			new(0x008A96E7, [0xEB, 0x25]),
			new(0x008A9752, [0xEB, 0x36]),
			new(0x008A9F40, [0xEB, 0x19]),
			new(0x008A9F96, [0x33, 0xC9, 0x90]),
			new(0x008AA01E, [0xEB, 0x15]),
			new(0x008AA045, [0x33, 0xC9, 0x90]),
			new(0x008AA0D0, [0xEB, 0x14]),
			new(0x008AA112, [0x33, 0xC9, 0x90]),
			new(0x008AA170, [0xEB, 0x0F]),
			new(0x008AA194, [0x90, 0x90]),
			new(0x008AA293, [0xEB, 0x15]),
			new(0x008AA2E1, [0xEB, 0x23]),
			new(0x008AA324, [0x33, 0xC9, 0x90]),
			new(0x008AA47A, [0xEB, 0x1F]),
			new(0x008AA4AB, [0x33, 0xC9, 0x90]),
			new(0x008AA556, [0xEB, 0x23]),
			new(0x008AA599, [0x33, 0xC9, 0x90]),
			new(0x008AA666, [0xEB, 0x1B]),
			new(0x008AA693, [0x33, 0xC0, 0x90]),
			new(0x008AAAC5, [0xEB, 0x19]),
			new(0x008AAAFB, [0x33, 0xD2]),
			new(0x008AABD8, [0xEB, 0x0C]),
			new(0x008AABE8, [0xEB, 0x21]),
			new(0x008AAC0E, [0x33, 0xD2]),
			new(0x008AAD47, [0xEB, 0x20]),
			new(0x008AAD6C, [0x90, 0x90, 0x90, 0x90, 0x90, 0x90]),
			new(0x008AB0AF, [0xEB, 0x0C]),
			new(0x008AB0C5, [0xEB, 0x24]),
			new(0x008AB0FA, [0x33, 0xC9]),
			new(0x008AB1F6, [0xEB, 0x19]),
			new(0x008AB21F, [0x33, 0xC9, 0x90]),
			new(0x008AB2D3, [0xEB, 0x19]),
			new(0x008AB31A, [0xEB, 0x15]),
			new(0x008AB341, [0xEB, 0x38]),
			new(0x008AC1BF, [0xEB, 0x16]),
			new(0x008AC253, [0xEB, 0x0C]),
			new(0x008AC28F, [0x33, 0xC9, 0x90]),
			new(0x008AC820, [0xEB, 0x15]),
			new(0x008AC862, [0xEB, 0x1E]),
			new(0x008AC882, [0x33, 0xF6, 0x90]),
			new(0x008AF62A, [0xEB, 0x18]),
			new(0x008AF652, [0x33, 0xD2, 0x90]),
			new(0x008AF6E1, [0xEB, 0x38]),
			new(0x008AF7D7, [0xEB, 0x20]),
			new(0x008AF835, [0x33, 0xD2, 0x90]),
			new(0x008AF99C, [0xEB, 0x16]),
			new(0x008AF9C2, [0x33, 0xC0, 0x90]),
			new(0x008AFA25, [0xEB, 0x0F]),
			new(0x008AFA53, [0x33, 0xC9]),
			new(0x008AFB1B, [0xEB, 0x19]),
			new(0x008AFB44, [0x33, 0xC0, 0x90]),
			new(0x008AFC12, [0xEB, 0x3E]),
			new(0x008AFC80, [0xEB, 0x14]),
			new(0x008AFCB7, [0xEB, 0x42]),
			new(0x008AFF93, [0xEB, 0x19]),
			new(0x008AFFDA, [0x33, 0xC9, 0x90]),
			new(0x008B177B, [0xEB, 0x17]),
			new(0x008B17A3, [0x33, 0xC0]),
			new(0x008B18E3, [0xEB, 0x4B]),
			new(0x008B1970, [0xEB, 0x15]),
			new(0x008B19B2, [0xEB, 0x14]),
			new(0x008B19D9, [0xEB, 0x35]),
			new(0x008B1A7B, [0xEB, 0x1C]),
			new(0x008B1ABA, [0xEB, 0x31]),
			new(0x008B1B94, [0xEB, 0x0C]),
			new(0x008B1BC2, [0xEB, 0x1E]),
			new(0x008B1BE2, [0x33, 0xC0, 0x90]),
			new(0x008B1CA3, [0xEB, 0x1E]),
			new(0x008B1CEF, [0x33, 0xC9]),
			new(0x008B2C32, [0xEB, 0x46]),
			new(0x008B2CC8, [0xEB, 0x0C]),
			new(0x008B2CF4, [0xEB, 0x1C]),
			new(0x008B2D25, [0x90, 0x90]),
			new(0x008B2DF0, [0xEB, 0x1A]),
			new(0x008B2E34, [0xEB, 0x15]),
			new(0x008B2E4B, [0x33, 0xF6, 0x90]),
			new(0x008B3723, [0xEB, 0x21]),
			new(0x008B3755, [0x33, 0xC9]),
			new(0x008B3A9E, [0xEB, 0x16]),
			new(0x008B3AF8, [0xEB, 0x0C]),
			new(0x008B3B1E, [0x33, 0xC9, 0x90]),
			new(0x008B3BBA, [0xEB, 0x1D]),
			new(0x008B3C0A, [0x33, 0xC9, 0x90]),
			new(0x008B440C, [0xEB, 0x16]),
			new(0x008B444F, [0x33, 0xC9, 0x90]),
			new(0x008B45B7, [0xEB, 0x14]),
			new(0x008B45CF, [0xEB, 0x18]),
			new(0x008B460A, [0x33, 0xD2, 0x90]),
			new(0x008B46DD, [0xEB, 0x15]),
			new(0x008B4705, [0x90, 0x90]),
			new(0x008B4E22, [0xEB, 0x22]),
			new(0x008B4E59, [0xEB, 0x34]),
			new(0x008B4F5F, [0xEB, 0x15]),
			new(0x008B4F9B, [0xEB, 0x19]),
			new(0x008B4FC6, [0x33, 0xC9, 0x90]),
			new(0x008B81A2, [0xEB, 0x12]),
			new(0x008B81CE, [0xEB, 0x4C]),
			new(0x008B829F, [0xEB, 0x1D]),
			new(0x008B82CE, [0x33, 0xC9, 0x90]),
			new(0x008B8359, [0xEB, 0x3A]),
			new(0x008B83E9, [0xEB, 0x14]),
			new(0x008B8402, [0x90, 0x90]),
			new(0x008B9517, [0xEB, 0x1B]),
			new(0x008B9547, [0xEB, 0x34]),
			new(0x008BAC93, [0xEB, 0x15]),
			new(0x008BACC1, [0xEB, 0x21]),
			new(0x008BACF4, [0x33, 0xC9, 0x90]),
			new(0x008BAD73, [0xEB, 0x1E]),
			new(0x008BAE4F, [0x33, 0xC0, 0x90]),
			new(0x008BAF13, [0xEB, 0x0C]),
			new(0x008BAF31, [0xEB, 0x18]),
			new(0x008BAF5E, [0x33, 0xC9, 0x90]),
			new(0x008BB4FF, [0xEB, 0x15]),
			new(0x008BB531, [0xEB, 0x14]),
			new(0x008BB565, [0x33, 0xC9, 0x90]),
			new(0x008BB67C, [0xEB, 0x17]),
			new(0x008BB6B3, [0x33, 0xC9, 0x90]),
			new(0x008BBABF, [0xEB, 0x15]),
			new(0x008BBAE1, [0xEB, 0x10]),
			new(0x008BBB2C, [0x33, 0xC9, 0x90]),
			new(0x008BBC00, [0xEB, 0x14]),
			new(0x008BBC34, [0x33, 0xC9, 0x90]),
			new(0x008C2A29, [0xEB, 0x16]),
			new(0x008C2A41, [0x33, 0xD2, 0x90]),
			new(0x008C4AAE, [0xEB, 0x19]),
			new(0x008C4B16, [0x33, 0xC0, 0x90]),
			new(0x008C4C33, [0xEB, 0x1B]),
			new(0x008C4C5E, [0x33, 0xD2, 0x90]),
			new(0x008C4FB0, [0xEB, 0x13]),
			new(0x008C4FFF, [0x33, 0xD2]),
			new(0x008C535B, [0xEB, 0x21]),
			new(0x008C53A8, [0xEB, 0x14]),
			new(0x008C53E2, [0x33, 0xF6, 0x90]),
			new(0x008C7866, [0xEB, 0x17]),
			new(0x008C7882, [0xEB, 0x38]),
			new(0x008C7978, [0xEB, 0x1E]),
			new(0x008C7998, [0x33, 0xC0, 0x90]),
			new(0x008C7B0C, [0xEB, 0x1B]),
			new(0x008C7B47, [0x33, 0xC9, 0x90]),
			new(0x008C874A, [0xEB, 0x1A]),
			new(0x008C8794, [0x90, 0x90, 0x90, 0x90, 0x90, 0x90]),
			new(0x008C88E3, [0xEB, 0x21]),
			new(0x008C8914, [0x33, 0xC9, 0x90]),
			new(0x008C89E6, [0xEB, 0x17]),
			new(0x008C8A47, [0xEB, 0x15]),
			new(0x008C8A6C, [0x33, 0xC9, 0x90]),
			new(0x008C8C27, [0xEB, 0x3C]),
			new(0x008C8CA6, [0xEB, 0x15]),
			new(0x008C8CCA, [0xEB, 0x1A]),
			new(0x008C8D82, [0x90, 0x90]),
			new(0x008C8ECC, [0xEB, 0x17]),
			new(0x008C8EF6, [0x90, 0x90, 0x90, 0x90, 0x90, 0x90]),
			new(0x008C9095, [0xEB, 0x21]),
			new(0x008C9136, [0xEB, 0x46]),
			new(0x008C943C, [0xEB, 0x12]),
			new(0x008C9453, [0xEB, 0x39]),
			new(0x008C96C5, [0xEB, 0x4A]),
			new(0x008C973F, [0xEB, 0x25]),
			new(0x008C977A, [0x33, 0xC0]),
			new(0x008CA243, [0xEB, 0x1C]),
			new(0x008CA264, [0x33, 0xC0, 0x90]),
			new(0x008CA367, [0x33, 0xD2, 0x90]),
			new(0x008CA380, [0x33, 0xC0, 0x90]),
			new(0x008CA402, [0xEB, 0x19]),
			new(0x008CA497, [0xEB, 0x42]),
			new(0x008CA8D0, [0xEB, 0x16]),
			new(0x008CA900, [0x90, 0x90]),
			new(0x008CA9C6, [0xEB, 0x1E]),
			new(0x008CAA04, [0xEB, 0x37]),
			new(0x008CAAB9, [0xEB, 0x1D]),
			new(0x008CAB05, [0x33, 0xC0, 0x90]),
			new(0x008CB261, [0xEB, 0x16]),
			new(0x008CB289, [0x33, 0xD2, 0x90]),
			new(0x008CB36E, [0xEB, 0x0C]),
			new(0x008CB633, [0xEB, 0x1F]),
			new(0x008CB69A, [0x33, 0xC9]),
			new(0x008CB73F, [0xEB, 0x11]),
			new(0x008CB760, [0x33, 0xC9, 0x90]),
			new(0x008CB89D, [0xEB, 0x0C]),
			new(0x008CB8D5, [0xEB, 0x1D]),
			new(0x008CB903, [0x33, 0xD2]),
			new(0x008CBA2C, [0xEB, 0x15]),
			new(0x008CBA52, [0xEB, 0x1C]),
			new(0x008CBA8E, [0x33, 0xC9, 0x90]),
			new(0x008CBC02, [0xEB, 0x16]),
			new(0x008CBC38, [0x33, 0xC9, 0x90]),
			new(0x008CBE14, [0xEB, 0x1C]),
			new(0x008CBE50, [0x33, 0xC9, 0x90]),
			new(0x008CBF31, [0xEB, 0x0C]),
			new(0x008CBF60, [0xEB, 0x14]),
			new(0x008CBF76, [0x33, 0xFF, 0x90]),
			new(0x008CC239, [0xEB, 0x1F]),
			new(0x008CC299, [0x33, 0xC9, 0x90]),
			new(0x008CC442, [0xEB, 0x3B]),
			new(0x008CC4BA, [0xEB, 0x22]),
			new(0x008CC4E1, [0x90, 0x90]),
			new(0x008CC5FE, [0xEB, 0x3B]),
			new(0x008CC6A1, [0xEB, 0x15]),
			new(0x008CC705, [0xEB, 0x16]),
			new(0x008CC744, [0x33, 0xC9, 0x90]),
			new(0x008CC966, [0xEB, 0x14]),
			new(0x008CC9C1, [0xEB, 0x21]),
			new(0x008CCA02, [0x33, 0xC9, 0x90]),
			new(0x008CCD29, [0xEB, 0x20]),
			new(0x008CCD5B, [0x33, 0xC9, 0x90]),
			new(0x008CCE2D, [0xEB, 0x1A]),
			new(0x008CCE5A, [0xEB, 0x37]),
			new(0x008CCF2B, [0xEB, 0x1A]),
			new(0x008CCF69, [0x33, 0xC0, 0x90]),
			new(0x008CD10D, [0xEB, 0x18]),
			new(0x008CD145, [0x33, 0xC0, 0x90]),
			new(0x008CD1B4, [0xEB, 0x16]),
			new(0x008CD1DC, [0x33, 0xD2, 0x90]),
			new(0x008CD6D3, [0xEB, 0x11]),
			new(0x008CD704, [0x33, 0xC9, 0x90]),
			new(0x008CD93A, [0xEB, 0x0C]),
			new(0x008CD958, [0xEB, 0x22]),
			new(0x008CD999, [0x33, 0xF6, 0x90]),
			new(0x008CE8C3, [0xEB, 0x36]),
			new(0x008CE93E, [0xEB, 0x1A]),
			new(0x008CE95D, [0x33, 0xD2]),
			new(0x008CEA00, [0xEB, 0x1C]),
			new(0x008CEA21, [0x33, 0xC0]),
			new(0x008D0442, [0xEB, 0x3D]),
			new(0x008D04E2, [0xEB, 0x19]),
			new(0x008D051B, [0xEB, 0x49]),
			new(0x008D09CE, [0xEB, 0x0C]),
			new(0x008D0A8C, [0xEB, 0x1E]),
			new(0x008D0ACD, [0x33, 0xD2, 0x90]),
			new(0x008D0CE0, [0xEB, 0x19]),
			new(0x008D0D28, [0x33, 0xC0, 0x90]),
			new(0x008D20F2, [0xEB, 0x1C]),
			new(0x008D212E, [0x33, 0xD2, 0x90]),
			new(0x008D3973, [0xEB, 0x0C]),
			new(0x008D399A, [0xEB, 0x1D]),
			new(0x008D39CD, [0x33, 0xFF, 0x90]),
			new(0x008D3B05, [0xEB, 0x24]),
			new(0x008D3B39, [0x33, 0xC9, 0x90]),
			new(0x008D3CF3, [0xEB, 0x14]),
			new(0x008D3D19, [0x33, 0xD2, 0x90]),
			new(0x008D5A68, [0xEB, 0x1A]),
			new(0x008D5A9E, [0x33, 0xC0, 0x90]),
			new(0x008DD7BE, [0xEB, 0x19]),
			new(0x008DD7E5, [0x33, 0xD2, 0x90]),
			new(0x008DD9C9, [0xEB, 0x21]),
			new(0x008DD9FC, [0x33, 0xC9, 0x90]),
			new(0x008DDB49, [0xEB, 0x0C]),
			new(0x008DDB5A, [0xEB, 0x1D]),
			new(0x008DDB8C, [0x90, 0x90]),
			new(0x008DDCF1, [0xEB, 0x0C]),
			new(0x008DDD0F, [0xEB, 0x14]),
			new(0x008DDD33, [0x33, 0xC9, 0x90]),
			new(0x008DDF22, [0xEB, 0x15]),
			new(0x008DDF49, [0x33, 0xC9, 0x90]),
			new(0x008E0E92, [0xEB, 0x19]),
			new(0x008E0EDD, [0xEB, 0x14]),
			new(0x008E0EF3, [0x33, 0xF6, 0x90]),
			new(0x008E12B3, [0xEB, 0x0F]),
			new(0x008E12D4, [0x33, 0xC0, 0x90]),
			new(0x008E14B5, [0xEB, 0x1E]),
			new(0x008E14F7, [0x33, 0xC9]),
			new(0x008E1853, [0xEB, 0x0C]),
			new(0x008E18AA, [0xEB, 0x1A]),
			new(0x008E18C9, [0x33, 0xC0]),
			new(0x008E19F5, [0xEB, 0x0C]),
			new(0x008E1A1A, [0xEB, 0x15]),
			new(0x008E1A31, [0x33, 0xC0, 0x90]),
			new(0x008E1B6A, [0xEB, 0x18]),
			new(0x008E1BC1, [0x90, 0x90, 0x90, 0x90, 0x90, 0x90]),
			new(0x008E24F2, [0xEB, 0x16]),
			new(0x008E251B, [0x90, 0x90]),
			new(0x008E28F2, [0xEB, 0x0C]),
			new(0x008E2954, [0xEB, 0x1C]),
			new(0x008E2982, [0x33, 0xD2]),
			new(0x008E2B1D, [0xEB, 0x0C]),
			new(0x008E2B7F, [0xEB, 0x1B]),
			new(0x008E2BAF, [0x90, 0x90]),
			new(0x008E2C49, [0xEB, 0x14]),
			new(0x008E2C6E, [0x33, 0xD2]),
			new(0x008E3973, [0xEB, 0x0C]),
			new(0x008E39B8, [0xEB, 0x1F]),
			new(0x008E39DC, [0xEB, 0x34]),
			new(0x008E3AC5, [0xEB, 0x29]),
			new(0x008E3B02, [0x33, 0xD2]),
			new(0x008E3F96, [0xEB, 0x1C]),
			new(0x008E4306, [0x33, 0xC0, 0x90]),
			new(0x008E4437, [0xEB, 0x0C]),
			new(0x008E444D, [0xEB, 0x13]),
			new(0x008E4462, [0x33, 0xFF, 0x90]),
			new(0x008E46D6, [0xEB, 0x15]),
			new(0x008E470C, [0xEB, 0x1D]),
			new(0x008E473B, [0x33, 0xD2, 0x90]),
			new(0x008E4C12, [0xEB, 0x3D]),
			new(0x008E4CA7, [0xEB, 0x0C]),
			new(0x008E4CBD, [0xEB, 0x17]),
			new(0x008E4CE6, [0x33, 0xD2, 0x90]),
			new(0x008E5049, [0xEB, 0x1E]),
			new(0x008E50EF, [0x33, 0xD2, 0x90]),
			new(0x008E558B, [0xEB, 0x0C]),
			new(0x008E55A1, [0xEB, 0x19]),
			new(0x008E55D7, [0x33, 0xC9, 0x90]),
			new(0x008EB340, [0xEB, 0x15]),
			new(0x008EB368, [0xEB, 0x41]),
			new(0x008EB664, [0xEB, 0x1E]),
			new(0x008EB6A2, [0x33, 0xC9, 0x90]),
			new(0x008EC507, [0xEB, 0x0C]),
			new(0x008EC6BB, [0x90, 0x90, 0x90, 0x90, 0x90, 0x90]),
			new(0x008EC682, [0xEB, 0x23]),
			new(0x008ECB03, [0xEB, 0x1C]),
			new(0x008ECB68, [0x90, 0x90]),
			new(0x008EEF47, [0xEB, 0x14]),
			new(0x008EEF62, [0xEB, 0x21]),
			new(0x008EEF88, [0xEB, 0x36]),
			new(0x008EF012, [0xEB, 0x14]),
			new(0x008EF05A, [0xEB, 0x1C]),
			new(0x008EF0C1, [0xEB, 0x49]),
			new(0x008F3BE6, [0xEB, 0x14]),
			new(0x008F3DCC, [0xEB, 0x20]),
			new(0x008F3E00, [0xEB, 0x31]),
			new(0x008F655F, [0xEB, 0x15]),
			new(0x008F666E, [0x33, 0xF6, 0x90]),
			new(0x008FAF08, [0xEB, 0x1D]),
			new(0x008FAF7C, [0xEB, 0x42]),
			new(0x008FBF56, [0xEB, 0x1C]),
			new(0x008FBF87, [0x90, 0x90]),
			new(0x008FC147, [0xEB, 0x26]),
			new(0x008FC1B6, [0x33, 0xC9, 0x90]),
			new(0x00900035, [0xEB, 0x21]),
			new(0x00900251, [0x33, 0xC9, 0x90]),
			new(0x009006F7, [0xEB, 0x1B]),
			new(0x00900724, [0x33, 0xC9, 0x90]),
			new(0x009008B3, [0xEB, 0x1B]),
			new(0x00900988, [0x33, 0xC9, 0x90]),
			new(0x00901163, [0xEB, 0x22]),
			new(0x009011AE, [0x33, 0xC0, 0x90]),
			new(0x00901414, [0xEB, 0x25]),
			new(0x00901642, [0xEB, 0x54]),
			new(0x00907BA3, [0xEB, 0x47]),
			new(0x00907C1D, [0xEB, 0x17]),
			new(0x00907C36, [0x33, 0xF6, 0x90]),
			new(0x00907DC8, [0xEB, 0x1F]),
			new(0x00907E14, [0x33, 0xC0, 0x90]),
			new(0x0090E66F, [0xEB, 0x14]),
			new(0x0090E6BD, [0xEB, 0x17]),
			new(0x0090E6E6, [0x33, 0xC9, 0x90]),
			new(0x0090E775, [0xEB, 0x14]),
			new(0x0090E78E, [0xEB, 0x20]),
			new(0x0090E7C5, [0x33, 0xC0]),
			new(0x00911231, [0xEB, 0x18]),
			new(0x00911258, [0x33, 0xF6, 0x90]),
			new(0x00912D4B, [0xEB, 0x0C]),
			new(0x00912D61, [0xEB, 0x15]),
			new(0x00912D88, [0x33, 0xD2, 0x90]),
			new(0x00912F1A, [0xEB, 0x19]),
			new(0x00912F53, [0x33, 0xC9, 0x90]),
			new(0x009132FE, [0xEB, 0x16]),
			new(0x00913319, [0xEB, 0x32]),
			new(0x00913552, [0xEB, 0x0F]),
			new(0x00913576, [0xEB, 0x3B]),
			new(0x009156CA, [0xEB, 0x14]),
			new(0x00915701, [0x33, 0xC0]),
			new(0x009159A4, [0xEB, 0x16]),
			new(0x009159CC, [0x33, 0xC0, 0x90]),
			new(0x00915DF4, [0xEB, 0x0C]),
			new(0x00915E22, [0xEB, 0x17]),
			new(0x00915E5E, [0x33, 0xC9]),
			new(0x00917F2E, [0xEB, 0x41]),
			new(0x009184D2, [0xEB, 0x21]),
			new(0x00918D06, [0x33, 0xC0, 0x90]),
			new(0x0091C6A7, [0xEB, 0x41]),
			new(0x0091C761, [0xEB, 0x18]),
			new(0x0091C77E, [0x33, 0xD2, 0x90]),
			new(0x0091CAF4, [0xEB, 0x0C]),
			new(0x0091CB05, [0xEB, 0x29]),
			new(0x0091CB51, [0xEB, 0x37]),
			new(0x0091CD8D, [0xEB, 0x1E]),
			new(0x0091CDBB, [0x33, 0xC9, 0x90]),
			new(0x0091D8C2, [0xEB, 0x37]),
			new(0x0091D936, [0xEB, 0x1C]),
			new(0x0091D97D, [0xEB, 0x0C]),
			new(0x0091D99B, [0x33, 0xC9, 0x90]),
			new(0x0091DD76, [0xEB, 0x19]),
			new(0x0091DDAF, [0x33, 0xD2, 0x90]),
			new(0x0091EFEE, [0xEB, 0x19]),
			new(0x0091F00C, [0x33, 0xC9]),
			new(0x0091F88B, [0xEB, 0x1E]),
			new(0x0091F8C9, [0x33, 0xD2, 0x90]),
			new(0x0091FDD6, [0xEB, 0x1E]),
			new(0x0091FE17, [0xEB, 0x30]),
			new(0x0091FE9A, [0xEB, 0x1D]),
			new(0x0091FF77, [0xEB, 0x0C]),
			new(0x0091FF95, [0x33, 0xD2, 0x90]),
			new(0x0092041D, [0xEB, 0x1F]),
			new(0x00920628, [0x33, 0xC0, 0x90]),
			new(0x00920E93, [0xEB, 0x22]),
			new(0x00920EC5, [0x33, 0xD2, 0x90]),
			new(0x00920F93, [0xEB, 0x14]),
			new(0x00920FCE, [0x90, 0x90, 0x90, 0x90, 0x90, 0x90]),
			new(0x00921862, [0xEB, 0x39]),
			new(0x009218FC, [0xEB, 0x14]),
			new(0x0092191A, [0xEB, 0x1A]),
			new(0x00921939, [0x33, 0xC0, 0x90]),
			new(0x00921D7B, [0xEB, 0x1B]),
			new(0x00922498, [0xEB, 0x34]),
			new(0x0092259D, [0xEB, 0x1C]),
			new(0x00922699, [0x33, 0xF6, 0x90]),
			new(0x009227DF, [0xEB, 0x1E]),
			new(0x009227FF, [0x33, 0xC9, 0x90]),
			new(0x00922E95, [0xEB, 0x19]),
			new(0x00922EDC, [0x33, 0xC9, 0x90]),
			new(0x009235FB, [0xEB, 0x35]),
			new(0x0092369B, [0xEB, 0x15]),
			new(0x00923712, [0xEB, 0x15]),
			new(0x00923967, [0x33, 0xF6, 0x90]),
			new(0x00923A6B, [0xEB, 0x14]),
			new(0x00923A93, [0xEB, 0x2F]),
			new(0x00923B00, [0x90, 0x90, 0x90, 0x90, 0x90, 0x90]),
			new(0x00923DFE, [0xEB, 0x17]),
			new(0x00923E31, [0xEB, 0x51]),
			new(0x00924127, [0xEB, 0x1C]),
			new(0x00924169, [0x33, 0xC0, 0x90]),
			new(0x00924401, [0xEB, 0x15]),
			new(0x00924442, [0xEB, 0x22]),
			new(0x00924A63, [0x90, 0x90, 0x90, 0x90, 0x90, 0x90]),
			new(0x00924C86, [0xEB, 0x1B]),
			new(0x00924DAC, [0xEB, 0x36]),
			new(0x0092595A, [0xEB, 0x15]),
			new(0x0092598F, [0x33, 0xC9, 0x90]),
			new(0x00925A9B, [0xEB, 0x46]),
			new(0x00925B03, [0xEB, 0x17]),
			new(0x00925B3E, [0x33, 0xD2, 0x90]),
			new(0x00925C0C, [0xEB, 0x0C]),
			new(0x00925C3D, [0xEB, 0x1A]),
			new(0x00925C77, [0x33, 0xC0, 0x90]),
			new(0x009266FB, [0xEB, 0x1A]),
			new(0x0092674F, [0xEB, 0x15]),
			new(0x00926768, [0x33, 0xC0, 0x90]),
			new(0x0092678D, [0x33, 0xC9, 0x90]),
			new(0x00926A7B, [0x33, 0xD2, 0x90]),
			new(0x00926C4D, [0x33, 0xDB, 0x90]),
			new(0x0092700F, [0xEB, 0x1A]),
			new(0x00927042, [0x90, 0x90, 0x90, 0x90, 0x90, 0x90]),
			new(0x00927DE3, [0xEB, 0x16]),
			new(0x00927E27, [0x33, 0xD2, 0x90]),
			new(0x00927FFD, [0xEB, 0x17]),
			new(0x009281F7, [0x33, 0xC9, 0x90]),
			new(0x00928A08, [0xEB, 0x37]),
			new(0x00928A6C, [0xEB, 0x19]),
			new(0x00928B40, [0x33, 0xC9]),
			new(0x00929055, [0xEB, 0x19]),
			new(0x009290B1, [0x33, 0xD2, 0x90]),
			new(0x00929AB0, [0xEB, 0x17]),
			new(0x00929ACC, [0x33, 0xC0]),
			new(0x0092B215, [0xEB, 0x22]),
			new(0x0092B264, [0x33, 0xC9, 0x90]),
			new(0x0092B6B8, [0xEB, 0x25]),
			new(0x0092BC86, [0x33, 0xC9, 0x90]),
			new(0x0092C0DF, [0xEB, 0x0F]),
			new(0x0092C13E, [0x33, 0xC9, 0x90]),
			new(0x0092C230, [0xEB, 0x1A]),
			new(0x0092C2CD, [0x33, 0xD2, 0x90]),
			new(0x0092C5BB, [0xEB, 0x15]),
			new(0x0092C613, [0xEB, 0x1E]),
			new(0x0092C642, [0x33, 0xC9]),
			new(0x0092C839, [0xEB, 0x20]),
			new(0x0092C8BA, [0x33, 0xC9, 0x90]),
			new(0x0092D24E, [0xEB, 0x1A]),
			new(0x0092D26A, [0x33, 0xC0, 0x90]),
			new(0x0092DAEB, [0xEB, 0x3C]),
			new(0x0092DB5E, [0xEB, 0x19]),
			new(0x0092DB9A, [0x33, 0xD2]),
			new(0x0092DE5C, [0xEB, 0x1E]),
			new(0x0092DEA3, [0xEB, 0x33]),
			new(0x0092E0C2, [0xEB, 0x22]),
			new(0x0092E0E6, [0x33, 0xF6, 0x90]),
			new(0x0092E5C3, [0xEB, 0x0F]),
			new(0x0092E66E, [0x33, 0xD2, 0x90]),
			new(0x0092F91F, [0xEB, 0x15]),
			new(0x0092F94C, [0xEB, 0x23]),
			new(0x0092F991, [0x33, 0xD2, 0x90]),
			new(0x0092FD5A, [0xEB, 0x20]),
			new(0x0092FD8A, [0x33, 0xC9, 0x90]),
			new(0x0093026A, [0xEB, 0x14]),
			new(0x009302A8, [0xEB, 0x15]),
			new(0x009302CD, [0x33, 0xC9, 0x90]),
			new(0x0093039C, [0xEB, 0x1D]),
			new(0x009303CB, [0x90, 0x90]),
			new(0x00930FBA, [0xEB, 0x0C]),
			new(0x00930FE7, [0xEB, 0x1D]),
			new(0x009313B3, [0x33, 0xD2, 0x90]),
			new(0x00931536, [0xEB, 0x15]),
			new(0x00931555, [0xEB, 0x18]),
			new(0x00931572, [0x90, 0x90]),
			new(0x00931B8F, [0xEB, 0x19]),
			new(0x00931CA6, [0x33, 0xD2, 0x90]),
			new(0x00931D72, [0xEB, 0x27]),
			new(0x00931ED5, [0xEB, 0x0C]),
			new(0x00931EF4, [0x90, 0x90]),
			new(0x00933B28, [0xEB, 0x1F]),
			new(0x00933B6E, [0x33, 0xC0, 0x90]),
			new(0x00933BBE, [0x33, 0xD2, 0x90]),
			new(0x00933C13, [0x33, 0xC0, 0x90]),
			new(0x00933CCA, [0x33, 0xC9, 0x90]),
			new(0x00933CDD, [0x33, 0xF6, 0x90]),
			new(0x00938600, [0xEB, 0x1C]),
			new(0x0093862B, [0x33, 0xD2, 0x90]),
			new(0x00939CE1, [0xEB, 0x19]),
			new(0x00939CFC, [0x33, 0xD2, 0x90]),
			new(0x00939DA4, [0xEB, 0x23]),
			new(0x00939E04, [0x33, 0xC9, 0x90]),
			new(0x00939F9C, [0xEB, 0x1B]),
			new(0x00939FD7, [0x33, 0xC0, 0x90]),
			new(0x0093A137, [0xEB, 0x15]),
			new(0x0093A173, [0xEB, 0x19]),
			new(0x0093A1BE, [0x33, 0xC0, 0x90]),
			new(0x0093A3ED, [0xEB, 0x39]),
			new(0x0093A4FC, [0xEB, 0x15]),
			new(0x0093A92C, [0xEB, 0x23]),
			new(0x0093AA0E, [0x33, 0xD2, 0x90]),
			new(0x0093ABB9, [0xEB, 0x21]),
			new(0x0093AC41, [0x33, 0xD2, 0x90]),
			new(0x0093B448, [0xEB, 0x1F]),
			new(0x0093B481, [0xEB, 0x42]),
			new(0x0093B6B8, [0xEB, 0x18]),
			new(0x0093B6D5, [0x33, 0xC0]),
			new(0x0093BB0F, [0xEB, 0x29]),
			new(0x0093BCE4, [0x33, 0xC0, 0x90]),
			new(0x0093BE16, [0xEB, 0x38]),
			new(0x0093BEB5, [0xEB, 0x23]),
			new(0x0093BF06, [0x33, 0xD2, 0x90]),
			new(0x0093C726, [0xEB, 0x26]),
			new(0x0093C76E, [0xEB, 0x38]),
			new(0x0093D03A, [0xEB, 0x1B]),
			new(0x0093D08F, [0xEB, 0x0C]),
			new(0x0093D0A0, [0x33, 0xC0, 0x90]),
			new(0x0093D8E9, [0xEB, 0x20]),
			new(0x0093D929, [0x33, 0xC9, 0x90]),
			new(0x0093E4F6, [0xEB, 0x1C]),
			new(0x0093E533, [0xEB, 0x45]),
			new(0x0093E687, [0xEB, 0x15]),
			new(0x0093E6DE, [0xEB, 0x17]),
			new(0x0093E709, [0x33, 0xC0, 0x90]),
			new(0x0093EA5C, [0xEB, 0x0C]),
			new(0x0093EA78, [0xEB, 0x1A]),
			new(0x0093EAA2, [0x33, 0xD2, 0x90]),
			new(0x0093F516, [0xEB, 0x0C]),
			new(0x0093F530, [0xEB, 0x1A]),
			new(0x0093F572, [0x33, 0xD2, 0x90]),
			new(0x009406E8, [0xEB, 0x0C]),
			new(0x00940755, [0xEB, 0x1D]),
			new(0x00940787, [0x90, 0x90]),
			new(0x0094089D, [0xEB, 0x1E]),
			new(0x009408F8, [0xEB, 0x0C]),
			new(0x00940913, [0x33, 0xC0, 0x90]),
			new(0x00940D15, [0xEB, 0x16]),
			new(0x00940D40, [0xEB, 0x41]),
			new(0x009410B4, [0xEB, 0x3C]),
			new(0x0094112D, [0xEB, 0x1A]),
			new(0x0094115C, [0xEB, 0x49]),
			new(0x00941377, [0xEB, 0x28]),
			new(0x009413A4, [0xEB, 0x33]),
			new(0x009417DB, [0xEB, 0x1C]),
			new(0x00941817, [0x33, 0xC9, 0x90]),
			new(0x00941AAB, [0xEB, 0x14]),
			new(0x00941AE9, [0xEB, 0x26]),
			new(0x00941B21, [0x33, 0xC0, 0x90]),
			new(0x00941FF1, [0xEB, 0x3A]),
			new(0x0094204E, [0xEB, 0x1B]),
			new(0x00942078, [0x33, 0xC9, 0x90]),
			new(0x009420FB, [0xEB, 0x24]),
			new(0x0094212E, [0x33, 0xC9, 0x90]),
			new(0x009422A2, [0xEB, 0x22]),
			new(0x009422C6, [0x33, 0xD2, 0x90]),
			new(0x0094233D, [0xEB, 0x17]),
			new(0x00942367, [0xEB, 0x48]),
			new(0x009424CC, [0xEB, 0x1C]),
			new(0x009424FA, [0x33, 0xC9, 0x90]),
			new(0x00942615, [0xEB, 0x16]),
			new(0x00942630, [0x33, 0xC9]),
			new(0x0094274B, [0xEB, 0x1C]),
			new(0x0094278A, [0xEB, 0x35]),
			new(0x00942889, [0xEB, 0x16]),
			new(0x009428BF, [0x33, 0xC9, 0x90]),
			new(0x00942997, [0xEB, 0x15]),
			new(0x009429E6, [0xEB, 0x1C]),
			new(0x00942A17, [0x90, 0x90, 0x90, 0x90, 0x90, 0x90]),
			new(0x00942B5F, [0xEB, 0x1A]),
			new(0x00942BA3, [0xEB, 0x14]),
			new(0x00942BC9, [0x33, 0xC0, 0x90]),
			new(0x009470AE, [0xEB, 0x15]),
			new(0x009470C5, [0x33, 0xD2, 0x90]),
			new(0x00947214, [0xEB, 0x3E]),
			new(0x0094729A, [0xEB, 0x19]),
			new(0x009472D3, [0x33, 0xC0, 0x90]),
			new(0x0094772E, [0xEB, 0x16]),
			new(0x00947749, [0x33, 0xC0, 0x90]),
			new(0x0094A0BF, [0xEB, 0x1E]),
			new(0x0094AD1E, [0x33, 0xC0, 0x90]),
			new(0x0094CF3A, [0xEB, 0x1C]),
			new(0x0094CF8B, [0x33, 0xD2, 0x90, 0x90, 0x90, 0x90]),
			new(0x0094D0DC, [0xEB, 0x1E]),
			new(0x0094D151, [0x33, 0xD2, 0x90, 0x90, 0x90, 0x90]),
			new(0x0094D2A2, [0xEB, 0x0F]),
			new(0x0094D2FC, [0xEB, 0x2B]),
			new(0x0094D6D7, [0xEB, 0x1E]),
			new(0x0094D743, [0xEB, 0x36]),
			new(0x0094DA32, [0xEB, 0x25]),
			new(0x0094DA9D, [0xEB, 0x2A]),
			new(0x0094DBF0, [0xEB, 0x1F]),
			new(0x0094DC4C, [0x33, 0xC9, 0x90, 0x90, 0x90, 0x90]),
			new(0x0094DD80, [0xEB, 0x3B]),
			new(0x0094DE10, [0xEB, 0x15]),
			new(0x0094DE5E, [0xEB, 0x14]),
			new(0x0094DEC0, [0x33, 0xC9, 0x90, 0x90, 0x90, 0x90]),
			new(0x0094DFC5, [0xEB, 0x15]),
			new(0x0094DFDE, [0xEB, 0x18]),
			new(0x0094E042, [0x33, 0xC9, 0x90, 0x90, 0x90, 0x90]),
			new(0x0094E17C, [0xEB, 0x1B]),
			new(0x0094E1EC, [0x33, 0xD2, 0x90, 0x90, 0x90, 0x90]),
			new(0x0094E4AD, [0xEB, 0x1B]),
			new(0x0094E4CA, [0x33, 0xC0, 0x90]),
			new(0x0094E5E7, [0xEB, 0x15]),
			new(0x0094E624, [0xEB, 0x1C]),
			new(0x0094E660, [0x33, 0xC9, 0x90]),
			new(0x0094E8F1, [0xEB, 0x15]),
			new(0x0094E925, [0xEB, 0x1D]),
			new(0x0094E947, [0xEB, 0x4A]),
			new(0x0094EAB5, [0xEB, 0x1D]),
			new(0x0094EB00, [0x33, 0xC9, 0x90]),
			new(0x0094EC89, [0xEB, 0x1E]),
			new(0x0094ECB7, [0x33, 0xD2, 0x90]),
			new(0x0094EDD4, [0xEB, 0x15]),
			new(0x0094EDEE, [0xEB, 0x1E]),
			new(0x0094EE2A, [0x33, 0xC0, 0x90]),
			new(0x0094F028, [0xEB, 0x1E]),
			new(0x0094F04B, [0xEB, 0x48]),
			new(0x0094F19A, [0xEB, 0x1D]),
			new(0x0094F1F7, [0x90, 0x90]),
			new(0x0094F280, [0xEB, 0x3D]),
			new(0x0094F2FF, [0xEB, 0x12]),
			new(0x0094F334, [0xEB, 0x32]),
			new(0x0094F3F1, [0xEB, 0x0C]),
			new(0x0094F414, [0xEB, 0x19]),
			new(0x0094F45F, [0x33, 0xC9, 0x90]),
			new(0x0094F70A, [0xEB, 0x14]),
			new(0x0094F740, [0x90, 0x90]),
			new(0x0094FB45, [0xEB, 0x15]),
			new(0x0094FB7A, [0x33, 0xC9, 0x90]),
			new(0x009512C3, [0xEB, 0x1C]),
			new(0x009512E1, [0x33, 0xD2, 0x90]),
			new(0x0095143C, [0xEB, 0x0C]),
			new(0x00951466, [0xEB, 0x21]),
			new(0x00951489, [0x33, 0xF6, 0x90]),
			new(0x0095153C, [0xEB, 0x18]),
			new(0x00951577, [0x33, 0xD2, 0x90]),
			new(0x00951636, [0xEB, 0x0C]),
			new(0x0095166B, [0xEB, 0x1A]),
			new(0x00951695, [0x33, 0xC0, 0x90]),
			new(0x0095172A, [0xEB, 0x22]),
			new(0x0095174E, [0x33, 0xD2, 0x90]),
			new(0x009517EA, [0xEB, 0x38]),
			new(0x0095184F, [0xEB, 0x1B]),
			new(0x0095188E, [0x33, 0xD2, 0x90]),
			new(0x009519AE, [0xEB, 0x19]),
			new(0x009519DA, [0x90, 0x90]),
			new(0x00951AF8, [0xEB, 0x24]),
			new(0x00951B2E, [0x33, 0xC0, 0x90]),
			new(0x00951C60, [0xEB, 0x15]),
			new(0x00951CA2, [0x33, 0xC9, 0x90]),
			new(0x00951DA6, [0xEB, 0x14]),
			new(0x00951DDE, [0x33, 0xC9, 0x90]),
			new(0x00952012, [0xEB, 0x1B]),
			new(0x0095203F, [0x33, 0xC0, 0x90]),
			new(0x009522FA, [0xEB, 0x19]),
			new(0x00952333, [0x33, 0xC9, 0x90]),
			new(0x00952407, [0xEB, 0x3E]),
			new(0x00952474, [0xEB, 0x1E]),
			new(0x009524A5, [0xEB, 0x31]),
			new(0x0095259D, [0xEB, 0x1A]),
			new(0x009525C7, [0x33, 0xFF, 0x90]),
			new(0x00952769, [0xEB, 0x0C]),
			new(0x0095278C, [0xEB, 0x20]),
			new(0x009527BE, [0x33, 0xC0, 0x90]),
			new(0x0095286D, [0xEB, 0x17]),
			new(0x009528AA, [0x33, 0xD2, 0x90]),
			new(0x0095294C, [0xEB, 0x17]),
			new(0x00952986, [0x90, 0x90]),
			new(0x00952A49, [0xEB, 0x1B]),
			new(0x00952A74, [0x33, 0xD2, 0x90]),
			new(0x00952B39, [0xEB, 0x20]),
			new(0x00952B99, [0xEB, 0x46]),
			new(0x00952C8F, [0xEB, 0x15]),
			new(0x00952CA8, [0xEB, 0x21]),
			new(0x00952CD9, [0x33, 0xC9, 0x90]),
			new(0x00952D79, [0xEB, 0x1B]),
			new(0x00952D99, [0xEB, 0x31]),
			new(0x00952E30, [0xEB, 0x17]),
			new(0x00952E68, [0x90, 0x90]),
			new(0x00952F5D, [0xEB, 0x17]),
			new(0x00952FB2, [0x33, 0xC9, 0x90]),
			new(0x00953073, [0xEB, 0x1B]),
			new(0x0095309E, [0x33, 0xC9, 0x90]),
			new(0x00953182, [0xEB, 0x16]),
			new(0x009531D8, [0xEB, 0x43]),
			new(0x00953513, [0xEB, 0x20]),
			new(0x00953549, [0x33, 0xC9, 0x90]),
			new(0x0095367F, [0xEB, 0x25]),
			new(0x009536B6, [0x33, 0xC9, 0x90]),
			new(0x00953860, [0xEB, 0x1B]),
			new(0x0095389B, [0x33, 0xD2, 0x90]),
			new(0x009539D3, [0xEB, 0x19]),
			new(0x00953A0C, [0x33, 0xC9, 0x90]),
			new(0x00953AF3, [0xEB, 0x14]),
			new(0x00953B27, [0x33, 0xC9, 0x90]),
			new(0x00954191, [0xEB, 0x16]),
			new(0x009541BC, [0xEB, 0x3E]),
			new(0x0095427A, [0xEB, 0x1E]),
			new(0x009542B9, [0x33, 0xC0, 0x90]),
			new(0x009553BA, [0xEB, 0x1B]),
			new(0x009553E5, [0x33, 0xD2, 0x90]),
			new(0x009554D5, [0xEB, 0x50]),
			new(0x00955562, [0xEB, 0x0C]),
			new(0x0095558E, [0xEB, 0x16]),
			new(0x009555C4, [0x33, 0xD2, 0x90]),
			new(0x009556DF, [0xEB, 0x0C]),
			new(0x00955743, [0xEB, 0x19]),
			new(0x00955771, [0x90, 0x90]),
			new(0x00955853, [0xEB, 0x14]),
			new(0x00955869, [0x33, 0xC0, 0x90]),
			new(0x00956433, [0xEB, 0x11]),
			new(0x00956449, [0xEB, 0x3C]),
			new(0x0095651B, [0xEB, 0x23]),
			new(0x0095655E, [0x33, 0xC9, 0x90]),
			new(0x00956E4A, [0xEB, 0x15]),
			new(0x00956E63, [0xEB, 0x1B]),
			new(0x00956E90, [0x33, 0xC9, 0x90]),
			new(0x00956F7D, [0xEB, 0x1A]),
			new(0x00956FAC, [0xEB, 0x34]),
			new(0x009570DB, [0xEB, 0x18]),
			new(0x00957170, [0x33, 0xC9, 0x90]),
			new(0x00957252, [0xEB, 0x19]),
			new(0x0095728D, [0x33, 0xC0]),
			new(0x009631EE, [0xEB, 0x1D]),
			new(0x00963822, [0x33, 0xC0, 0x90]),
			new(0x00963963, [0xEB, 0x16]),
			new(0x00963999, [0x33, 0xC0, 0x90]),
			new(0x00963B08, [0xEB, 0x1E]),
			new(0x00963B55, [0x33, 0xC0, 0x90]),
			new(0x00963CA3, [0xEB, 0x1C]),
			new(0x00963CEC, [0x33, 0xC0, 0x90]),
			new(0x00963E65, [0xEB, 0x1D]),
			new(0x00963EAD, [0x33, 0xF6, 0x90]),
			new(0x00963FF9, [0xEB, 0x26]),
			new(0x00964031, [0x33, 0xC0, 0x90]),
			new(0x009642D9, [0xEB, 0x1C]),
			new(0x00964307, [0x33, 0xC0, 0x90]),
			new(0x009644B4, [0xEB, 0x1D]),
			new(0x00964506, [0x33, 0xC0, 0x90]),
			new(0x009648A1, [0xEB, 0x19]),
			new(0x009648CB, [0x33, 0xD2]),
			new(0x00965086, [0xEB, 0x14]),
			new(0x009650C8, [0x33, 0xC9, 0x90]),
			new(0x00965237, [0xEB, 0x3A]),
			new(0x009652B4, [0xEB, 0x19]),
			new(0x009652E2, [0xEB, 0x32]),
			new(0x00965DF9, [0xEB, 0x0C]),
			new(0x00965E2B, [0xEB, 0x18]),
			new(0x00965E54, [0x33, 0xC9]),
			new(0x00965FCA, [0xEB, 0x14]),
			new(0x00965FE3, [0xEB, 0x1F]),
			new(0x00966017, [0x90, 0x90]),
			new(0x0096B079, [0xEB, 0x18]),
			new(0x0096B0A9, [0x90, 0x90]),
			new(0x0096B266, [0xEB, 0x18]),
			new(0x0096B2A1, [0x90, 0x90]),
			new(0x0096B33C, [0xEB, 0x0C]),
			new(0x0096B3A7, [0xEB, 0x1C]),
			new(0x0096B3C8, [0x90, 0x90]),
			new(0x0096B6E3, [0xEB, 0x15]),
			new(0x0096B719, [0xEB, 0x16]),
			new(0x0096B731, [0x33, 0xD2, 0x90]),
			new(0x0096B7DA, [0xEB, 0x14]),
			new(0x0096B805, [0xEB, 0x18]),
			new(0x0096B871, [0x33, 0xD2, 0x90]),
			new(0x0096B905, [0xEB, 0x14]),
			new(0x0096B94C, [0xEB, 0x18]),
			new(0x0096B976, [0x33, 0xC9, 0x90]),
			new(0x0096B9EC, [0xEB, 0x1D]),
			new(0x0096BA74, [0x33, 0xC9, 0x90]),
			new(0x0096BEC5, [0xEB, 0x1D]),
			new(0x0096BEE4, [0x33, 0xFF, 0x90]),
			new(0x0096BF8E, [0xEB, 0x14]),
			new(0x0096BFE2, [0xEB, 0x14]),
			new(0x0096BFF8, [0x33, 0xFF, 0x90]),
			new(0x0096C092, [0xEB, 0x0C]),
			new(0x0096C0C8, [0xEB, 0x1D]),
			new(0x0096C104, [0x33, 0xC9]),
			new(0x0096C1F1, [0xEB, 0x19]),
			new(0x0096C20F, [0x33, 0xC0]),
			new(0x0096C309, [0xEB, 0x16]),
			new(0x0096C33F, [0x33, 0xC0, 0x90]),
			new(0x0096ED94, [0xEB, 0x39]),
			new(0x0096EE2E, [0xEB, 0x1A]),
			new(0x0096EE5B, [0x90, 0x90]),
			new(0x0096F0C0, [0xEB, 0x0C]),
			new(0x0096F0D6, [0xEB, 0x1F]),
			new(0x0096F105, [0x33, 0xC9, 0x90]),
			new(0x0096F38D, [0xEB, 0x23]),
			new(0x0096F4FD, [0xEB, 0x38]),
			new(0x0096F6FD, [0xEB, 0x10]),
			new(0x0096F84C, [0x33, 0xC9, 0x90]),
			new(0x0096F9D0, [0xEB, 0x1D]),
			new(0x0096FA0E, [0x33, 0xC9, 0x90]),
			new(0x0096FA76, [0xEB, 0x15]),
			new(0x0096FAB2, [0xEB, 0x14]),
			new(0x0096FAD8, [0x33, 0xC9, 0x90]),
			new(0x0096FCE0, [0xEB, 0x15]),
			new(0x0096FD20, [0xEB, 0x0C]),
			new(0x0096FD4B, [0x33, 0xF6, 0x90]),
			new(0x0096FFF6, [0xEB, 0x23]),
			new(0x0097003C, [0x90, 0x90]),
			new(0x009700EB, [0xEB, 0x1C]),
			new(0x00970118, [0x33, 0xC9]),
			new(0x009701F5, [0xEB, 0x24]),
			new(0x0097022B, [0x33, 0xC9, 0x90]),
			new(0x00970303, [0xEB, 0x15]),
			new(0x00970331, [0xEB, 0x16]),
			new(0x0097036C, [0x33, 0xC9, 0x90]),
			new(0x009704C3, [0xEB, 0x18]),
			new(0x009704EF, [0x33, 0xC9, 0x90]),
			new(0x00970591, [0xEB, 0x16]),
			new(0x009705B9, [0x33, 0xC0, 0x90]),
			new(0x009706C9, [0xEB, 0x19]),
			new(0x0097071F, [0x33, 0xC9, 0x90]),
			new(0x009708A0, [0xEB, 0x15]),
			new(0x009708BA, [0x90, 0x90, 0x90, 0x90, 0x90, 0x90]),
			new(0x00970A70, [0xEB, 0x1C]),
			new(0x00970AA1, [0xEB, 0x34]),
			new(0x0097116B, [0xEB, 0x19]),
			new(0x009711A4, [0x33, 0xC9, 0x90]),
			new(0x009715B0, [0xEB, 0x1D]),
			new(0x0097160F, [0x33, 0xC0, 0x90]),
			new(0x009717B5, [0xEB, 0x0C]),
			new(0x0097184C, [0xEB, 0x14]),
			new(0x00971862, [0x33, 0xC9, 0x90]),
			new(0x00971A84, [0xEB, 0x1C]),
			new(0x00971AA5, [0xEB, 0x3D]),
			new(0x00972685, [0xEB, 0x38]),
			new(0x009726EB, [0xEB, 0x21]),
			new(0x0097272D, [0x33, 0xC9, 0x90]),
			new(0x00972762, [0x33, 0xF6, 0x90]),
			new(0x00972892, [0xEB, 0x23]),
			new(0x009728C5, [0x33, 0xD2, 0x90]),
			new(0x00972B8D, [0xEB, 0x15]),
			new(0x00972BB5, [0x33, 0xC0]),
			new(0x00973837, [0xEB, 0x23]),
			new(0x0097386D, [0xEB, 0x4D]),
			new(0x00973A9B, [0xEB, 0x1A]),
			new(0x00973AC8, [0xEB, 0x3C]),
			new(0x00975344, [0xEB, 0x46]),
			new(0x009754AE, [0xEB, 0x18]),
			new(0x009754C8, [0x33, 0xFF, 0x90]),
			new(0x009756E4, [0x33, 0xD2, 0x90]),
			new(0x00975754, [0x33, 0xF6, 0x90]),
			new(0x009760AD, [0x33, 0xC0, 0x90]),
			new(0x0097619E, [0xEB, 0x1B]),
			new(0x009761DB, [0x33, 0xD2, 0x90]),
			new(0x009762DF, [0xEB, 0x16]),
			new(0x00976318, [0xEB, 0x3D]),
			new(0x00976DC2, [0xEB, 0x16]),
			new(0x00976E25, [0x90, 0x90]),
		];
    }
}